"eco_values","species","latitude","longitude","date_obs","source","Temperatur","Moisture","Landcover","Landforms","Climate_Re","Red","Green","Blue","W_Ecosystm","color","elevation","occurrence_id","tmax_mean_c","prec_annual_mm","tas_cur_november_c","tas_fut_november_c","delta_tas_november_c","lc_value_2020","lc_value_2024","urban_2020","urban_2024","prop_forest_2020","prop_forest_2024","delta_forest"
96,"Rhinolophus ferrumequinum",42.58263,2.33091,2021-01-26,"gbif","Cool Temperate","Moist","Shrubland","Mountains","Cool Temperate Moist",35,83,0,"Cool Temperate Moist Shrubland on Mountains","#235300",927,1,15.1192307692308,77.4615384615385,6.85000000000002,7.95000000000005,1.10000000000002,10,10,0,0,0.142857142857143,0.357142857142857,0.214285714285714
96,"Rhinolophus ferrumequinum",42.58263,2.33091,2022-01-20,"gbif","Cool Temperate","Moist","Shrubland","Mountains","Cool Temperate Moist",35,83,0,"Cool Temperate Moist Shrubland on Mountains","#235300",927,2,15.1192307692308,77.4615384615385,6.85000000000002,7.95000000000005,1.10000000000002,10,10,0,0,0.142857142857143,0.357142857142857,0.214285714285714
96,"Barbastella barbastellus",44.347362,3.842634,2024-06-02,"gbif","Cool Temperate","Moist","Shrubland","Mountains","Cool Temperate Moist",35,83,0,"Cool Temperate Moist Shrubland on Mountains","#235300",1211,3,12.1576923076923,88.8461538461538,3.85000000000002,5.05000000000001,1.19999999999999,8,8,0,0,0.6,0.6,0
97,"Barbastella barbastellus",46.144677,5.898177,2025-07-19,"gbif","Cool Temperate","Moist","Forest","Mountains","Cool Temperate Moist",6,64,0,"Cool Temperate Moist Forest on Mountains","#064000",645,4,13.9961538461539,111.923076923077,4.75000000000006,6.05000000000001,1.29999999999995,4,4,0,0,1,0.857142857142857,-0.142857142857143
97,"Barbastella barbastellus",44.318069,3.803589,2024-06-16,"gbif","Cool Temperate","Moist","Forest","Mountains","Cool Temperate Moist",6,64,0,"Cool Temperate Moist Forest on Mountains","#064000",1233,5,12.0807692307692,86,3.85000000000002,5.05000000000001,1.19999999999999,5,5,0,0,1,1,0
97,"Rhinolophus ferrumequinum",49.86139,4.73726,2022-02-01,"gbif","Cool Temperate","Moist","Forest","Mountains","Cool Temperate Moist",6,64,0,"Cool Temperate Moist Forest on Mountains","#064000",150,6,14.6653846153847,85.6923076923077,5.75000000000006,6.75000000000006,1,5,5,0,0,0.928571428571429,0.928571428571429,0
97,"Rhinolophus ferrumequinum",45.28288,2.42603,2022-02-04,"gbif","Cool Temperate","Moist","Forest","Mountains","Cool Temperate Moist",6,64,0,"Cool Temperate Moist Forest on Mountains","#064000",546,7,14.6884615384616,101.230769230769,5.95000000000005,7.05000000000001,1.09999999999997,8,8,0,0,1,1,0
97,"Barbastella barbastellus",46.1806332396,6.6564648502,2012-09-15,"inat","Cool Temperate","Moist","Forest","Mountains","Cool Temperate Moist",6,64,0,"Cool Temperate Moist Forest on Mountains","#064000",1180,8,10.4192307692308,154.692307692308,0.350000000000023,1.75000000000006,1.40000000000003,5,5,0,0,1,1,0
97,"Rhinolophus ferrumequinum",42.67253,2.32987,2021-01-26,"gbif","Cool Temperate","Moist","Forest","Mountains","Cool Temperate Moist",6,64,0,"Cool Temperate Moist Forest on Mountains","#064000",860,9,14.2653846153847,91.0769230769231,6.25000000000006,7.35000000000002,1.09999999999997,4,4,0,0,1,1,0
97,"Rhinolophus ferrumequinum",44.83328,2.55715,2023-02-03,"gbif","Cool Temperate","Moist","Forest","Mountains","Cool Temperate Moist",6,64,0,"Cool Temperate Moist Forest on Mountains","#064000",658,10,14.35,89,5.85000000000002,6.95000000000005,1.10000000000002,4,4,0,0,1,1,0
97,"Rhinolophus ferrumequinum",45.28216,2.29848,2022-01-01,"gbif","Cool Temperate","Moist","Forest","Mountains","Cool Temperate Moist",6,64,0,"Cool Temperate Moist Forest on Mountains","#064000",563,11,14.9038461538462,95.4615384615385,6.25000000000006,7.25000000000006,1,5,5,0,0,1,1,0
97,"Rhinolophus ferrumequinum",43.00499,0.48753,2022-02-06,"gbif","Cool Temperate","Moist","Forest","Mountains","Cool Temperate Moist",6,64,0,"Cool Temperate Moist Forest on Mountains","#064000",827,12,14.6807692307693,111.615384615385,6.45000000000005,7.55000000000001,1.09999999999997,4,4,0,0,1,1,0
97,"Rhinolophus ferrumequinum",42.98531,-0.24709,2022-06-16,"gbif","Cool Temperate","Moist","Forest","Mountains","Cool Temperate Moist",6,64,0,"Cool Temperate Moist Forest on Mountains","#064000",1407,13,11.473076923077,147.769230769231,3.65000000000003,4.75000000000006,1.10000000000002,8,8,0,0,1,1,0
97,"Barbastella barbastellus",45.1703297499,5.5062731776,2026-01-24,"inat","Cool Temperate","Moist","Forest","Mountains","Cool Temperate Moist",6,64,0,"Cool Temperate Moist Forest on Mountains","#064000",1219,14,11.6961538461539,109.307692307692,2.85000000000002,4.25000000000006,1.40000000000003,5,5,0,0,1,1,0
97,"Rhinolophus ferrumequinum",46.3655512702,5.4504631446,2025-10-18,"inat","Cool Temperate","Moist","Forest","Mountains","Cool Temperate Moist",6,64,0,"Cool Temperate Moist Forest on Mountains","#064000",498,15,15.7269230769231,101.384615384615,6.25000000000006,7.45000000000005,1.19999999999999,8,8,0,0,1,1,0
97,"Rhinolophus ferrumequinum",44.4780947333,5.1060107289,2025-10-12,"inat","Cool Temperate","Moist","Forest","Mountains","Cool Temperate Moist",6,64,0,"Cool Temperate Moist Forest on Mountains","#064000",731,16,14.9807692307693,76.6153846153846,6.05000000000001,7.35000000000002,1.30000000000001,8,8,0,0,1,1,0
97,"Rhinolophus ferrumequinum",44.83328,2.55715,2023-02-03,"gbif","Cool Temperate","Moist","Forest","Mountains","Cool Temperate Moist",6,64,0,"Cool Temperate Moist Forest on Mountains","#064000",658,17,14.35,89,5.85000000000002,6.95000000000005,1.10000000000002,4,4,0,0,1,1,0
97,"Barbastella barbastellus",46.1446774554,5.8981767606,2025-07-19,"inat","Cool Temperate","Moist","Forest","Mountains","Cool Temperate Moist",6,64,0,"Cool Temperate Moist Forest on Mountains","#064000",645,18,13.9961538461539,111.923076923077,4.75000000000006,6.05000000000001,1.29999999999995,4,4,0,0,1,0.857142857142857,-0.142857142857143
97,"Rhinolophus ferrumequinum",45.686132,6.080418,2025-12-27,"gbif","Cool Temperate","Moist","Forest","Mountains","Cool Temperate Moist",6,64,0,"Cool Temperate Moist Forest on Mountains","#064000",919,19,13.1423076923077,120.615384615385,3.45000000000005,4.75000000000006,1.30000000000001,5,5,0,0,1,0.933333333333333,-0.0666666666666667
97,"Rhinolophus ferrumequinum",44.83328,2.55715,2022-01-26,"gbif","Cool Temperate","Moist","Forest","Mountains","Cool Temperate Moist",6,64,0,"Cool Temperate Moist Forest on Mountains","#064000",658,20,14.35,89,5.85000000000002,6.95000000000005,1.10000000000002,4,4,0,0,1,1,0
97,"Barbastella barbastellus",43.9543836837,6.5943837495,2025-06-21,"inat","Cool Temperate","Moist","Forest","Mountains","Cool Temperate Moist",6,64,0,"Cool Temperate Moist Forest on Mountains","#064000",1273,21,12.3423076923077,100.846153846154,2.95000000000005,4.35000000000002,1.39999999999998,8,8,0,0,1,1,0
97,"Rhinolophus ferrumequinum",44.129849294,7.6181763794,2019-02-27,"inat","Cool Temperate","Moist","Forest","Mountains","Cool Temperate Moist",6,64,0,"Cool Temperate Moist Forest on Mountains","#064000",1452,22,11.2423076923077,87.2307692307692,2.35000000000002,3.75000000000006,1.40000000000003,8,8,0,0,0.714285714285714,0.714285714285714,0
97,"Rhinolophus ferrumequinum",44.250488,5.379091,2025-08-13,"gbif","Cool Temperate","Moist","Forest","Mountains","Cool Temperate Moist",6,64,0,"Cool Temperate Moist Forest on Mountains","#064000",812,23,14.6346153846154,66.8461538461538,5.45000000000005,6.85000000000002,1.39999999999998,8,8,0,0,1,1,0
97,"Rhinolophus ferrumequinum",44.83328,2.55715,2022-03-01,"gbif","Cool Temperate","Moist","Forest","Mountains","Cool Temperate Moist",6,64,0,"Cool Temperate Moist Forest on Mountains","#064000",658,24,14.35,89,5.85000000000002,6.95000000000005,1.10000000000002,4,4,0,0,1,1,0
97,"Rhinolophus ferrumequinum",42.84803,0.529951,2022-03-14,"gbif","Cool Temperate","Moist","Forest","Mountains","Cool Temperate Moist",6,64,0,"Cool Temperate Moist Forest on Mountains","#064000",1327,25,12.35,101.615384615385,4.15000000000003,5.25000000000006,1.10000000000002,9,9,0,0,1,1,0
97,"Barbastella barbastellus",43.7957459019,6.3619653059,2026-01-11,"inat","Cool Temperate","Moist","Forest","Mountains","Cool Temperate Moist",6,64,0,"Cool Temperate Moist Forest on Mountains","#064000",863,26,15.2192307692308,74.3076923076923,6.05000000000001,7.45000000000005,1.40000000000003,1,1,0,0,1,1,0
97,"Rhinolophus ferrumequinum",44.83328,2.55715,2022-04-22,"gbif","Cool Temperate","Moist","Forest","Mountains","Cool Temperate Moist",6,64,0,"Cool Temperate Moist Forest on Mountains","#064000",658,27,14.35,89,5.85000000000002,6.95000000000005,1.10000000000002,4,4,0,0,1,1,0
97,"Rhinolophus ferrumequinum",46.365551,5.450463,2025-10-18,"gbif","Cool Temperate","Moist","Forest","Mountains","Cool Temperate Moist",6,64,0,"Cool Temperate Moist Forest on Mountains","#064000",498,28,15.7269230769231,101.384615384615,6.25000000000006,7.45000000000005,1.19999999999999,8,8,0,0,1,1,0
97,"Barbastella barbastellus",44.351308,3.893404,2024-05-18,"gbif","Cool Temperate","Moist","Forest","Mountains","Cool Temperate Moist",6,64,0,"Cool Temperate Moist Forest on Mountains","#064000",905,29,13.4807692307693,89.4615384615385,4.95000000000005,6.15000000000003,1.19999999999999,8,8,0,0,1,1,0
97,"Rhinolophus ferrumequinum",44.83415,2.93674,2022-07-05,"gbif","Cool Temperate","Moist","Forest","Mountains","Cool Temperate Moist",6,64,0,"Cool Temperate Moist Forest on Mountains","#064000",848,30,13.4115384615385,80.4615384615385,4.85000000000002,5.95000000000005,1.10000000000002,4,4,0,0,1,1,0
97,"Rhinolophus ferrumequinum",43.00499,0.48753,2022-02-06,"gbif","Cool Temperate","Moist","Forest","Mountains","Cool Temperate Moist",6,64,0,"Cool Temperate Moist Forest on Mountains","#064000",827,31,14.6807692307693,111.615384615385,6.45000000000005,7.55000000000001,1.09999999999997,4,4,0,0,1,1,0
97,"Rhinolophus ferrumequinum",42.761535,2.134909,2023-11-03,"gbif","Cool Temperate","Moist","Forest","Mountains","Cool Temperate Moist",6,64,0,"Cool Temperate Moist Forest on Mountains","#064000",1280,32,12.5269230769231,96,4.65000000000003,5.75000000000006,1.10000000000002,5,5,0,0,1,1,0
97,"Rhinolophus ferrumequinum",42.948475,0.28161,2025-08-26,"gbif","Cool Temperate","Moist","Forest","Mountains","Cool Temperate Moist",6,64,0,"Cool Temperate Moist Forest on Mountains","#064000",1257,33,12.7423076923077,115.307692307692,4.55000000000001,5.65000000000003,1.10000000000002,4,4,0,0,1,1,0
97,"Rhinolophus ferrumequinum",42.92764,1.103,2022-01-22,"gbif","Cool Temperate","Moist","Forest","Mountains","Cool Temperate Moist",6,64,0,"Cool Temperate Moist Forest on Mountains","#064000",870,34,14.8576923076923,108.538461538462,6.35000000000002,7.45000000000005,1.10000000000002,4,4,0,0,1,1,0
97,"Rhinolophus ferrumequinum",43.9292591434,6.3585272281,2026-04-04,"inat","Cool Temperate","Moist","Forest","Mountains","Cool Temperate Moist",6,64,0,"Cool Temperate Moist Forest on Mountains","#064000",1005,35,14.4884615384616,75.6153846153846,4.95000000000005,6.35000000000002,1.39999999999998,8,8,0,0,1,1,0
97,"Rhinolophus ferrumequinum",43.9537993951,7.4223156691,2018-03-12,"inat","Cool Temperate","Moist","Forest","Mountains","Cool Temperate Moist",6,64,0,"Cool Temperate Moist Forest on Mountains","#064000",1057,36,13.0730769230769,89.3846153846154,5.15000000000003,6.45000000000005,1.30000000000001,5,5,0,0,0.933333333333333,1,0.0666666666666667
97,"Rhinolophus ferrumequinum",44.83328,2.55715,2022-03-01,"gbif","Cool Temperate","Moist","Forest","Mountains","Cool Temperate Moist",6,64,0,"Cool Temperate Moist Forest on Mountains","#064000",658,37,14.35,89,5.85000000000002,6.95000000000005,1.10000000000002,4,4,0,0,1,1,0
97,"Rhinolophus ferrumequinum",42.76063,2.0848,2023-10-04,"gbif","Cool Temperate","Moist","Forest","Mountains","Cool Temperate Moist",6,64,0,"Cool Temperate Moist Forest on Mountains","#064000",950,38,14.9038461538462,83.6153846153846,6.85000000000002,7.95000000000005,1.10000000000002,5,4,0,0,1,1,0
97,"Rhinolophus ferrumequinum",44.83328,2.55715,2022-03-01,"gbif","Cool Temperate","Moist","Forest","Mountains","Cool Temperate Moist",6,64,0,"Cool Temperate Moist Forest on Mountains","#064000",658,39,14.35,89,5.85000000000002,6.95000000000005,1.10000000000002,4,4,0,0,1,1,0
97,"Rhinolophus ferrumequinum",44.83328,2.55715,2022-03-01,"gbif","Cool Temperate","Moist","Forest","Mountains","Cool Temperate Moist",6,64,0,"Cool Temperate Moist Forest on Mountains","#064000",658,40,14.35,89,5.85000000000002,6.95000000000005,1.10000000000002,4,4,0,0,1,1,0
97,"Rhinolophus ferrumequinum",44.83328,2.55715,2022-03-01,"gbif","Cool Temperate","Moist","Forest","Mountains","Cool Temperate Moist",6,64,0,"Cool Temperate Moist Forest on Mountains","#064000",658,41,14.35,89,5.85000000000002,6.95000000000005,1.10000000000002,4,4,0,0,1,1,0
97,"Rhinolophus ferrumequinum",42.9484748791,0.2816099547,2025-08-26,"inat","Cool Temperate","Moist","Forest","Mountains","Cool Temperate Moist",6,64,0,"Cool Temperate Moist Forest on Mountains","#064000",1257,42,12.7423076923077,115.307692307692,4.55000000000001,5.65000000000003,1.10000000000002,4,4,0,0,1,1,0
97,"Rhinolophus ferrumequinum",44.83328,2.55715,2023-02-03,"gbif","Cool Temperate","Moist","Forest","Mountains","Cool Temperate Moist",6,64,0,"Cool Temperate Moist Forest on Mountains","#064000",658,43,14.35,89,5.85000000000002,6.95000000000005,1.10000000000002,4,4,0,0,1,1,0
97,"Rhinolophus ferrumequinum",44.83415,2.93674,2022-07-04,"gbif","Cool Temperate","Moist","Forest","Mountains","Cool Temperate Moist",6,64,0,"Cool Temperate Moist Forest on Mountains","#064000",848,44,13.4115384615385,80.4615384615385,4.85000000000002,5.95000000000005,1.10000000000002,4,4,0,0,1,1,0
97,"Rhinolophus ferrumequinum",44.83328,2.55715,2022-07-19,"gbif","Cool Temperate","Moist","Forest","Mountains","Cool Temperate Moist",6,64,0,"Cool Temperate Moist Forest on Mountains","#064000",658,45,14.35,89,5.85000000000002,6.95000000000005,1.10000000000002,4,4,0,0,1,1,0
97,"Barbastella barbastellus",45.610549,6.057138,2025-12-27,"gbif","Cool Temperate","Moist","Forest","Mountains","Cool Temperate Moist",6,64,0,"Cool Temperate Moist Forest on Mountains","#064000",1515,46,9.46538461538466,147.846153846154,0.450000000000045,1.75000000000006,1.30000000000001,4,4,0,0,1,1,0
97,"Barbastella barbastellus",44.02313,3.43655,2022-01-22,"gbif","Cool Temperate","Moist","Forest","Mountains","Cool Temperate Moist",6,64,0,"Cool Temperate Moist Forest on Mountains","#064000",1077,47,12.4653846153847,62.2307692307692,4.45000000000005,5.65000000000003,1.19999999999999,8,5,0,0,1,1,0
97,"Rhinolophus ferrumequinum",43.660791,2.806518,2022-04-08,"gbif","Cool Temperate","Moist","Forest","Mountains","Cool Temperate Moist",6,64,0,"Cool Temperate Moist Forest on Mountains","#064000",833,48,13.8884615384616,75.3846153846154,6.25000000000006,7.35000000000002,1.09999999999997,8,8,0,0,1,1,0
97,"Rhinolophus ferrumequinum",47.83349,6.81093,2022-01-25,"gbif","Cool Temperate","Moist","Forest","Mountains","Cool Temperate Moist",6,64,0,"Cool Temperate Moist Forest on Mountains","#064000",755,49,12.8423076923077,115.846153846154,3.65000000000003,4.85000000000002,1.19999999999999,5,5,0,0,1,1,0
97,"Rhinolophus ferrumequinum",43.761202,6.954928,2023-12-03,"gbif","Cool Temperate","Moist","Forest","Mountains","Cool Temperate Moist",6,64,0,"Cool Temperate Moist Forest on Mountains","#064000",953,50,13.873076923077,97.3846153846154,6.15000000000003,7.55000000000001,1.39999999999998,8,9,0,0,0.4,0.4,0
97,"Rhinolophus ferrumequinum",42.7615347243,2.1349086991,2023-11-03,"inat","Cool Temperate","Moist","Forest","Mountains","Cool Temperate Moist",6,64,0,"Cool Temperate Moist Forest on Mountains","#064000",1280,51,12.5269230769231,96,4.65000000000003,5.75000000000006,1.10000000000002,5,5,0,0,1,1,0
97,"Rhinolophus ferrumequinum",44.3188936019,3.8049735912,2026-04-29,"inat","Cool Temperate","Moist","Forest","Mountains","Cool Temperate Moist",6,64,0,"Cool Temperate Moist Forest on Mountains","#064000",1236,52,12.0807692307692,86,3.85000000000002,5.05000000000001,1.19999999999999,5,5,0,0,1,1,0
97,"Barbastella barbastellus",46.64,6.02,2026-04-25,"gbif","Cool Temperate","Moist","Forest","Mountains","Cool Temperate Moist",6,64,0,"Cool Temperate Moist Forest on Mountains","#064000",869,53,12.5423076923077,135.769230769231,3.85000000000002,5.05000000000001,1.19999999999999,8,8,0,0,1,0.857142857142857,-0.142857142857143
97,"Rhinolophus ferrumequinum",45.6861324248,6.0804183329,2025-12-27,"inat","Cool Temperate","Moist","Forest","Mountains","Cool Temperate Moist",6,64,0,"Cool Temperate Moist Forest on Mountains","#064000",919,54,13.1423076923077,120.615384615385,3.45000000000005,4.75000000000006,1.30000000000001,5,5,0,0,1,0.933333333333333,-0.0666666666666667
97,"Barbastella barbastellus",45.11544,4.667742,2025-09-12,"gbif","Cool Temperate","Moist","Forest","Mountains","Cool Temperate Moist",6,64,0,"Cool Temperate Moist Forest on Mountains","#064000",708,55,14.9269230769231,71.6153846153846,5.95000000000005,7.25000000000006,1.30000000000001,5,5,0,0,1,1,0
97,"Rhinolophus ferrumequinum",43.00499,0.48753,2022-02-13,"gbif","Cool Temperate","Moist","Forest","Mountains","Cool Temperate Moist",6,64,0,"Cool Temperate Moist Forest on Mountains","#064000",827,56,14.6807692307693,111.615384615385,6.45000000000005,7.55000000000001,1.09999999999997,4,4,0,0,1,1,0
97,"Rhinolophus ferrumequinum",43.392,2.3215,2022-01-05,"gbif","Cool Temperate","Moist","Forest","Mountains","Cool Temperate Moist",6,64,0,"Cool Temperate Moist Forest on Mountains","#064000",681,57,14.9807692307693,92.7692307692308,7.05000000000001,8.15000000000003,1.10000000000002,5,5,0,0,1,1,0
97,"Rhinolophus ferrumequinum",44.213427,6.441366,2025-06-27,"gbif","Cool Temperate","Moist","Forest","Mountains","Cool Temperate Moist",6,64,0,"Cool Temperate Moist Forest on Mountains","#064000",1139,58,13.5807692307692,87.9230769230769,4.15000000000003,5.55000000000001,1.39999999999998,10,8,0,0,0.928571428571429,1,0.0714285714285714
97,"Rhinolophus ferrumequinum",42.98531,-0.24709,2022-03-18,"gbif","Cool Temperate","Moist","Forest","Mountains","Cool Temperate Moist",6,64,0,"Cool Temperate Moist Forest on Mountains","#064000",1407,59,11.473076923077,147.769230769231,3.65000000000003,4.75000000000006,1.10000000000002,8,8,0,0,1,1,0
97,"Rhinolophus ferrumequinum",42.63898,2.301816,2025-04-16,"gbif","Cool Temperate","Moist","Forest","Mountains","Cool Temperate Moist",6,64,0,"Cool Temperate Moist Forest on Mountains","#064000",954,60,14.4653846153847,90.8461538461538,6.35000000000002,7.45000000000005,1.10000000000002,8,8,0,0,1,1,0
97,"Rhinolophus ferrumequinum",44.2366427375,3.2844700834,2026-03-23,"inat","Cool Temperate","Moist","Forest","Mountains","Cool Temperate Moist",6,64,0,"Cool Temperate Moist Forest on Mountains","#064000",900,61,13.2884615384615,67.0769230769231,4.85000000000002,5.95000000000005,1.10000000000002,8,8,0,0,1,1,0
97,"Rhinolophus ferrumequinum",47.762811,7.036717,2023-10-14,"gbif","Cool Temperate","Moist","Forest","Mountains","Cool Temperate Moist",6,64,0,"Cool Temperate Moist Forest on Mountains","#064000",393,62,14.8884615384616,81.2307692307692,4.95000000000005,6.25000000000006,1.30000000000001,4,5,0,0,1,1,0
97,"Rhinolophus ferrumequinum",44.288881,3.265486,2025-07-21,"gbif","Cool Temperate","Moist","Forest","Mountains","Cool Temperate Moist",6,64,0,"Cool Temperate Moist Forest on Mountains","#064000",922,63,13.0884615384616,62.3846153846154,4.65000000000003,5.75000000000006,1.10000000000002,1,1,0,0,1,1,0
97,"Rhinolophus ferrumequinum",50.007751,4.729047,2023-12-30,"gbif","Cool Temperate","Moist","Forest","Mountains","Cool Temperate Moist",6,64,0,"Cool Temperate Moist Forest on Mountains","#064000",204,64,14.3192307692308,82.9230769230769,5.65000000000003,6.65000000000003,1,5,5,0,0,1,1,0
97,"Barbastella barbastellus",46.69796,6.29458,2023-06-24,"gbif","Cool Temperate","Moist","Forest","Mountains","Cool Temperate Moist",6,64,0,"Cool Temperate Moist Forest on Mountains","#064000",1160,65,10.6346153846154,110.307692307692,3.05000000000001,4.35000000000002,1.30000000000001,9,8,0,0,1,1,0
97,"Barbastella barbastellus",44.126356,5.705006,2024-07-30,"gbif","Cool Temperate","Moist","Forest","Mountains","Cool Temperate Moist",6,64,0,"Cool Temperate Moist Forest on Mountains","#064000",1195,66,12.6115384615385,73.6923076923077,3.45000000000005,4.85000000000002,1.39999999999998,8,8,0,0,1,1,0
97,"Rhinolophus ferrumequinum",42.76161,2.20682,2022-01-25,"gbif","Cool Temperate","Moist","Forest","Mountains","Cool Temperate Moist",6,64,0,"Cool Temperate Moist Forest on Mountains","#064000",1061,67,13.3576923076923,88.6153846153846,5.45000000000005,6.55000000000001,1.09999999999997,5,5,0,0,1,1,0
97,"Rhinolophus ferrumequinum",42.84818,1.83898,2022-01-31,"gbif","Cool Temperate","Moist","Forest","Mountains","Cool Temperate Moist",6,64,0,"Cool Temperate Moist Forest on Mountains","#064000",1607,68,9.48846153846159,91.6923076923077,1.45000000000005,2.55000000000001,1.09999999999997,5,5,0,0,0.933333333333333,0.933333333333333,0
97,"Rhinolophus ferrumequinum",44.02313,3.43655,2022-01-22,"gbif","Cool Temperate","Moist","Forest","Mountains","Cool Temperate Moist",6,64,0,"Cool Temperate Moist Forest on Mountains","#064000",1077,69,12.4653846153847,62.2307692307692,4.45000000000005,5.65000000000003,1.19999999999999,8,5,0,0,1,1,0
97,"Barbastella barbastellus",44.02313,3.43655,2022-01-22,"gbif","Cool Temperate","Moist","Forest","Mountains","Cool Temperate Moist",6,64,0,"Cool Temperate Moist Forest on Mountains","#064000",1077,70,12.4653846153847,62.2307692307692,4.45000000000005,5.65000000000003,1.19999999999999,8,5,0,0,1,1,0
97,"Rhinolophus ferrumequinum",48.45815,6.9917,2022-01-29,"gbif","Cool Temperate","Moist","Forest","Mountains","Cool Temperate Moist",6,64,0,"Cool Temperate Moist Forest on Mountains","#064000",397,71,13.9346153846154,91.8461538461538,4.45000000000005,5.65000000000003,1.19999999999999,5,5,0,0,1,1,0
97,"Rhinolophus ferrumequinum",42.84818,1.83898,2022-01-31,"gbif","Cool Temperate","Moist","Forest","Mountains","Cool Temperate Moist",6,64,0,"Cool Temperate Moist Forest on Mountains","#064000",1607,72,9.48846153846159,91.6923076923077,1.45000000000005,2.55000000000001,1.09999999999997,5,5,0,0,0.933333333333333,0.933333333333333,0
97,"Barbastella barbastellus",45.9000758891,6.3744537831,2025-02-16,"inat","Cool Temperate","Moist","Forest","Mountains","Cool Temperate Moist",6,64,0,"Cool Temperate Moist Forest on Mountains","#064000",987,73,13.3038461538462,126.615384615385,2.85000000000002,4.15000000000003,1.30000000000001,5,5,0,0,0.928571428571429,1,0.0714285714285714
97,"Rhinolophus ferrumequinum",44.83328,2.55715,2022-01-26,"gbif","Cool Temperate","Moist","Forest","Mountains","Cool Temperate Moist",6,64,0,"Cool Temperate Moist Forest on Mountains","#064000",658,74,14.35,89,5.85000000000002,6.95000000000005,1.10000000000002,4,4,0,0,1,1,0
97,"Rhinolophus ferrumequinum",44.83328,2.55715,2023-02-03,"gbif","Cool Temperate","Moist","Forest","Mountains","Cool Temperate Moist",6,64,0,"Cool Temperate Moist Forest on Mountains","#064000",658,75,14.35,89,5.85000000000002,6.95000000000005,1.10000000000002,4,4,0,0,1,1,0
97,"Rhinolophus ferrumequinum",45.46034,2.04031,2022-09-11,"gbif","Cool Temperate","Moist","Forest","Mountains","Cool Temperate Moist",6,64,0,"Cool Temperate Moist Forest on Mountains","#064000",767,76,14.0653846153846,114.923076923077,5.55000000000001,6.55000000000001,1,5,5,0,0,1,1,0
97,"Barbastella barbastellus",45.9978422494,5.4489609638,2024-11-24,"inat","Cool Temperate","Moist","Forest","Mountains","Cool Temperate Moist",6,64,0,"Cool Temperate Moist Forest on Mountains","#064000",555,77,14.5192307692308,140.692307692308,5.15000000000003,6.45000000000005,1.30000000000001,8,4,0,0,1,1,0
97,"Barbastella barbastellus",43.787441,3.113491,2025-02-15,"gbif","Cool Temperate","Moist","Forest","Mountains","Cool Temperate Moist",6,64,0,"Cool Temperate Moist Forest on Mountains","#064000",733,78,14.673076923077,60.2307692307692,6.55000000000001,7.65000000000003,1.10000000000002,5,5,0,0,1,1,0
97,"Rhinolophus ferrumequinum",42.92764,1.103,2022-04-25,"gbif","Cool Temperate","Moist","Forest","Mountains","Cool Temperate Moist",6,64,0,"Cool Temperate Moist Forest on Mountains","#064000",870,79,14.8576923076923,108.538461538462,6.35000000000002,7.45000000000005,1.10000000000002,4,4,0,0,1,1,0
97,"Rhinolophus ferrumequinum",42.93169,1.3477,2023-02-20,"gbif","Cool Temperate","Moist","Forest","Mountains","Cool Temperate Moist",6,64,0,"Cool Temperate Moist Forest on Mountains","#064000",1316,80,12.3038461538462,106.923076923077,3.95000000000005,5.05000000000001,1.09999999999997,5,4,0,0,1,1,0
97,"Rhinolophus ferrumequinum",44.02313,3.43655,2022-01-22,"gbif","Cool Temperate","Moist","Forest","Mountains","Cool Temperate Moist",6,64,0,"Cool Temperate Moist Forest on Mountains","#064000",1077,81,12.4653846153847,62.2307692307692,4.45000000000005,5.65000000000003,1.19999999999999,8,5,0,0,1,1,0
97,"Rhinolophus ferrumequinum",43.00499,0.48753,2022-02-24,"gbif","Cool Temperate","Moist","Forest","Mountains","Cool Temperate Moist",6,64,0,"Cool Temperate Moist Forest on Mountains","#064000",827,82,14.6807692307693,111.615384615385,6.45000000000005,7.55000000000001,1.09999999999997,4,4,0,0,1,1,0
97,"Barbastella barbastellus",45.6105486074,6.0571383915,2025-12-27,"inat","Cool Temperate","Moist","Forest","Mountains","Cool Temperate Moist",6,64,0,"Cool Temperate Moist Forest on Mountains","#064000",1515,83,9.46538461538466,147.846153846154,0.450000000000045,1.75000000000006,1.30000000000001,4,4,0,0,1,1,0
97,"Rhinolophus ferrumequinum",44.83328,2.55715,2022-01-26,"gbif","Cool Temperate","Moist","Forest","Mountains","Cool Temperate Moist",6,64,0,"Cool Temperate Moist Forest on Mountains","#064000",658,84,14.35,89,5.85000000000002,6.95000000000005,1.10000000000002,4,4,0,0,1,1,0
97,"Rhinolophus ferrumequinum",42.49398,2.57486,2022-01-30,"gbif","Cool Temperate","Moist","Forest","Mountains","Cool Temperate Moist",6,64,0,"Cool Temperate Moist Forest on Mountains","#064000",919,85,14.6115384615385,102.307692307692,6.15000000000003,7.25000000000006,1.10000000000002,4,4,0,0,1,1,0
97,"Rhinolophus ferrumequinum",42.27013,8.847078,2023-06-27,"gbif","Cool Temperate","Moist","Forest","Mountains","Cool Temperate Moist",6,64,0,"Cool Temperate Moist Forest on Mountains","#064000",1166,86,12.7115384615385,120.769230769231,6.45000000000005,7.75000000000006,1.30000000000001,NA,NA,NA,NA,0,0,0
97,"Barbastella barbastellus",44.7679285346,5.6181073789,2025-08-23,"inat","Cool Temperate","Moist","Forest","Mountains","Cool Temperate Moist",6,64,0,"Cool Temperate Moist Forest on Mountains","#064000",1532,87,10.2884615384616,94.5384615384615,1.35000000000002,2.75000000000006,1.40000000000003,5,5,0,0,1,1,0
97,"Rhinolophus ferrumequinum",44.2134271515,6.4413659502,2025-06-27,"inat","Cool Temperate","Moist","Forest","Mountains","Cool Temperate Moist",6,64,0,"Cool Temperate Moist Forest on Mountains","#064000",1139,88,13.5807692307692,87.9230769230769,4.15000000000003,5.55000000000001,1.39999999999998,10,8,0,0,0.928571428571429,1,0.0714285714285714
97,"Rhinolophus ferrumequinum",42.92764,1.103,2022-01-22,"gbif","Cool Temperate","Moist","Forest","Mountains","Cool Temperate Moist",6,64,0,"Cool Temperate Moist Forest on Mountains","#064000",870,89,14.8576923076923,108.538461538462,6.35000000000002,7.45000000000005,1.10000000000002,4,4,0,0,1,1,0
97,"Rhinolophus ferrumequinum",45.46034,2.04031,2022-05-17,"gbif","Cool Temperate","Moist","Forest","Mountains","Cool Temperate Moist",6,64,0,"Cool Temperate Moist Forest on Mountains","#064000",767,90,14.0653846153846,114.923076923077,5.55000000000001,6.55000000000001,1,5,5,0,0,1,1,0
97,"Rhinolophus ferrumequinum",47.91895,6.95111,2022-02-02,"gbif","Cool Temperate","Moist","Forest","Mountains","Cool Temperate Moist",6,64,0,"Cool Temperate Moist Forest on Mountains","#064000",639,91,13.05,78.3076923076923,3.75000000000006,5.05000000000001,1.29999999999995,5,5,0,0,1,1,0
97,"Barbastella barbastellus",44.02313,3.43655,2022-01-21,"gbif","Cool Temperate","Moist","Forest","Mountains","Cool Temperate Moist",6,64,0,"Cool Temperate Moist Forest on Mountains","#064000",1077,92,12.4653846153847,62.2307692307692,4.45000000000005,5.65000000000003,1.19999999999999,8,5,0,0,1,1,0
97,"Barbastella barbastellus",43.795746,6.361965,2026-01-11,"gbif","Cool Temperate","Moist","Forest","Mountains","Cool Temperate Moist",6,64,0,"Cool Temperate Moist Forest on Mountains","#064000",863,93,15.2192307692308,74.3076923076923,6.05000000000001,7.45000000000005,1.40000000000003,1,1,0,0,1,1,0
97,"Barbastella barbastellus",45.37351,2.55285,2022-02-04,"gbif","Cool Temperate","Moist","Forest","Mountains","Cool Temperate Moist",6,64,0,"Cool Temperate Moist Forest on Mountains","#064000",571,94,14.6192307692308,93,5.85000000000002,6.95000000000005,1.10000000000002,8,5,0,0,1,1,0
97,"Barbastella barbastellus",44.02313,3.43655,2022-01-21,"gbif","Cool Temperate","Moist","Forest","Mountains","Cool Temperate Moist",6,64,0,"Cool Temperate Moist Forest on Mountains","#064000",1077,95,12.4653846153847,62.2307692307692,4.45000000000005,5.65000000000003,1.19999999999999,8,5,0,0,1,1,0
97,"Barbastella barbastellus",44.767929,5.618107,2025-08-23,"gbif","Cool Temperate","Moist","Forest","Mountains","Cool Temperate Moist",6,64,0,"Cool Temperate Moist Forest on Mountains","#064000",1532,96,10.2884615384616,94.5384615384615,1.35000000000002,2.75000000000006,1.40000000000003,5,5,0,0,1,1,0
97,"Rhinolophus ferrumequinum",45.72929,1.90705,2022-09-09,"gbif","Cool Temperate","Moist","Forest","Mountains","Cool Temperate Moist",6,64,0,"Cool Temperate Moist Forest on Mountains","#064000",650,97,14.0423076923078,118.153846153846,5.65000000000003,6.65000000000003,1,5,5,0,0,1,1,0
97,"Rhinolophus ferrumequinum",42.98531,-0.24709,2022-09-09,"gbif","Cool Temperate","Moist","Forest","Mountains","Cool Temperate Moist",6,64,0,"Cool Temperate Moist Forest on Mountains","#064000",1407,98,11.473076923077,147.769230769231,3.65000000000003,4.75000000000006,1.10000000000002,8,8,0,0,1,1,0
97,"Rhinolophus ferrumequinum",43.66402,2.93803,2022-04-13,"gbif","Cool Temperate","Moist","Forest","Mountains","Cool Temperate Moist",6,64,0,"Cool Temperate Moist Forest on Mountains","#064000",1025,99,12.9884615384616,80.6153846153846,5.35000000000002,6.45000000000005,1.10000000000002,5,5,0,0,1,1,0
97,"Rhinolophus ferrumequinum",42.98531,-0.24709,2022-09-09,"gbif","Cool Temperate","Moist","Forest","Mountains","Cool Temperate Moist",6,64,0,"Cool Temperate Moist Forest on Mountains","#064000",1407,100,11.473076923077,147.769230769231,3.65000000000003,4.75000000000006,1.10000000000002,8,8,0,0,1,1,0
97,"Rhinolophus ferrumequinum",43.9591870019,7.4030527805,2026-04-16,"inat","Cool Temperate","Moist","Forest","Mountains","Cool Temperate Moist",6,64,0,"Cool Temperate Moist Forest on Mountains","#064000",1249,101,11.7576923076924,92.5384615384615,3.75000000000006,5.05000000000001,1.29999999999995,5,5,0,0,1,1,0
97,"Rhinolophus ferrumequinum",45.851035,5.468111,2023-03-12,"gbif","Cool Temperate","Moist","Forest","Mountains","Cool Temperate Moist",6,64,0,"Cool Temperate Moist Forest on Mountains","#064000",768,102,13.673076923077,146.076923076923,4.55000000000001,5.85000000000002,1.30000000000001,4,4,0,0,1,1,0
97,"Rhinolophus ferrumequinum",47.331657,6.310842,2024-10-31,"gbif","Cool Temperate","Moist","Forest","Mountains","Cool Temperate Moist",6,64,0,"Cool Temperate Moist Forest on Mountains","#064000",289,103,15.9576923076924,86.9230769230769,6.35000000000002,7.65000000000003,1.30000000000001,8,8,0,0,0.928571428571429,1,0.0714285714285714
97,"Rhinolophus ferrumequinum",43.977823,7.467487,2024-05-30,"gbif","Cool Temperate","Moist","Forest","Mountains","Cool Temperate Moist",6,64,0,"Cool Temperate Moist Forest on Mountains","#064000",1104,104,13.0269230769231,97.8461538461538,4.95000000000005,6.25000000000006,1.30000000000001,4,4,0,0,1,1,0
97,"Rhinolophus ferrumequinum",44.83328,2.55715,2022-12-07,"gbif","Cool Temperate","Moist","Forest","Mountains","Cool Temperate Moist",6,64,0,"Cool Temperate Moist Forest on Mountains","#064000",658,105,14.35,89,5.85000000000002,6.95000000000005,1.10000000000002,4,4,0,0,1,1,0
97,"Rhinolophus ferrumequinum",43.00499,0.48753,2022-12-22,"gbif","Cool Temperate","Moist","Forest","Mountains","Cool Temperate Moist",6,64,0,"Cool Temperate Moist Forest on Mountains","#064000",827,106,14.6807692307693,111.615384615385,6.45000000000005,7.55000000000001,1.09999999999997,4,4,0,0,1,1,0
97,"Barbastella barbastellus",44.599424338,6.387825384,2024-03-14,"inat","Cool Temperate","Moist","Forest","Mountains","Cool Temperate Moist",6,64,0,"Cool Temperate Moist Forest on Mountains","#064000",2028,107,7.9961538461539,123.769230769231,-1.24999999999994,0.150000000000034,1.39999999999998,10,10,0,0,0.333333333333333,0.466666666666667,0.133333333333333
97,"Barbastella barbastellus",45.17033,5.506273,2026-01-24,"gbif","Cool Temperate","Moist","Forest","Mountains","Cool Temperate Moist",6,64,0,"Cool Temperate Moist Forest on Mountains","#064000",1219,108,11.6961538461539,109.307692307692,2.85000000000002,4.25000000000006,1.40000000000003,5,5,0,0,1,1,0
97,"Rhinolophus ferrumequinum",47.287261,4.84001,2024-10-04,"gbif","Cool Temperate","Moist","Forest","Mountains","Cool Temperate Moist",6,64,0,"Cool Temperate Moist Forest on Mountains","#064000",429,109,14.9192307692308,58.8461538461538,5.45000000000005,6.65000000000003,1.19999999999999,4,4,0,0,1,1,0
97,"Rhinolophus ferrumequinum",45.010024,3.576231,2026-03-10,"gbif","Cool Temperate","Moist","Forest","Mountains","Cool Temperate Moist",6,64,0,"Cool Temperate Moist Forest on Mountains","#064000",934,110,13.25,55.4615384615385,4.45000000000005,5.55000000000001,1.09999999999997,9,9,0,0,0.866666666666667,0.8,-0.0666666666666667
97,"Rhinolophus ferrumequinum",44.83328,2.55715,2022-01-26,"gbif","Cool Temperate","Moist","Forest","Mountains","Cool Temperate Moist",6,64,0,"Cool Temperate Moist Forest on Mountains","#064000",658,111,14.35,89,5.85000000000002,6.95000000000005,1.10000000000002,4,4,0,0,1,1,0
97,"Rhinolophus ferrumequinum",42.98531,-0.24709,2022-02-10,"gbif","Cool Temperate","Moist","Forest","Mountains","Cool Temperate Moist",6,64,0,"Cool Temperate Moist Forest on Mountains","#064000",1407,112,11.473076923077,147.769230769231,3.65000000000003,4.75000000000006,1.10000000000002,8,8,0,0,1,1,0
97,"Rhinolophus ferrumequinum",44.83328,2.55715,2022-12-07,"gbif","Cool Temperate","Moist","Forest","Mountains","Cool Temperate Moist",6,64,0,"Cool Temperate Moist Forest on Mountains","#064000",658,113,14.35,89,5.85000000000002,6.95000000000005,1.10000000000002,4,4,0,0,1,1,0
97,"Barbastella barbastellus",45.8048613976,5.5557891491,2024-11-24,"inat","Cool Temperate","Moist","Forest","Mountains","Cool Temperate Moist",6,64,0,"Cool Temperate Moist Forest on Mountains","#064000",930,114,12.8653846153846,141.692307692308,4.05000000000001,5.35000000000002,1.30000000000001,4,4,0,0,1,1,0
97,"Barbastella barbastellus",44.02256,3.56128,2022-01-22,"gbif","Cool Temperate","Moist","Forest","Mountains","Cool Temperate Moist",6,64,0,"Cool Temperate Moist Forest on Mountains","#064000",845,115,14.4269230769231,58.5384615384615,5.95000000000005,7.15000000000003,1.19999999999999,8,8,0,0,1,1,0
97,"Rhinolophus ferrumequinum",44.118654,7.524356,2024-05-21,"gbif","Cool Temperate","Moist","Forest","Mountains","Cool Temperate Moist",6,64,0,"Cool Temperate Moist Forest on Mountains","#064000",1910,116,8.12692307692311,108.538461538462,-0.749999999999943,0.650000000000034,1.39999999999998,8,4,0,0,0.642857142857143,0.571428571428571,-0.0714285714285715
97,"Barbastella barbastellus",45.910953,5.473824,2024-01-21,"gbif","Cool Temperate","Moist","Forest","Mountains","Cool Temperate Moist",6,64,0,"Cool Temperate Moist Forest on Mountains","#064000",648,117,14.6961538461539,136.461538461538,5.25000000000006,6.55000000000001,1.29999999999995,9,9,0,0,1,0.928571428571429,-0.0714285714285714
97,"Barbastella barbastellus",45.1154400138,4.6677423171,2025-09-12,"inat","Cool Temperate","Moist","Forest","Mountains","Cool Temperate Moist",6,64,0,"Cool Temperate Moist Forest on Mountains","#064000",708,118,14.9269230769231,71.6153846153846,5.95000000000005,7.25000000000006,1.30000000000001,5,5,0,0,1,1,0
97,"Rhinolophus ferrumequinum",42.49398,2.57486,2021-01-07,"gbif","Cool Temperate","Moist","Forest","Mountains","Cool Temperate Moist",6,64,0,"Cool Temperate Moist Forest on Mountains","#064000",919,119,14.6115384615385,102.307692307692,6.15000000000003,7.25000000000006,1.10000000000002,4,4,0,0,1,1,0
97,"Barbastella barbastellus",47.376143,3.7927,2024-10-28,"gbif","Cool Temperate","Moist","Forest","Mountains","Cool Temperate Moist",6,64,0,"Cool Temperate Moist Forest on Mountains","#064000",277,120,15.5423076923077,67.3846153846154,6.25000000000006,7.35000000000002,1.09999999999997,9,9,0,0,0.8,0.733333333333333,-0.0666666666666668
97,"Barbastella barbastellus",44.02256,3.56128,2022-01-22,"gbif","Cool Temperate","Moist","Forest","Mountains","Cool Temperate Moist",6,64,0,"Cool Temperate Moist Forest on Mountains","#064000",845,121,14.4269230769231,58.5384615384615,5.95000000000005,7.15000000000003,1.19999999999999,8,8,0,0,1,1,0
97,"Rhinolophus ferrumequinum",46.965269,6.011976,2024-04-30,"gbif","Cool Temperate","Moist","Forest","Mountains","Cool Temperate Moist",6,64,0,"Cool Temperate Moist Forest on Mountains","#064000",469,122,14.8807692307693,116.846153846154,5.55000000000001,6.75000000000006,1.20000000000005,5,5,0,0,1,1,0
97,"Barbastella barbastellus",43.7874405364,3.1134914036,2025-02-15,"inat","Cool Temperate","Moist","Forest","Mountains","Cool Temperate Moist",6,64,0,"Cool Temperate Moist Forest on Mountains","#064000",733,123,14.673076923077,60.2307692307692,6.55000000000001,7.65000000000003,1.10000000000002,5,5,0,0,1,1,0
97,"Barbastella barbastellus",44.4905517981,6.5189000842,2024-06-27,"inat","Cool Temperate","Moist","Forest","Mountains","Cool Temperate Moist",6,64,0,"Cool Temperate Moist Forest on Mountains","#064000",1966,124,7.00384615384621,121.769230769231,-2.04999999999995,-0.649999999999977,1.39999999999998,8,5,0,0,1,0.928571428571429,-0.0714285714285714
97,"Rhinolophus ferrumequinum",48.45815,6.9917,2022-01-29,"gbif","Cool Temperate","Moist","Forest","Mountains","Cool Temperate Moist",6,64,0,"Cool Temperate Moist Forest on Mountains","#064000",397,125,13.9346153846154,91.8461538461538,4.45000000000005,5.65000000000003,1.19999999999999,5,5,0,0,1,1,0
97,"Rhinolophus ferrumequinum",44.83328,2.55715,2023-04-20,"gbif","Cool Temperate","Moist","Forest","Mountains","Cool Temperate Moist",6,64,0,"Cool Temperate Moist Forest on Mountains","#064000",658,126,14.35,89,5.85000000000002,6.95000000000005,1.10000000000002,4,4,0,0,1,1,0
97,"Rhinolophus ferrumequinum",42.91218,0.36914,2022-01-29,"gbif","Cool Temperate","Moist","Forest","Mountains","Cool Temperate Moist",6,64,0,"Cool Temperate Moist Forest on Mountains","#064000",948,127,14.2653846153846,99.8461538461538,6.05000000000001,7.15000000000003,1.10000000000002,9,9,0,0,1,1,0
97,"Barbastella barbastellus",45.3825634181,5.8747797009,2025-11-10,"inat","Cool Temperate","Moist","Forest","Mountains","Cool Temperate Moist",6,64,0,"Cool Temperate Moist Forest on Mountains","#064000",1499,128,10.0653846153846,130.692307692308,0.850000000000023,2.25000000000006,1.40000000000003,8,5,0,0,1,1,0
97,"Barbastella barbastellus",44.02313,3.43655,2022-01-21,"gbif","Cool Temperate","Moist","Forest","Mountains","Cool Temperate Moist",6,64,0,"Cool Temperate Moist Forest on Mountains","#064000",1077,129,12.4653846153847,62.2307692307692,4.45000000000005,5.65000000000003,1.19999999999999,8,5,0,0,1,1,0
97,"Rhinolophus ferrumequinum",45.0100241075,3.5762312214,2026-03-10,"inat","Cool Temperate","Moist","Forest","Mountains","Cool Temperate Moist",6,64,0,"Cool Temperate Moist Forest on Mountains","#064000",934,130,13.25,55.4615384615385,4.45000000000005,5.55000000000001,1.09999999999997,9,9,0,0,0.866666666666667,0.8,-0.0666666666666667
97,"Barbastella barbastellus",45.382563,5.87478,2025-11-10,"gbif","Cool Temperate","Moist","Forest","Mountains","Cool Temperate Moist",6,64,0,"Cool Temperate Moist Forest on Mountains","#064000",1499,131,10.0653846153846,130.692307692308,0.850000000000023,2.25000000000006,1.40000000000003,8,5,0,0,1,1,0
97,"Barbastella barbastellus",44.0612057392,7.5177448285,2020-01-06,"inat","Cool Temperate","Moist","Forest","Mountains","Cool Temperate Moist",6,64,0,"Cool Temperate Moist Forest on Mountains","#064000",1822,132,8.58076923076925,104.692307692308,0.0500000000000114,1.45000000000005,1.40000000000003,8,8,0,0,1,1,0
97,"Rhinolophus ferrumequinum",42.83983,1.22809,2021-01-24,"gbif","Cool Temperate","Moist","Forest","Mountains","Cool Temperate Moist",6,64,0,"Cool Temperate Moist Forest on Mountains","#064000",1167,133,13.2500000000001,87.6153846153846,4.95000000000005,6.05000000000001,1.09999999999997,5,4,0,0,1,1,0
101,"Rhinolophus ferrumequinum",49.596389,3.412562,2025-10-19,"gbif","Cool Temperate","Moist","Forest","Tablelands","Cool Temperate Moist",71,89,181,"Cool Temperate Moist Forest on Tablelands","#4759B5",165,134,15.1961538461539,63.0769230769231,6.45000000000005,7.45000000000005,1,5,5,0,0,1,1,0
101,"Rhinolophus ferrumequinum",47.5076190887,4.8348014403,2025-12-26,"inat","Cool Temperate","Moist","Forest","Tablelands","Cool Temperate Moist",71,89,181,"Cool Temperate Moist Forest on Tablelands","#4759B5",477,135,14.4038461538462,68.3076923076923,5.25000000000006,6.45000000000005,1.19999999999999,4,4,0,0,0.933333333333333,0.933333333333333,0
101,"Rhinolophus ferrumequinum",45.01016,2.04802,2022-01-01,"gbif","Cool Temperate","Moist","Forest","Tablelands","Cool Temperate Moist",71,89,181,"Cool Temperate Moist Forest on Tablelands","#4759B5",617,136,14.8346153846154,115.692307692308,6.35000000000002,7.35000000000002,1,8,8,0,0,1,1,0
101,"Barbastella barbastellus",47.273402,6.161452,2026-02-01,"gbif","Cool Temperate","Moist","Forest","Tablelands","Cool Temperate Moist",71,89,181,"Cool Temperate Moist Forest on Tablelands","#4759B5",420,137,15.35,89.6923076923077,5.95000000000005,7.15000000000003,1.19999999999999,5,4,0,0,1,0.933333333333333,-0.0666666666666667
101,"Barbastella barbastellus",47.35151,4.749339,2025-02-07,"gbif","Cool Temperate","Moist","Forest","Tablelands","Cool Temperate Moist",71,89,181,"Cool Temperate Moist Forest on Tablelands","#4759B5",575,138,14.0038461538462,69.3076923076923,4.95000000000005,6.15000000000003,1.19999999999999,4,4,0,0,1,1,0
101,"Rhinolophus ferrumequinum",49.40562,5.13523,2022-02-19,"gbif","Cool Temperate","Moist","Forest","Tablelands","Cool Temperate Moist",71,89,181,"Cool Temperate Moist Forest on Tablelands","#4759B5",303,139,14.473076923077,80.3076923076923,5.35000000000002,6.45000000000005,1.10000000000002,5,5,0,0,0.714285714285714,0.785714285714286,0.0714285714285714
101,"Rhinolophus ferrumequinum",45.01016,2.04802,2022-01-01,"gbif","Cool Temperate","Moist","Forest","Tablelands","Cool Temperate Moist",71,89,181,"Cool Temperate Moist Forest on Tablelands","#4759B5",617,140,14.8346153846154,115.692307692308,6.35000000000002,7.35000000000002,1,8,8,0,0,1,1,0
101,"Rhinolophus ferrumequinum",47.7935,4.66968,2022-04-15,"gbif","Cool Temperate","Moist","Forest","Tablelands","Cool Temperate Moist",71,89,181,"Cool Temperate Moist Forest on Tablelands","#4759B5",364,141,15.0192307692308,71.6923076923077,5.75000000000006,6.85000000000002,1.09999999999997,4,4,0,0,1,1,0
101,"Barbastella barbastellus",45.2625260329,5.2807794937,2024-12-25,"inat","Cool Temperate","Moist","Forest","Tablelands","Cool Temperate Moist",71,89,181,"Cool Temperate Moist Forest on Tablelands","#4759B5",610,142,14.8884615384616,83,5.55000000000001,6.85000000000002,1.30000000000001,9,9,0,0,0.857142857142857,0.928571428571429,0.0714285714285715
101,"Rhinolophus ferrumequinum",49.33126,3.89404,2022-02-18,"gbif","Cool Temperate","Moist","Forest","Tablelands","Cool Temperate Moist",71,89,181,"Cool Temperate Moist Forest on Tablelands","#4759B5",142,143,15.6192307692308,57.0769230769231,6.35000000000002,7.35000000000002,1,10,10,0,0,0,0,0
101,"Rhinolophus ferrumequinum",48.32177,5.36117,2022-01-16,"gbif","Cool Temperate","Moist","Forest","Tablelands","Cool Temperate Moist",71,89,181,"Cool Temperate Moist Forest on Tablelands","#4759B5",404,144,14.2346153846154,80.7692307692308,5.25000000000006,6.35000000000002,1.09999999999997,12,12,0,0,0.4,0.4,0
101,"Rhinolophus ferrumequinum",45.01016,2.04802,2022-01-01,"gbif","Cool Temperate","Moist","Forest","Tablelands","Cool Temperate Moist",71,89,181,"Cool Temperate Moist Forest on Tablelands","#4759B5",617,145,14.8346153846154,115.692307692308,6.35000000000002,7.35000000000002,1,8,8,0,0,1,1,0
101,"Rhinolophus ferrumequinum",45.55038,2.03875,2022-05-17,"gbif","Cool Temperate","Moist","Forest","Tablelands","Cool Temperate Moist",71,89,181,"Cool Temperate Moist Forest on Tablelands","#4759B5",850,146,13.05,116.846153846154,4.85000000000002,5.85000000000002,1,8,8,0,0,1,1,0
101,"Rhinolophus ferrumequinum",49.22824,4.99059,2022-02-05,"gbif","Cool Temperate","Moist","Forest","Tablelands","Cool Temperate Moist",71,89,181,"Cool Temperate Moist Forest on Tablelands","#4759B5",251,147,15.05,75.1538461538462,5.75000000000006,6.85000000000002,1.09999999999997,4,4,0,0,1,1,0
101,"Barbastella barbastellus",45.262526,5.280779,2024-12-25,"gbif","Cool Temperate","Moist","Forest","Tablelands","Cool Temperate Moist",71,89,181,"Cool Temperate Moist Forest on Tablelands","#4759B5",610,148,14.8884615384616,83,5.55000000000001,6.85000000000002,1.30000000000001,9,9,0,0,0.857142857142857,0.928571428571429,0.0714285714285715
101,"Rhinolophus ferrumequinum",48.76561,5.65349,2022-02-15,"gbif","Cool Temperate","Moist","Forest","Tablelands","Cool Temperate Moist",71,89,181,"Cool Temperate Moist Forest on Tablelands","#4759B5",316,149,14.6653846153847,69.7692307692308,5.55000000000001,6.65000000000003,1.10000000000002,4,4,0,0,0.928571428571429,0.928571428571429,0
101,"Rhinolophus ferrumequinum",45.01016,2.04802,2022-01-01,"gbif","Cool Temperate","Moist","Forest","Tablelands","Cool Temperate Moist",71,89,181,"Cool Temperate Moist Forest on Tablelands","#4759B5",617,150,14.8346153846154,115.692307692308,6.35000000000002,7.35000000000002,1,8,8,0,0,1,1,0
101,"Rhinolophus ferrumequinum",49.22824,4.99059,2022-02-05,"gbif","Cool Temperate","Moist","Forest","Tablelands","Cool Temperate Moist",71,89,181,"Cool Temperate Moist Forest on Tablelands","#4759B5",251,151,15.05,75.1538461538462,5.75000000000006,6.85000000000002,1.09999999999997,4,4,0,0,1,1,0
101,"Barbastella barbastellus",47.2734017833,6.161451739,2026-02-01,"inat","Cool Temperate","Moist","Forest","Tablelands","Cool Temperate Moist",71,89,181,"Cool Temperate Moist Forest on Tablelands","#4759B5",420,152,15.35,89.6923076923077,5.95000000000005,7.15000000000003,1.19999999999999,5,4,0,0,1,0.933333333333333,-0.0666666666666667
101,"Barbastella barbastellus",48.743577,5.148699,2025-01-17,"gbif","Cool Temperate","Moist","Forest","Tablelands","Cool Temperate Moist",71,89,181,"Cool Temperate Moist Forest on Tablelands","#4759B5",290,153,14.8884615384616,75.6153846153846,5.75000000000006,6.85000000000002,1.09999999999997,4,4,0,0,1,1,0
101,"Rhinolophus ferrumequinum",49.12807,5.53498,2022-01-09,"gbif","Cool Temperate","Moist","Forest","Tablelands","Cool Temperate Moist",71,89,181,"Cool Temperate Moist Forest on Tablelands","#4759B5",364,154,14.173076923077,68.6153846153846,5.15000000000003,6.25000000000006,1.10000000000002,5,5,0,0,1,1,0
101,"Barbastella barbastellus",48.7435767871,5.148698615,2025-01-17,"inat","Cool Temperate","Moist","Forest","Tablelands","Cool Temperate Moist",71,89,181,"Cool Temperate Moist Forest on Tablelands","#4759B5",290,155,14.8884615384616,75.6153846153846,5.75000000000006,6.85000000000002,1.09999999999997,4,4,0,0,1,1,0
101,"Rhinolophus ferrumequinum",49.12807,5.53498,2022-01-09,"gbif","Cool Temperate","Moist","Forest","Tablelands","Cool Temperate Moist",71,89,181,"Cool Temperate Moist Forest on Tablelands","#4759B5",364,156,14.173076923077,68.6153846153846,5.15000000000003,6.25000000000006,1.10000000000002,5,5,0,0,1,1,0
101,"Rhinolophus ferrumequinum",49.12807,5.53498,2022-01-08,"gbif","Cool Temperate","Moist","Forest","Tablelands","Cool Temperate Moist",71,89,181,"Cool Temperate Moist Forest on Tablelands","#4759B5",364,157,14.173076923077,68.6153846153846,5.15000000000003,6.25000000000006,1.10000000000002,5,5,0,0,1,1,0
101,"Rhinolophus ferrumequinum",48.7584436369,5.7235721876,2025-07-12,"inat","Cool Temperate","Moist","Forest","Tablelands","Cool Temperate Moist",71,89,181,"Cool Temperate Moist Forest on Tablelands","#4759B5",354,158,14.6576923076923,66.6923076923077,5.45000000000005,6.55000000000001,1.09999999999997,4,4,0,0,1,1,0
101,"Rhinolophus ferrumequinum",45.01016,2.04802,2022-01-01,"gbif","Cool Temperate","Moist","Forest","Tablelands","Cool Temperate Moist",71,89,181,"Cool Temperate Moist Forest on Tablelands","#4759B5",617,159,14.8346153846154,115.692307692308,6.35000000000002,7.35000000000002,1,8,8,0,0,1,1,0
101,"Rhinolophus ferrumequinum",45.81933,1.90527,2022-09-10,"gbif","Cool Temperate","Moist","Forest","Tablelands","Cool Temperate Moist",71,89,181,"Cool Temperate Moist Forest on Tablelands","#4759B5",679,160,13.6653846153847,119.538461538462,5.35000000000002,6.35000000000002,1,8,8,0,0,1,1,0
101,"Rhinolophus ferrumequinum",47.42945,4.92372,2022-09-05,"gbif","Cool Temperate","Moist","Forest","Tablelands","Cool Temperate Moist",71,89,181,"Cool Temperate Moist Forest on Tablelands","#4759B5",497,161,14.2500000000001,70.3846153846154,5.15000000000003,6.35000000000002,1.19999999999999,4,4,0,0,1,1,0
101,"Rhinolophus ferrumequinum",49.22824,4.99059,2022-02-05,"gbif","Cool Temperate","Moist","Forest","Tablelands","Cool Temperate Moist",71,89,181,"Cool Temperate Moist Forest on Tablelands","#4759B5",251,162,15.05,75.1538461538462,5.75000000000006,6.85000000000002,1.09999999999997,4,4,0,0,1,1,0
101,"Rhinolophus ferrumequinum",48.66597,6.05608,2022-03-04,"gbif","Cool Temperate","Moist","Forest","Tablelands","Cool Temperate Moist",71,89,181,"Cool Temperate Moist Forest on Tablelands","#4759B5",328,163,14.6961538461539,67.8461538461538,5.35000000000002,6.55000000000001,1.19999999999999,4,4,0,0,1,1,0
101,"Rhinolophus ferrumequinum",47.507619,4.834801,2025-12-26,"gbif","Cool Temperate","Moist","Forest","Tablelands","Cool Temperate Moist",71,89,181,"Cool Temperate Moist Forest on Tablelands","#4759B5",477,164,14.4038461538462,68.3076923076923,5.25000000000006,6.45000000000005,1.19999999999999,4,4,0,0,0.933333333333333,0.933333333333333,0
101,"Rhinolophus ferrumequinum",45.36914,1.91412,2022-07-29,"gbif","Cool Temperate","Moist","Forest","Tablelands","Cool Temperate Moist",71,89,181,"Cool Temperate Moist Forest on Tablelands","#4759B5",592,165,14.65,120.692307692308,6.05000000000001,7.05000000000001,1,9,8,0,0,1,1,0
101,"Rhinolophus ferrumequinum",47.476963,4.983612,2025-05-29,"gbif","Cool Temperate","Moist","Forest","Tablelands","Cool Temperate Moist",71,89,181,"Cool Temperate Moist Forest on Tablelands","#4759B5",540,166,14.1653846153847,68.7692307692308,5.05000000000001,6.25000000000006,1.20000000000005,4,4,0,0,1,1,0
101,"Rhinolophus ferrumequinum",45.54921,1.9106,2022-09-15,"gbif","Cool Temperate","Moist","Forest","Tablelands","Cool Temperate Moist",71,89,181,"Cool Temperate Moist Forest on Tablelands","#4759B5",773,167,13.4807692307693,124.153846153846,5.15000000000003,6.15000000000003,1,8,8,0,0,1,1,0
101,"Rhinolophus ferrumequinum",49.22824,4.99059,2022-02-05,"gbif","Cool Temperate","Moist","Forest","Tablelands","Cool Temperate Moist",71,89,181,"Cool Temperate Moist Forest on Tablelands","#4759B5",251,168,15.05,75.1538461538462,5.75000000000006,6.85000000000002,1.09999999999997,4,4,0,0,1,1,0
101,"Barbastella barbastellus",47.3515104256,4.7493388179,2025-02-07,"inat","Cool Temperate","Moist","Forest","Tablelands","Cool Temperate Moist",71,89,181,"Cool Temperate Moist Forest on Tablelands","#4759B5",575,169,14.0038461538462,69.3076923076923,4.95000000000005,6.15000000000003,1.19999999999999,4,4,0,0,1,1,0
101,"Rhinolophus ferrumequinum",45.36914,1.91412,2022-06-09,"gbif","Cool Temperate","Moist","Forest","Tablelands","Cool Temperate Moist",71,89,181,"Cool Temperate Moist Forest on Tablelands","#4759B5",592,170,14.65,120.692307692308,6.05000000000001,7.05000000000001,1,9,8,0,0,1,1,0
101,"Rhinolophus ferrumequinum",45.01016,2.04802,2022-06-30,"gbif","Cool Temperate","Moist","Forest","Tablelands","Cool Temperate Moist",71,89,181,"Cool Temperate Moist Forest on Tablelands","#4759B5",617,171,14.8346153846154,115.692307692308,6.35000000000002,7.35000000000002,1,8,8,0,0,1,1,0
101,"Rhinolophus ferrumequinum",49.55,3.4,2025-01-12,"gbif","Cool Temperate","Moist","Forest","Tablelands","Cool Temperate Moist",71,89,181,"Cool Temperate Moist Forest on Tablelands","#4759B5",187,172,15.1423076923077,65.8461538461538,6.35000000000002,7.35000000000002,1,5,5,0,0,1,1,0
101,"Rhinolophus ferrumequinum",48.76561,5.65349,2022-02-13,"gbif","Cool Temperate","Moist","Forest","Tablelands","Cool Temperate Moist",71,89,181,"Cool Temperate Moist Forest on Tablelands","#4759B5",316,173,14.6653846153847,69.7692307692308,5.55000000000001,6.65000000000003,1.10000000000002,4,4,0,0,0.928571428571429,0.928571428571429,0
101,"Rhinolophus ferrumequinum",45.01016,2.04802,2022-01-01,"gbif","Cool Temperate","Moist","Forest","Tablelands","Cool Temperate Moist",71,89,181,"Cool Temperate Moist Forest on Tablelands","#4759B5",617,174,14.8346153846154,115.692307692308,6.35000000000002,7.35000000000002,1,8,8,0,0,1,1,0
101,"Rhinolophus ferrumequinum",48.758444,5.723572,2025-07-12,"gbif","Cool Temperate","Moist","Forest","Tablelands","Cool Temperate Moist",71,89,181,"Cool Temperate Moist Forest on Tablelands","#4759B5",354,175,14.6576923076923,66.6923076923077,5.45000000000005,6.55000000000001,1.09999999999997,4,4,0,0,1,1,0
102,"Rhinolophus ferrumequinum",44.834,2.81021,2022-07-05,"gbif","Cool Temperate","Moist","Cropland","Tablelands","Cool Temperate Moist",99,97,160,"Cool Temperate Moist Cropland on Tablelands","#6361A0",915,176,12.8423076923077,91.5384615384615,4.45000000000005,5.55000000000001,1.09999999999997,9,10,0,0,1,0.5,-0.5
102,"Barbastella barbastellus",48.50424,5.23396,2022-03-28,"gbif","Cool Temperate","Moist","Cropland","Tablelands","Cool Temperate Moist",99,97,160,"Cool Temperate Moist Cropland on Tablelands","#6361A0",350,177,14.473076923077,80.3076923076923,5.55000000000001,6.65000000000003,1.10000000000002,12,12,0,0,0.285714285714286,0.285714285714286,0
102,"Barbastella barbastellus",48.50424,5.23396,2022-03-28,"gbif","Cool Temperate","Moist","Cropland","Tablelands","Cool Temperate Moist",99,97,160,"Cool Temperate Moist Cropland on Tablelands","#6361A0",350,178,14.473076923077,80.3076923076923,5.55000000000001,6.65000000000003,1.10000000000002,12,12,0,0,0.285714285714286,0.285714285714286,0
102,"Barbastella barbastellus",48.50424,5.23396,2022-03-22,"gbif","Cool Temperate","Moist","Cropland","Tablelands","Cool Temperate Moist",99,97,160,"Cool Temperate Moist Cropland on Tablelands","#6361A0",350,179,14.473076923077,80.3076923076923,5.55000000000001,6.65000000000003,1.10000000000002,12,12,0,0,0.285714285714286,0.285714285714286,0
102,"Barbastella barbastellus",48.50424,5.23396,2022-03-22,"gbif","Cool Temperate","Moist","Cropland","Tablelands","Cool Temperate Moist",99,97,160,"Cool Temperate Moist Cropland on Tablelands","#6361A0",350,180,14.473076923077,80.3076923076923,5.55000000000001,6.65000000000003,1.10000000000002,12,12,0,0,0.285714285714286,0.285714285714286,0
102,"Barbastella barbastellus",48.50424,5.23396,2022-03-22,"gbif","Cool Temperate","Moist","Cropland","Tablelands","Cool Temperate Moist",99,97,160,"Cool Temperate Moist Cropland on Tablelands","#6361A0",350,181,14.473076923077,80.3076923076923,5.55000000000001,6.65000000000003,1.10000000000002,12,12,0,0,0.285714285714286,0.285714285714286,0
102,"Barbastella barbastellus",45.10411,3.19071,2022-01-16,"gbif","Cool Temperate","Moist","Cropland","Tablelands","Cool Temperate Moist",99,97,160,"Cool Temperate Moist Cropland on Tablelands","#6361A0",1017,182,12.3115384615385,76.4615384615385,3.65000000000003,4.75000000000006,1.10000000000002,9,10,0,0,1,0.625,-0.375
102,"Barbastella barbastellus",48.50424,5.23396,2022-03-28,"gbif","Cool Temperate","Moist","Cropland","Tablelands","Cool Temperate Moist",99,97,160,"Cool Temperate Moist Cropland on Tablelands","#6361A0",350,183,14.473076923077,80.3076923076923,5.55000000000001,6.65000000000003,1.10000000000002,12,12,0,0,0.285714285714286,0.285714285714286,0
102,"Barbastella barbastellus",47.564683,4.551556,2025-06-01,"gbif","Cool Temperate","Moist","Cropland","Tablelands","Cool Temperate Moist",99,97,160,"Cool Temperate Moist Cropland on Tablelands","#6361A0",358,184,15.0653846153846,69.5384615384615,5.85000000000002,6.95000000000005,1.10000000000002,12,12,0,0,0,0,0
102,"Rhinolophus ferrumequinum",49.77947,1.95937,2022-08-23,"gbif","Cool Temperate","Moist","Cropland","Tablelands","Cool Temperate Moist",99,97,160,"Cool Temperate Moist Cropland on Tablelands","#6361A0",139,185,14.7346153846154,66.6153846153846,6.85000000000002,7.75000000000006,0.900000000000034,12,12,0,0,0,0,0
102,"Rhinolophus ferrumequinum",49.2234,5.26502,2022-01-09,"gbif","Cool Temperate","Moist","Cropland","Tablelands","Cool Temperate Moist",99,97,160,"Cool Temperate Moist Cropland on Tablelands","#6361A0",260,186,15.1038461538462,68.3076923076923,5.75000000000006,6.85000000000002,1.09999999999997,12,12,0,0,0.333333333333333,0.333333333333333,0
102,"Barbastella barbastellus",48.50424,5.23396,2022-03-28,"gbif","Cool Temperate","Moist","Cropland","Tablelands","Cool Temperate Moist",99,97,160,"Cool Temperate Moist Cropland on Tablelands","#6361A0",350,187,14.473076923077,80.3076923076923,5.55000000000001,6.65000000000003,1.10000000000002,12,12,0,0,0.285714285714286,0.285714285714286,0
102,"Barbastella barbastellus",48.50424,5.23396,2022-03-28,"gbif","Cool Temperate","Moist","Cropland","Tablelands","Cool Temperate Moist",99,97,160,"Cool Temperate Moist Cropland on Tablelands","#6361A0",350,188,14.473076923077,80.3076923076923,5.55000000000001,6.65000000000003,1.10000000000002,12,12,0,0,0.285714285714286,0.285714285714286,0
102,"Rhinolophus ferrumequinum",47.353955,4.678432,2026-01-24,"gbif","Cool Temperate","Moist","Cropland","Tablelands","Cool Temperate Moist",99,97,160,"Cool Temperate Moist Cropland on Tablelands","#6361A0",541,189,14.1576923076923,68.2307692307692,5.05000000000001,6.25000000000006,1.20000000000005,12,12,0,0,0.571428571428571,0.642857142857143,0.0714285714285715
102,"Rhinolophus ferrumequinum",49.7752,1.54319,2022-06-28,"gbif","Cool Temperate","Moist","Cropland","Tablelands","Cool Temperate Moist",99,97,160,"Cool Temperate Moist Cropland on Tablelands","#6361A0",185,190,14.2192307692308,76.8461538461538,6.75000000000006,7.65000000000003,0.899999999999977,12,12,0,0,0,0,0
102,"Barbastella barbastellus",49.106035254,5.2445838545,2025-05-26,"inat","Cool Temperate","Moist","Cropland","Tablelands","Cool Temperate Moist",99,97,160,"Cool Temperate Moist Cropland on Tablelands","#6361A0",279,191,14.6884615384616,75.4615384615385,5.45000000000005,6.55000000000001,1.09999999999997,12,12,0,0,0,0,0
102,"Barbastella barbastellus",47.5646828747,4.5515559171,2025-06-01,"inat","Cool Temperate","Moist","Cropland","Tablelands","Cool Temperate Moist",99,97,160,"Cool Temperate Moist Cropland on Tablelands","#6361A0",358,192,15.0653846153846,69.5384615384615,5.85000000000002,6.95000000000005,1.10000000000002,12,12,0,0,0,0,0
102,"Rhinolophus ferrumequinum",49.163571,3.122026,2023-02-12,"gbif","Cool Temperate","Moist","Cropland","Tablelands","Cool Temperate Moist",99,97,160,"Cool Temperate Moist Cropland on Tablelands","#6361A0",126,193,15.7269230769231,58,6.75000000000006,7.75000000000006,1,12,12,0,0,0,0,0
102,"Rhinolophus ferrumequinum",49.1,6.62988,2022-01-15,"gbif","Cool Temperate","Moist","Cropland","Tablelands","Cool Temperate Moist",99,97,160,"Cool Temperate Moist Cropland on Tablelands","#6361A0",345,194,14.5269230769231,75.5384615384615,5.15000000000003,6.35000000000002,1.19999999999999,10,10,0,0,0.5,0.5,0
102,"Barbastella barbastellus",48.50424,5.23396,2022-03-22,"gbif","Cool Temperate","Moist","Cropland","Tablelands","Cool Temperate Moist",99,97,160,"Cool Temperate Moist Cropland on Tablelands","#6361A0",350,195,14.473076923077,80.3076923076923,5.55000000000001,6.65000000000003,1.10000000000002,12,12,0,0,0.285714285714286,0.285714285714286,0
102,"Barbastella barbastellus",48.50424,5.23396,2022-03-28,"gbif","Cool Temperate","Moist","Cropland","Tablelands","Cool Temperate Moist",99,97,160,"Cool Temperate Moist Cropland on Tablelands","#6361A0",350,196,14.473076923077,80.3076923076923,5.55000000000001,6.65000000000003,1.10000000000002,12,12,0,0,0.285714285714286,0.285714285714286,0
102,"Barbastella barbastellus",48.50424,5.23396,2022-03-28,"gbif","Cool Temperate","Moist","Cropland","Tablelands","Cool Temperate Moist",99,97,160,"Cool Temperate Moist Cropland on Tablelands","#6361A0",350,197,14.473076923077,80.3076923076923,5.55000000000001,6.65000000000003,1.10000000000002,12,12,0,0,0.285714285714286,0.285714285714286,0
102,"Barbastella barbastellus",48.50424,5.23396,2022-03-28,"gbif","Cool Temperate","Moist","Cropland","Tablelands","Cool Temperate Moist",99,97,160,"Cool Temperate Moist Cropland on Tablelands","#6361A0",350,198,14.473076923077,80.3076923076923,5.55000000000001,6.65000000000003,1.10000000000002,12,12,0,0,0.285714285714286,0.285714285714286,0
102,"Barbastella barbastellus",48.50424,5.23396,2022-03-28,"gbif","Cool Temperate","Moist","Cropland","Tablelands","Cool Temperate Moist",99,97,160,"Cool Temperate Moist Cropland on Tablelands","#6361A0",350,199,14.473076923077,80.3076923076923,5.55000000000001,6.65000000000003,1.10000000000002,12,12,0,0,0.285714285714286,0.285714285714286,0
102,"Barbastella barbastellus",48.50424,5.23396,2022-03-28,"gbif","Cool Temperate","Moist","Cropland","Tablelands","Cool Temperate Moist",99,97,160,"Cool Temperate Moist Cropland on Tablelands","#6361A0",350,200,14.473076923077,80.3076923076923,5.55000000000001,6.65000000000003,1.10000000000002,12,12,0,0,0.285714285714286,0.285714285714286,0
102,"Barbastella barbastellus",48.50424,5.23396,2022-03-23,"gbif","Cool Temperate","Moist","Cropland","Tablelands","Cool Temperate Moist",99,97,160,"Cool Temperate Moist Cropland on Tablelands","#6361A0",350,201,14.473076923077,80.3076923076923,5.55000000000001,6.65000000000003,1.10000000000002,12,12,0,0,0.285714285714286,0.285714285714286,0
102,"Rhinolophus ferrumequinum",47.3539545393,4.678432321,2026-01-24,"inat","Cool Temperate","Moist","Cropland","Tablelands","Cool Temperate Moist",99,97,160,"Cool Temperate Moist Cropland on Tablelands","#6361A0",541,202,14.1576923076923,68.2307692307692,5.05000000000001,6.25000000000006,1.20000000000005,12,12,0,0,0.571428571428571,0.642857142857143,0.0714285714285715
102,"Barbastella barbastellus",48.50424,5.23396,2022-03-29,"gbif","Cool Temperate","Moist","Cropland","Tablelands","Cool Temperate Moist",99,97,160,"Cool Temperate Moist Cropland on Tablelands","#6361A0",350,203,14.473076923077,80.3076923076923,5.55000000000001,6.65000000000003,1.10000000000002,12,12,0,0,0.285714285714286,0.285714285714286,0
102,"Barbastella barbastellus",48.50424,5.23396,2022-03-13,"gbif","Cool Temperate","Moist","Cropland","Tablelands","Cool Temperate Moist",99,97,160,"Cool Temperate Moist Cropland on Tablelands","#6361A0",350,204,14.473076923077,80.3076923076923,5.55000000000001,6.65000000000003,1.10000000000002,12,12,0,0,0.285714285714286,0.285714285714286,0
102,"Barbastella barbastellus",49.106035,5.244584,2025-05-26,"gbif","Cool Temperate","Moist","Cropland","Tablelands","Cool Temperate Moist",99,97,160,"Cool Temperate Moist Cropland on Tablelands","#6361A0",279,205,14.6884615384616,75.4615384615385,5.45000000000005,6.55000000000001,1.09999999999997,12,12,0,0,0,0,0
102,"Barbastella barbastellus",48.50424,5.23396,2022-03-28,"gbif","Cool Temperate","Moist","Cropland","Tablelands","Cool Temperate Moist",99,97,160,"Cool Temperate Moist Cropland on Tablelands","#6361A0",350,206,14.473076923077,80.3076923076923,5.55000000000001,6.65000000000003,1.10000000000002,12,12,0,0,0.285714285714286,0.285714285714286,0
102,"Rhinolophus ferrumequinum",47.97697,4.40735,2022-02-19,"gbif","Cool Temperate","Moist","Cropland","Tablelands","Cool Temperate Moist",99,97,160,"Cool Temperate Moist Cropland on Tablelands","#6361A0",308,207,15.2115384615385,68.2307692307692,6.05000000000001,7.15000000000003,1.10000000000002,8,8,0,0,0.5625,0.5625,0
102,"Barbastella barbastellus",48.50424,5.23396,2022-03-28,"gbif","Cool Temperate","Moist","Cropland","Tablelands","Cool Temperate Moist",99,97,160,"Cool Temperate Moist Cropland on Tablelands","#6361A0",350,208,14.473076923077,80.3076923076923,5.55000000000001,6.65000000000003,1.10000000000002,12,12,0,0,0.285714285714286,0.285714285714286,0
102,"Barbastella barbastellus",48.50424,5.23396,2022-03-28,"gbif","Cool Temperate","Moist","Cropland","Tablelands","Cool Temperate Moist",99,97,160,"Cool Temperate Moist Cropland on Tablelands","#6361A0",350,209,14.473076923077,80.3076923076923,5.55000000000001,6.65000000000003,1.10000000000002,12,12,0,0,0.285714285714286,0.285714285714286,0
102,"Barbastella barbastellus",49.1372899408,6.2859288501,2025-09-21,"inat","Cool Temperate","Moist","Cropland","Tablelands","Cool Temperate Moist",99,97,160,"Cool Temperate Moist Cropland on Tablelands","#6361A0",247,210,14.9346153846154,67.6923076923077,5.45000000000005,6.65000000000003,1.19999999999999,12,12,0,0,0,0,0
102,"Barbastella barbastellus",48.50424,5.23396,2022-03-28,"gbif","Cool Temperate","Moist","Cropland","Tablelands","Cool Temperate Moist",99,97,160,"Cool Temperate Moist Cropland on Tablelands","#6361A0",350,211,14.473076923077,80.3076923076923,5.55000000000001,6.65000000000003,1.10000000000002,12,12,0,0,0.285714285714286,0.285714285714286,0
102,"Barbastella barbastellus",48.50424,5.23396,2022-03-28,"gbif","Cool Temperate","Moist","Cropland","Tablelands","Cool Temperate Moist",99,97,160,"Cool Temperate Moist Cropland on Tablelands","#6361A0",350,212,14.473076923077,80.3076923076923,5.55000000000001,6.65000000000003,1.10000000000002,12,12,0,0,0.285714285714286,0.285714285714286,0
102,"Rhinolophus ferrumequinum",48.2544,3.47156,2022-05-18,"gbif","Cool Temperate","Moist","Cropland","Tablelands","Cool Temperate Moist",99,97,160,"Cool Temperate Moist Cropland on Tablelands","#6361A0",175,213,15.85,60.5384615384615,6.55000000000001,7.65000000000003,1.10000000000002,12,12,0,0,0,0,0
102,"Rhinolophus ferrumequinum",48.5177672096,5.0653426594,2021-11-01,"inat","Cool Temperate","Moist","Cropland","Tablelands","Cool Temperate Moist",99,97,160,"Cool Temperate Moist Cropland on Tablelands","#6361A0",261,214,15.173076923077,74.7692307692308,6.05000000000001,7.15000000000003,1.10000000000002,12,12,0,0,0.285714285714286,0.285714285714286,0
102,"Rhinolophus ferrumequinum",47.97849,4.27335,2022-02-19,"gbif","Cool Temperate","Moist","Cropland","Tablelands","Cool Temperate Moist",99,97,160,"Cool Temperate Moist Cropland on Tablelands","#6361A0",292,215,15.2884615384616,64.5384615384615,6.15000000000003,7.25000000000006,1.10000000000002,12,12,0,0,0,0,0
102,"Barbastella barbastellus",48.50424,5.23396,2022-03-13,"gbif","Cool Temperate","Moist","Cropland","Tablelands","Cool Temperate Moist",99,97,160,"Cool Temperate Moist Cropland on Tablelands","#6361A0",350,216,14.473076923077,80.3076923076923,5.55000000000001,6.65000000000003,1.10000000000002,12,12,0,0,0.285714285714286,0.285714285714286,0
102,"Rhinolophus ferrumequinum",49.2234,5.26502,2022-01-09,"gbif","Cool Temperate","Moist","Cropland","Tablelands","Cool Temperate Moist",99,97,160,"Cool Temperate Moist Cropland on Tablelands","#6361A0",260,217,15.1038461538462,68.3076923076923,5.75000000000006,6.85000000000002,1.09999999999997,12,12,0,0,0.333333333333333,0.333333333333333,0
102,"Barbastella barbastellus",48.50424,5.23396,2022-03-15,"gbif","Cool Temperate","Moist","Cropland","Tablelands","Cool Temperate Moist",99,97,160,"Cool Temperate Moist Cropland on Tablelands","#6361A0",350,218,14.473076923077,80.3076923076923,5.55000000000001,6.65000000000003,1.10000000000002,12,12,0,0,0.285714285714286,0.285714285714286,0
102,"Rhinolophus ferrumequinum",49.77947,1.95937,2022-07-27,"gbif","Cool Temperate","Moist","Cropland","Tablelands","Cool Temperate Moist",99,97,160,"Cool Temperate Moist Cropland on Tablelands","#6361A0",139,219,14.7346153846154,66.6153846153846,6.85000000000002,7.75000000000006,0.900000000000034,12,12,0,0,0,0,0
102,"Rhinolophus ferrumequinum",49.2234,5.26502,2022-01-08,"gbif","Cool Temperate","Moist","Cropland","Tablelands","Cool Temperate Moist",99,97,160,"Cool Temperate Moist Cropland on Tablelands","#6361A0",260,220,15.1038461538462,68.3076923076923,5.75000000000006,6.85000000000002,1.09999999999997,12,12,0,0,0.333333333333333,0.333333333333333,0
102,"Barbastella barbastellus",49.13729,6.285929,2025-09-21,"gbif","Cool Temperate","Moist","Cropland","Tablelands","Cool Temperate Moist",99,97,160,"Cool Temperate Moist Cropland on Tablelands","#6361A0",247,221,14.9346153846154,67.6923076923077,5.45000000000005,6.65000000000003,1.19999999999999,12,12,0,0,0,0,0
102,"Barbastella barbastellus",48.50424,5.23396,2022-03-21,"gbif","Cool Temperate","Moist","Cropland","Tablelands","Cool Temperate Moist",99,97,160,"Cool Temperate Moist Cropland on Tablelands","#6361A0",350,222,14.473076923077,80.3076923076923,5.55000000000001,6.65000000000003,1.10000000000002,12,12,0,0,0.285714285714286,0.285714285714286,0
102,"Barbastella barbastellus",48.50424,5.23396,2022-03-28,"gbif","Cool Temperate","Moist","Cropland","Tablelands","Cool Temperate Moist",99,97,160,"Cool Temperate Moist Cropland on Tablelands","#6361A0",350,223,14.473076923077,80.3076923076923,5.55000000000001,6.65000000000003,1.10000000000002,12,12,0,0,0.285714285714286,0.285714285714286,0
102,"Barbastella barbastellus",48.50424,5.23396,2022-03-28,"gbif","Cool Temperate","Moist","Cropland","Tablelands","Cool Temperate Moist",99,97,160,"Cool Temperate Moist Cropland on Tablelands","#6361A0",350,224,14.473076923077,80.3076923076923,5.55000000000001,6.65000000000003,1.10000000000002,12,12,0,0,0.285714285714286,0.285714285714286,0
102,"Rhinolophus ferrumequinum",48.58876,5.50887,2022-01-26,"gbif","Cool Temperate","Moist","Cropland","Tablelands","Cool Temperate Moist",99,97,160,"Cool Temperate Moist Cropland on Tablelands","#6361A0",369,225,14.2192307692308,75.3846153846154,5.25000000000006,6.35000000000002,1.09999999999997,12,12,0,0,0.4,0.4,0
102,"Barbastella barbastellus",48.50424,5.23396,2022-03-28,"gbif","Cool Temperate","Moist","Cropland","Tablelands","Cool Temperate Moist",99,97,160,"Cool Temperate Moist Cropland on Tablelands","#6361A0",350,226,14.473076923077,80.3076923076923,5.55000000000001,6.65000000000003,1.10000000000002,12,12,0,0,0.285714285714286,0.285714285714286,0
102,"Barbastella barbastellus",48.50424,5.23396,2022-03-28,"gbif","Cool Temperate","Moist","Cropland","Tablelands","Cool Temperate Moist",99,97,160,"Cool Temperate Moist Cropland on Tablelands","#6361A0",350,227,14.473076923077,80.3076923076923,5.55000000000001,6.65000000000003,1.10000000000002,12,12,0,0,0.285714285714286,0.285714285714286,0
102,"Barbastella barbastellus",48.50424,5.23396,2022-03-28,"gbif","Cool Temperate","Moist","Cropland","Tablelands","Cool Temperate Moist",99,97,160,"Cool Temperate Moist Cropland on Tablelands","#6361A0",350,228,14.473076923077,80.3076923076923,5.55000000000001,6.65000000000003,1.10000000000002,12,12,0,0,0.285714285714286,0.285714285714286,0
102,"Rhinolophus ferrumequinum",47.97697,4.40735,2022-02-19,"gbif","Cool Temperate","Moist","Cropland","Tablelands","Cool Temperate Moist",99,97,160,"Cool Temperate Moist Cropland on Tablelands","#6361A0",308,229,15.2115384615385,68.2307692307692,6.05000000000001,7.15000000000003,1.10000000000002,8,8,0,0,0.5625,0.5625,0
102,"Barbastella barbastellus",47.5760923581,4.4511876514,2026-05-30,"inat","Cool Temperate","Moist","Cropland","Tablelands","Cool Temperate Moist",99,97,160,"Cool Temperate Moist Cropland on Tablelands","#6361A0",385,230,15.0115384615385,66.4615384615385,5.85000000000002,6.95000000000005,1.10000000000002,12,12,0,0,0.0714285714285714,0.0714285714285714,0
102,"Barbastella barbastellus",48.50424,5.23396,2022-03-22,"gbif","Cool Temperate","Moist","Cropland","Tablelands","Cool Temperate Moist",99,97,160,"Cool Temperate Moist Cropland on Tablelands","#6361A0",350,231,14.473076923077,80.3076923076923,5.55000000000001,6.65000000000003,1.10000000000002,12,12,0,0,0.285714285714286,0.285714285714286,0
102,"Rhinolophus ferrumequinum",47.97697,4.40735,2022-02-19,"gbif","Cool Temperate","Moist","Cropland","Tablelands","Cool Temperate Moist",99,97,160,"Cool Temperate Moist Cropland on Tablelands","#6361A0",308,232,15.2115384615385,68.2307692307692,6.05000000000001,7.15000000000003,1.10000000000002,8,8,0,0,0.5625,0.5625,0
102,"Barbastella barbastellus",48.50424,5.23396,2022-03-28,"gbif","Cool Temperate","Moist","Cropland","Tablelands","Cool Temperate Moist",99,97,160,"Cool Temperate Moist Cropland on Tablelands","#6361A0",350,233,14.473076923077,80.3076923076923,5.55000000000001,6.65000000000003,1.10000000000002,12,12,0,0,0.285714285714286,0.285714285714286,0
102,"Rhinolophus ferrumequinum",48.47432,-3.28498,2022-09-16,"gbif","Cool Temperate","Moist","Cropland","Tablelands","Cool Temperate Moist",99,97,160,"Cool Temperate Moist Cropland on Tablelands","#6361A0",262,234,14.1192307692308,96.2307692307692,7.85000000000002,8.45000000000005,0.600000000000023,14,14,0,0,0.0714285714285714,0.0714285714285714,0
102,"Barbastella barbastellus",48.50424,5.23396,2022-03-28,"gbif","Cool Temperate","Moist","Cropland","Tablelands","Cool Temperate Moist",99,97,160,"Cool Temperate Moist Cropland on Tablelands","#6361A0",350,235,14.473076923077,80.3076923076923,5.55000000000001,6.65000000000003,1.10000000000002,12,12,0,0,0.285714285714286,0.285714285714286,0
102,"Barbastella barbastellus",48.50424,5.23396,2022-03-21,"gbif","Cool Temperate","Moist","Cropland","Tablelands","Cool Temperate Moist",99,97,160,"Cool Temperate Moist Cropland on Tablelands","#6361A0",350,236,14.473076923077,80.3076923076923,5.55000000000001,6.65000000000003,1.10000000000002,12,12,0,0,0.285714285714286,0.285714285714286,0
102,"Barbastella barbastellus",48.50424,5.23396,2022-03-28,"gbif","Cool Temperate","Moist","Cropland","Tablelands","Cool Temperate Moist",99,97,160,"Cool Temperate Moist Cropland on Tablelands","#6361A0",350,237,14.473076923077,80.3076923076923,5.55000000000001,6.65000000000003,1.10000000000002,12,12,0,0,0.285714285714286,0.285714285714286,0
102,"Barbastella barbastellus",48.50424,5.23396,2022-03-15,"gbif","Cool Temperate","Moist","Cropland","Tablelands","Cool Temperate Moist",99,97,160,"Cool Temperate Moist Cropland on Tablelands","#6361A0",350,238,14.473076923077,80.3076923076923,5.55000000000001,6.65000000000003,1.10000000000002,12,12,0,0,0.285714285714286,0.285714285714286,0
102,"Barbastella barbastellus",48.50424,5.23396,2022-03-21,"gbif","Cool Temperate","Moist","Cropland","Tablelands","Cool Temperate Moist",99,97,160,"Cool Temperate Moist Cropland on Tablelands","#6361A0",350,239,14.473076923077,80.3076923076923,5.55000000000001,6.65000000000003,1.10000000000002,12,12,0,0,0.285714285714286,0.285714285714286,0
102,"Barbastella barbastellus",48.50424,5.23396,2022-03-21,"gbif","Cool Temperate","Moist","Cropland","Tablelands","Cool Temperate Moist",99,97,160,"Cool Temperate Moist Cropland on Tablelands","#6361A0",350,240,14.473076923077,80.3076923076923,5.55000000000001,6.65000000000003,1.10000000000002,12,12,0,0,0.285714285714286,0.285714285714286,0
102,"Rhinolophus ferrumequinum",43.8523471073,3.3144136254,2026-03-18,"inat","Cool Temperate","Moist","Cropland","Tablelands","Cool Temperate Moist",99,97,160,"Cool Temperate Moist Cropland on Tablelands","#6361A0",747,241,14.6576923076923,54.8461538461538,6.45000000000005,7.65000000000003,1.19999999999999,12,12,0,0,0.266666666666667,0.2,-0.0666666666666667
102,"Barbastella barbastellus",48.50424,5.23396,2022-03-23,"gbif","Cool Temperate","Moist","Cropland","Tablelands","Cool Temperate Moist",99,97,160,"Cool Temperate Moist Cropland on Tablelands","#6361A0",350,242,14.473076923077,80.3076923076923,5.55000000000001,6.65000000000003,1.10000000000002,12,12,0,0,0.285714285714286,0.285714285714286,0
102,"Barbastella barbastellus",48.50424,5.23396,2022-03-28,"gbif","Cool Temperate","Moist","Cropland","Tablelands","Cool Temperate Moist",99,97,160,"Cool Temperate Moist Cropland on Tablelands","#6361A0",350,243,14.473076923077,80.3076923076923,5.55000000000001,6.65000000000003,1.10000000000002,12,12,0,0,0.285714285714286,0.285714285714286,0
102,"Barbastella barbastellus",48.50424,5.23396,2022-03-22,"gbif","Cool Temperate","Moist","Cropland","Tablelands","Cool Temperate Moist",99,97,160,"Cool Temperate Moist Cropland on Tablelands","#6361A0",350,244,14.473076923077,80.3076923076923,5.55000000000001,6.65000000000003,1.10000000000002,12,12,0,0,0.285714285714286,0.285714285714286,0
102,"Barbastella barbastellus",48.50424,5.23396,2022-03-21,"gbif","Cool Temperate","Moist","Cropland","Tablelands","Cool Temperate Moist",99,97,160,"Cool Temperate Moist Cropland on Tablelands","#6361A0",350,245,14.473076923077,80.3076923076923,5.55000000000001,6.65000000000003,1.10000000000002,12,12,0,0,0.285714285714286,0.285714285714286,0
102,"Barbastella barbastellus",48.50424,5.23396,2022-03-28,"gbif","Cool Temperate","Moist","Cropland","Tablelands","Cool Temperate Moist",99,97,160,"Cool Temperate Moist Cropland on Tablelands","#6361A0",350,246,14.473076923077,80.3076923076923,5.55000000000001,6.65000000000003,1.10000000000002,12,12,0,0,0.285714285714286,0.285714285714286,0
102,"Barbastella barbastellus",48.50424,5.23396,2022-03-13,"gbif","Cool Temperate","Moist","Cropland","Tablelands","Cool Temperate Moist",99,97,160,"Cool Temperate Moist Cropland on Tablelands","#6361A0",350,247,14.473076923077,80.3076923076923,5.55000000000001,6.65000000000003,1.10000000000002,12,12,0,0,0.285714285714286,0.285714285714286,0
103,"Rhinolophus ferrumequinum",45.79672,5.51076,2022-02-05,"gbif","Cool Temperate","Moist","Cropland","Mountains","Cool Temperate Moist",33,102,5,"Cool Temperate Moist Cropland on Mountains","#216605",619,248,14.8346153846154,127.461538461538,5.35000000000002,6.65000000000003,1.30000000000001,9,9,0,0,1,1,0
103,"Rhinolophus ferrumequinum",47.318046,4.875493,2024-03-23,"gbif","Cool Temperate","Moist","Cropland","Mountains","Cool Temperate Moist",33,102,5,"Cool Temperate Moist Cropland on Mountains","#216605",310,249,15.4807692307693,60.8461538461538,5.85000000000002,7.05000000000001,1.19999999999999,12,12,0,0,0.142857142857143,0.214285714285714,0.0714285714285714
103,"Rhinolophus ferrumequinum",45.1943,3.06367,2023-10-12,"gbif","Cool Temperate","Moist","Cropland","Mountains","Cool Temperate Moist",33,102,5,"Cool Temperate Moist Cropland on Mountains","#216605",921,250,12.5884615384616,71.3846153846154,3.85000000000002,4.95000000000005,1.10000000000002,9,9,0,0,0.928571428571429,0.785714285714286,-0.142857142857143
103,"Rhinolophus ferrumequinum",43.718089,6.340222,2026-01-11,"gbif","Cool Temperate","Moist","Cropland","Mountains","Cool Temperate Moist",33,102,5,"Cool Temperate Moist Cropland on Mountains","#216605",1107,251,13.5192307692308,76.3846153846154,4.75000000000006,6.15000000000003,1.39999999999998,9,9,0,0,0.642857142857143,0.714285714285714,0.0714285714285714
103,"Rhinolophus ferrumequinum",45.1943,3.06367,2022-04-07,"gbif","Cool Temperate","Moist","Cropland","Mountains","Cool Temperate Moist",33,102,5,"Cool Temperate Moist Cropland on Mountains","#216605",921,252,12.5884615384616,71.3846153846154,3.85000000000002,4.95000000000005,1.10000000000002,9,9,0,0,0.928571428571429,0.785714285714286,-0.142857142857143
103,"Rhinolophus ferrumequinum",43.7180891909,6.3402218686,2026-01-11,"inat","Cool Temperate","Moist","Cropland","Mountains","Cool Temperate Moist",33,102,5,"Cool Temperate Moist Cropland on Mountains","#216605",1107,253,13.5192307692308,76.3846153846154,4.75000000000006,6.15000000000003,1.39999999999998,9,9,0,0,0.642857142857143,0.714285714285714,0.0714285714285714
103,"Rhinolophus ferrumequinum",45.1943,3.06367,2023-10-12,"gbif","Cool Temperate","Moist","Cropland","Mountains","Cool Temperate Moist",33,102,5,"Cool Temperate Moist Cropland on Mountains","#216605",921,254,12.5884615384616,71.3846153846154,3.85000000000002,4.95000000000005,1.10000000000002,9,9,0,0,0.928571428571429,0.785714285714286,-0.142857142857143
103,"Barbastella barbastellus",45.1943,3.06367,2023-08-31,"gbif","Cool Temperate","Moist","Cropland","Mountains","Cool Temperate Moist",33,102,5,"Cool Temperate Moist Cropland on Mountains","#216605",921,255,12.5884615384616,71.3846153846154,3.85000000000002,4.95000000000005,1.10000000000002,9,9,0,0,0.928571428571429,0.785714285714286,-0.142857142857143
103,"Rhinolophus ferrumequinum",45.1943,3.06367,2022-11-18,"gbif","Cool Temperate","Moist","Cropland","Mountains","Cool Temperate Moist",33,102,5,"Cool Temperate Moist Cropland on Mountains","#216605",921,256,12.5884615384616,71.3846153846154,3.85000000000002,4.95000000000005,1.10000000000002,9,9,0,0,0.928571428571429,0.785714285714286,-0.142857142857143
103,"Rhinolophus ferrumequinum",47.377686,3.784421,2024-10-28,"gbif","Cool Temperate","Moist","Cropland","Mountains","Cool Temperate Moist",33,102,5,"Cool Temperate Moist Cropland on Mountains","#216605",215,257,16.1269230769231,66.6153846153846,6.65000000000003,7.75000000000006,1.10000000000002,9,9,0,0,0.642857142857143,0.5,-0.142857142857143
103,"Barbastella barbastellus",44.9192113046,3.6415155644,2025-09-08,"inat","Cool Temperate","Moist","Cropland","Mountains","Cool Temperate Moist",33,102,5,"Cool Temperate Moist Cropland on Mountains","#216605",933,258,13.1961538461539,57.2307692307692,4.45000000000005,5.55000000000001,1.09999999999997,9,9,0,0,1,0.933333333333333,-0.0666666666666667
103,"Rhinolophus ferrumequinum",45.3703,2.04186,2022-06-20,"gbif","Cool Temperate","Moist","Cropland","Mountains","Cool Temperate Moist",33,102,5,"Cool Temperate Moist Cropland on Mountains","#216605",598,259,14.5653846153846,107.846153846154,5.95000000000005,6.95000000000005,1,8,8,0,0,1,1,0
103,"Rhinolophus ferrumequinum",43.7316162769,6.2707386785,2026-01-11,"inat","Cool Temperate","Moist","Cropland","Mountains","Cool Temperate Moist",33,102,5,"Cool Temperate Moist Cropland on Mountains","#216605",918,260,14.9269230769231,78.9230769230769,5.85000000000002,7.25000000000006,1.40000000000003,10,10,0,0,0.0714285714285714,0.214285714285714,0.142857142857143
103,"Rhinolophus ferrumequinum",46.6419393395,5.5586027159,2023-10-03,"inat","Cool Temperate","Moist","Cropland","Mountains","Cool Temperate Moist",33,102,5,"Cool Temperate Moist Cropland on Mountains","#216605",298,261,16.1269230769231,94.7692307692308,6.65000000000003,7.85000000000002,1.19999999999999,9,9,0,0,1,0.933333333333333,-0.0666666666666667
103,"Rhinolophus ferrumequinum",45.79672,5.51076,2022-02-05,"gbif","Cool Temperate","Moist","Cropland","Mountains","Cool Temperate Moist",33,102,5,"Cool Temperate Moist Cropland on Mountains","#216605",619,262,14.8346153846154,127.461538461538,5.35000000000002,6.65000000000003,1.30000000000001,9,9,0,0,1,1,0
103,"Rhinolophus ferrumequinum",45.79672,5.51076,2022-02-05,"gbif","Cool Temperate","Moist","Cropland","Mountains","Cool Temperate Moist",33,102,5,"Cool Temperate Moist Cropland on Mountains","#216605",619,263,14.8346153846154,127.461538461538,5.35000000000002,6.65000000000003,1.30000000000001,9,9,0,0,1,1,0
103,"Rhinolophus ferrumequinum",46.641939,5.558603,2023-10-03,"gbif","Cool Temperate","Moist","Cropland","Mountains","Cool Temperate Moist",33,102,5,"Cool Temperate Moist Cropland on Mountains","#216605",298,264,16.1269230769231,94.7692307692308,6.65000000000003,7.85000000000002,1.19999999999999,9,9,0,0,1,0.933333333333333,-0.0666666666666667
103,"Rhinolophus ferrumequinum",45.1943,3.06367,2023-10-12,"gbif","Cool Temperate","Moist","Cropland","Mountains","Cool Temperate Moist",33,102,5,"Cool Temperate Moist Cropland on Mountains","#216605",921,265,12.5884615384616,71.3846153846154,3.85000000000002,4.95000000000005,1.10000000000002,9,9,0,0,0.928571428571429,0.785714285714286,-0.142857142857143
103,"Barbastella barbastellus",45.79672,5.51076,2022-02-05,"gbif","Cool Temperate","Moist","Cropland","Mountains","Cool Temperate Moist",33,102,5,"Cool Temperate Moist Cropland on Mountains","#216605",619,266,14.8346153846154,127.461538461538,5.35000000000002,6.65000000000003,1.30000000000001,9,9,0,0,1,1,0
103,"Rhinolophus ferrumequinum",45.1943,3.06367,2023-03-21,"gbif","Cool Temperate","Moist","Cropland","Mountains","Cool Temperate Moist",33,102,5,"Cool Temperate Moist Cropland on Mountains","#216605",921,267,12.5884615384616,71.3846153846154,3.85000000000002,4.95000000000005,1.10000000000002,9,9,0,0,0.928571428571429,0.785714285714286,-0.142857142857143
103,"Rhinolophus ferrumequinum",45.1943,3.06367,2023-10-12,"gbif","Cool Temperate","Moist","Cropland","Mountains","Cool Temperate Moist",33,102,5,"Cool Temperate Moist Cropland on Mountains","#216605",921,268,12.5884615384616,71.3846153846154,3.85000000000002,4.95000000000005,1.10000000000002,9,9,0,0,0.928571428571429,0.785714285714286,-0.142857142857143
103,"Rhinolophus ferrumequinum",45.1943,3.06367,2022-11-18,"gbif","Cool Temperate","Moist","Cropland","Mountains","Cool Temperate Moist",33,102,5,"Cool Temperate Moist Cropland on Mountains","#216605",921,269,12.5884615384616,71.3846153846154,3.85000000000002,4.95000000000005,1.10000000000002,9,9,0,0,0.928571428571429,0.785714285714286,-0.142857142857143
103,"Rhinolophus ferrumequinum",45.1943,3.06367,2023-04-06,"gbif","Cool Temperate","Moist","Cropland","Mountains","Cool Temperate Moist",33,102,5,"Cool Temperate Moist Cropland on Mountains","#216605",921,270,12.5884615384616,71.3846153846154,3.85000000000002,4.95000000000005,1.10000000000002,9,9,0,0,0.928571428571429,0.785714285714286,-0.142857142857143
103,"Rhinolophus ferrumequinum",45.1943,3.06367,2023-10-12,"gbif","Cool Temperate","Moist","Cropland","Mountains","Cool Temperate Moist",33,102,5,"Cool Temperate Moist Cropland on Mountains","#216605",921,271,12.5884615384616,71.3846153846154,3.85000000000002,4.95000000000005,1.10000000000002,9,9,0,0,0.928571428571429,0.785714285714286,-0.142857142857143
103,"Rhinolophus ferrumequinum",44.202214,3.448033,2023-04-06,"gbif","Cool Temperate","Moist","Cropland","Mountains","Cool Temperate Moist",33,102,5,"Cool Temperate Moist Cropland on Mountains","#216605",924,272,13.0269230769231,58.4615384615385,4.65000000000003,5.85000000000002,1.19999999999999,10,10,0,0,0.2,0.333333333333333,0.133333333333333
103,"Barbastella barbastellus",44.272179,3.375694,2026-01-31,"gbif","Cool Temperate","Moist","Cropland","Mountains","Cool Temperate Moist",33,102,5,"Cool Temperate Moist Cropland on Mountains","#216605",1047,273,12.5346153846154,61.8461538461538,4.15000000000003,5.25000000000006,1.10000000000002,8,8,0,0,0.928571428571429,1,0.0714285714285714
103,"Rhinolophus ferrumequinum",45.1943,3.06367,2022-11-18,"gbif","Cool Temperate","Moist","Cropland","Mountains","Cool Temperate Moist",33,102,5,"Cool Temperate Moist Cropland on Mountains","#216605",921,274,12.5884615384616,71.3846153846154,3.85000000000002,4.95000000000005,1.10000000000002,9,9,0,0,0.928571428571429,0.785714285714286,-0.142857142857143
103,"Barbastella barbastellus",45.79672,5.51076,2022-02-05,"gbif","Cool Temperate","Moist","Cropland","Mountains","Cool Temperate Moist",33,102,5,"Cool Temperate Moist Cropland on Mountains","#216605",619,275,14.8346153846154,127.461538461538,5.35000000000002,6.65000000000003,1.30000000000001,9,9,0,0,1,1,0
103,"Rhinolophus ferrumequinum",45.1943,3.06367,2023-04-06,"gbif","Cool Temperate","Moist","Cropland","Mountains","Cool Temperate Moist",33,102,5,"Cool Temperate Moist Cropland on Mountains","#216605",921,276,12.5884615384616,71.3846153846154,3.85000000000002,4.95000000000005,1.10000000000002,9,9,0,0,0.928571428571429,0.785714285714286,-0.142857142857143
103,"Barbastella barbastellus",44.2721789638,3.3756943334,2026-01-31,"inat","Cool Temperate","Moist","Cropland","Mountains","Cool Temperate Moist",33,102,5,"Cool Temperate Moist Cropland on Mountains","#216605",1047,277,12.5346153846154,61.8461538461538,4.15000000000003,5.25000000000006,1.10000000000002,8,8,0,0,0.928571428571429,1,0.0714285714285714
103,"Rhinolophus ferrumequinum",45.1943,3.06367,2022-10-07,"gbif","Cool Temperate","Moist","Cropland","Mountains","Cool Temperate Moist",33,102,5,"Cool Temperate Moist Cropland on Mountains","#216605",921,278,12.5884615384616,71.3846153846154,3.85000000000002,4.95000000000005,1.10000000000002,9,9,0,0,0.928571428571429,0.785714285714286,-0.142857142857143
103,"Rhinolophus ferrumequinum",43.731616,6.270739,2026-01-11,"gbif","Cool Temperate","Moist","Cropland","Mountains","Cool Temperate Moist",33,102,5,"Cool Temperate Moist Cropland on Mountains","#216605",918,279,14.9269230769231,78.9230769230769,5.85000000000002,7.25000000000006,1.40000000000003,10,10,0,0,0.0714285714285714,0.214285714285714,0.142857142857143
103,"Rhinolophus ferrumequinum",45.1943,3.06367,2023-07-21,"gbif","Cool Temperate","Moist","Cropland","Mountains","Cool Temperate Moist",33,102,5,"Cool Temperate Moist Cropland on Mountains","#216605",921,280,12.5884615384616,71.3846153846154,3.85000000000002,4.95000000000005,1.10000000000002,9,9,0,0,0.928571428571429,0.785714285714286,-0.142857142857143
103,"Rhinolophus ferrumequinum",45.1943,3.06367,2022-09-05,"gbif","Cool Temperate","Moist","Cropland","Mountains","Cool Temperate Moist",33,102,5,"Cool Temperate Moist Cropland on Mountains","#216605",921,281,12.5884615384616,71.3846153846154,3.85000000000002,4.95000000000005,1.10000000000002,9,9,0,0,0.928571428571429,0.785714285714286,-0.142857142857143
103,"Rhinolophus ferrumequinum",45.1943,3.06367,2022-11-18,"gbif","Cool Temperate","Moist","Cropland","Mountains","Cool Temperate Moist",33,102,5,"Cool Temperate Moist Cropland on Mountains","#216605",921,282,12.5884615384616,71.3846153846154,3.85000000000002,4.95000000000005,1.10000000000002,9,9,0,0,0.928571428571429,0.785714285714286,-0.142857142857143
103,"Rhinolophus ferrumequinum",45.1943,3.06367,2023-04-06,"gbif","Cool Temperate","Moist","Cropland","Mountains","Cool Temperate Moist",33,102,5,"Cool Temperate Moist Cropland on Mountains","#216605",921,283,12.5884615384616,71.3846153846154,3.85000000000002,4.95000000000005,1.10000000000002,9,9,0,0,0.928571428571429,0.785714285714286,-0.142857142857143
105,"Rhinolophus ferrumequinum",47.580741,6.33159,2022-05-08,"gbif","Cool Temperate","Moist","Forest","Hills","Cool Temperate Moist",2,99,1,"Cool Temperate Moist Forest on Hills","#026301",355,284,15.4192307692308,96.5384615384615,5.85000000000002,7.05000000000001,1.19999999999999,9,9,0,0,0.785714285714286,0.857142857142857,0.0714285714285714
105,"Rhinolophus ferrumequinum",49.22074,5.40221,2022-01-08,"gbif","Cool Temperate","Moist","Forest","Hills","Cool Temperate Moist",2,99,1,"Cool Temperate Moist Forest on Hills","#026301",263,285,14.7500000000001,76.5384615384615,5.55000000000001,6.65000000000003,1.10000000000002,5,5,0,0,0.928571428571429,1,0.0714285714285714
105,"Rhinolophus ferrumequinum",49.49028,5.4148,2022-02-19,"gbif","Cool Temperate","Moist","Forest","Hills","Cool Temperate Moist",2,99,1,"Cool Temperate Moist Forest on Hills","#026301",278,286,14.3269230769231,78.4615384615385,5.25000000000006,6.35000000000002,1.09999999999997,9,9,0,0,0.642857142857143,0.785714285714286,0.142857142857143
105,"Rhinolophus ferrumequinum",49.22074,5.40221,2022-01-09,"gbif","Cool Temperate","Moist","Forest","Hills","Cool Temperate Moist",2,99,1,"Cool Temperate Moist Forest on Hills","#026301",263,287,14.7500000000001,76.5384615384615,5.55000000000001,6.65000000000003,1.10000000000002,5,5,0,0,0.928571428571429,1,0.0714285714285714
105,"Rhinolophus ferrumequinum",48.2392,4.95325,2022-01-16,"gbif","Cool Temperate","Moist","Forest","Hills","Cool Temperate Moist",2,99,1,"Cool Temperate Moist Forest on Hills","#026301",286,288,15.1346153846154,75.4615384615385,5.95000000000005,7.05000000000001,1.09999999999997,14,14,0,0,0.6,0.6,0
105,"Rhinolophus ferrumequinum",49.28759,6.36795,2022-02-26,"gbif","Cool Temperate","Moist","Forest","Hills","Cool Temperate Moist",2,99,1,"Cool Temperate Moist Forest on Hills","#026301",287,289,14.4192307692308,71.4615384615385,5.25000000000006,6.45000000000005,1.19999999999999,8,8,0,0,0.857142857142857,0.857142857142857,0
105,"Rhinolophus ferrumequinum",48.3333,4.6868,2022-02-05,"gbif","Cool Temperate","Moist","Forest","Hills","Cool Temperate Moist",2,99,1,"Cool Temperate Moist Forest on Hills","#026301",181,290,15.8653846153846,65.7692307692308,6.55000000000001,7.65000000000003,1.10000000000002,9,14,0,0,0.642857142857143,0.571428571428571,-0.0714285714285715
105,"Rhinolophus ferrumequinum",49.9531,1.39886,2023-09-14,"gbif","Cool Temperate","Moist","Forest","Hills","Cool Temperate Moist",2,99,1,"Cool Temperate Moist Forest on Hills","#026301",133,291,14.473076923077,78.6153846153846,7.75000000000006,8.65000000000003,0.899999999999977,5,5,0,0,0.285714285714286,0.142857142857143,-0.142857142857143
105,"Rhinolophus ferrumequinum",47.460761,4.916511,2025-12-26,"gbif","Cool Temperate","Moist","Forest","Hills","Cool Temperate Moist",2,99,1,"Cool Temperate Moist Forest on Hills","#026301",442,292,14.4423076923077,68.4615384615385,5.25000000000006,6.45000000000005,1.19999999999999,4,4,0,0,0.866666666666667,0.866666666666667,0
105,"Rhinolophus ferrumequinum",47.4260936355,4.9508832656,2025-12-26,"inat","Cool Temperate","Moist","Forest","Hills","Cool Temperate Moist",2,99,1,"Cool Temperate Moist Forest on Hills","#026301",463,293,14.8269230769231,69.5384615384615,5.45000000000005,6.65000000000003,1.19999999999999,4,4,0,0,1,1,0
105,"Rhinolophus ferrumequinum",49.22074,5.40221,2022-01-09,"gbif","Cool Temperate","Moist","Forest","Hills","Cool Temperate Moist",2,99,1,"Cool Temperate Moist Forest on Hills","#026301",263,294,14.7500000000001,76.5384615384615,5.55000000000001,6.65000000000003,1.10000000000002,5,5,0,0,0.928571428571429,1,0.0714285714285714
105,"Rhinolophus ferrumequinum",48.03666,6.01974,2022-02-26,"gbif","Cool Temperate","Moist","Forest","Hills","Cool Temperate Moist",2,99,1,"Cool Temperate Moist Forest on Hills","#026301",317,295,15.0884615384616,81.3076923076923,5.45000000000005,6.65000000000003,1.19999999999999,8,9,0,0,1,0.928571428571429,-0.0714285714285714
105,"Rhinolophus ferrumequinum",47.4607611284,4.916511119,2025-12-26,"inat","Cool Temperate","Moist","Forest","Hills","Cool Temperate Moist",2,99,1,"Cool Temperate Moist Forest on Hills","#026301",442,296,14.4423076923077,68.4615384615385,5.25000000000006,6.45000000000005,1.19999999999999,4,4,0,0,0.866666666666667,0.866666666666667,0
105,"Rhinolophus ferrumequinum",49.22074,5.40221,2022-01-08,"gbif","Cool Temperate","Moist","Forest","Hills","Cool Temperate Moist",2,99,1,"Cool Temperate Moist Forest on Hills","#026301",263,297,14.7500000000001,76.5384615384615,5.55000000000001,6.65000000000003,1.10000000000002,5,5,0,0,0.928571428571429,1,0.0714285714285714
105,"Rhinolophus ferrumequinum",49.22074,5.40221,2022-01-08,"gbif","Cool Temperate","Moist","Forest","Hills","Cool Temperate Moist",2,99,1,"Cool Temperate Moist Forest on Hills","#026301",263,298,14.7500000000001,76.5384615384615,5.55000000000001,6.65000000000003,1.10000000000002,5,5,0,0,0.928571428571429,1,0.0714285714285714
105,"Rhinolophus ferrumequinum",48.3333,4.6868,2022-02-05,"gbif","Cool Temperate","Moist","Forest","Hills","Cool Temperate Moist",2,99,1,"Cool Temperate Moist Forest on Hills","#026301",181,299,15.8653846153846,65.7692307692308,6.55000000000001,7.65000000000003,1.10000000000002,9,14,0,0,0.642857142857143,0.571428571428571,-0.0714285714285715
105,"Rhinolophus ferrumequinum",48.97477,3.2049,2023-05-31,"gbif","Cool Temperate","Moist","Forest","Hills","Cool Temperate Moist",2,99,1,"Cool Temperate Moist Forest on Hills","#026301",144,300,16.0653846153846,55.4615384615385,6.75000000000006,7.75000000000006,1,12,10,0,0,0.214285714285714,0.214285714285714,0
105,"Rhinolophus ferrumequinum",47.570262,6.176425,2024-11-02,"gbif","Cool Temperate","Moist","Forest","Hills","Cool Temperate Moist",2,99,1,"Cool Temperate Moist Forest on Hills","#026301",314,301,15.6192307692308,93.6153846153846,5.95000000000005,7.15000000000003,1.19999999999999,8,8,0,0,1,1,0
105,"Rhinolophus ferrumequinum",49.22074,5.40221,2022-01-09,"gbif","Cool Temperate","Moist","Forest","Hills","Cool Temperate Moist",2,99,1,"Cool Temperate Moist Forest on Hills","#026301",263,302,14.7500000000001,76.5384615384615,5.55000000000001,6.65000000000003,1.10000000000002,5,5,0,0,0.928571428571429,1,0.0714285714285714
105,"Rhinolophus ferrumequinum",49.9531,1.39886,2023-07-05,"gbif","Cool Temperate","Moist","Forest","Hills","Cool Temperate Moist",2,99,1,"Cool Temperate Moist Forest on Hills","#026301",133,303,14.473076923077,78.6153846153846,7.75000000000006,8.65000000000003,0.899999999999977,5,5,0,0,0.285714285714286,0.142857142857143,-0.142857142857143
105,"Rhinolophus ferrumequinum",47.364691,5.946642,2023-01-22,"gbif","Cool Temperate","Moist","Forest","Hills","Cool Temperate Moist",2,99,1,"Cool Temperate Moist Forest on Hills","#026301",257,304,16.3884615384616,81.3076923076923,6.45000000000005,7.65000000000003,1.19999999999999,8,8,0,0,0.866666666666667,0.933333333333333,0.0666666666666667
105,"Rhinolophus ferrumequinum",49.18981,6.63618,2022-01-30,"gbif","Cool Temperate","Moist","Forest","Hills","Cool Temperate Moist",2,99,1,"Cool Temperate Moist Forest on Hills","#026301",281,305,14.8269230769231,67.0769230769231,5.35000000000002,6.55000000000001,1.19999999999999,9,9,0,0,0.875,1,0.125
105,"Rhinolophus ferrumequinum",49.18981,6.63618,2022-01-15,"gbif","Cool Temperate","Moist","Forest","Hills","Cool Temperate Moist",2,99,1,"Cool Temperate Moist Forest on Hills","#026301",281,306,14.8269230769231,67.0769230769231,5.35000000000002,6.55000000000001,1.19999999999999,9,9,0,0,0.875,1,0.125
105,"Rhinolophus ferrumequinum",49.49028,5.4148,2022-02-20,"gbif","Cool Temperate","Moist","Forest","Hills","Cool Temperate Moist",2,99,1,"Cool Temperate Moist Forest on Hills","#026301",278,307,14.3269230769231,78.4615384615385,5.25000000000006,6.35000000000002,1.09999999999997,9,9,0,0,0.642857142857143,0.785714285714286,0.142857142857143
105,"Barbastella barbastellus",48.97477,3.2049,2023-06-05,"gbif","Cool Temperate","Moist","Forest","Hills","Cool Temperate Moist",2,99,1,"Cool Temperate Moist Forest on Hills","#026301",144,308,16.0653846153846,55.4615384615385,6.75000000000006,7.75000000000006,1,12,10,0,0,0.214285714285714,0.214285714285714,0
105,"Rhinolophus ferrumequinum",47.484613,4.89113,2025-05-29,"gbif","Cool Temperate","Moist","Forest","Hills","Cool Temperate Moist",2,99,1,"Cool Temperate Moist Forest on Hills","#026301",426,309,14.65,68.3076923076923,5.35000000000002,6.55000000000001,1.19999999999999,4,4,0,0,1,1,0
105,"Rhinolophus ferrumequinum",49.22074,5.40221,2022-01-08,"gbif","Cool Temperate","Moist","Forest","Hills","Cool Temperate Moist",2,99,1,"Cool Temperate Moist Forest on Hills","#026301",263,310,14.7500000000001,76.5384615384615,5.55000000000001,6.65000000000003,1.10000000000002,5,5,0,0,0.928571428571429,1,0.0714285714285714
105,"Rhinolophus ferrumequinum",49.22074,5.40221,2022-01-07,"gbif","Cool Temperate","Moist","Forest","Hills","Cool Temperate Moist",2,99,1,"Cool Temperate Moist Forest on Hills","#026301",263,311,14.7500000000001,76.5384615384615,5.55000000000001,6.65000000000003,1.10000000000002,5,5,0,0,0.928571428571429,1,0.0714285714285714
105,"Barbastella barbastellus",48.876819,5.539613,2024-11-17,"gbif","Cool Temperate","Moist","Forest","Hills","Cool Temperate Moist",2,99,1,"Cool Temperate Moist Forest on Hills","#026301",356,312,14.4807692307693,64.3846153846154,5.35000000000002,6.45000000000005,1.10000000000002,8,8,0,0,0.333333333333333,0.333333333333333,0
105,"Rhinolophus ferrumequinum",47.426094,4.950883,2025-12-26,"gbif","Cool Temperate","Moist","Forest","Hills","Cool Temperate Moist",2,99,1,"Cool Temperate Moist Forest on Hills","#026301",463,313,14.8269230769231,69.5384615384615,5.45000000000005,6.65000000000003,1.19999999999999,4,4,0,0,1,1,0
105,"Rhinolophus ferrumequinum",49.28759,6.36795,2022-01-25,"gbif","Cool Temperate","Moist","Forest","Hills","Cool Temperate Moist",2,99,1,"Cool Temperate Moist Forest on Hills","#026301",287,314,14.4192307692308,71.4615384615385,5.25000000000006,6.45000000000005,1.19999999999999,8,8,0,0,0.857142857142857,0.857142857142857,0
105,"Rhinolophus ferrumequinum",49.22074,5.40221,2022-01-09,"gbif","Cool Temperate","Moist","Forest","Hills","Cool Temperate Moist",2,99,1,"Cool Temperate Moist Forest on Hills","#026301",263,315,14.7500000000001,76.5384615384615,5.55000000000001,6.65000000000003,1.10000000000002,5,5,0,0,0.928571428571429,1,0.0714285714285714
105,"Rhinolophus ferrumequinum",47.77934,5.47069,2022-01-15,"gbif","Cool Temperate","Moist","Forest","Hills","Cool Temperate Moist",2,99,1,"Cool Temperate Moist Forest on Hills","#026301",336,316,15.0576923076923,72.1538461538462,5.65000000000003,6.85000000000002,1.19999999999999,4,4,0,0,1,1,0
105,"Rhinolophus ferrumequinum",49.22074,5.40221,2022-01-08,"gbif","Cool Temperate","Moist","Forest","Hills","Cool Temperate Moist",2,99,1,"Cool Temperate Moist Forest on Hills","#026301",263,317,14.7500000000001,76.5384615384615,5.55000000000001,6.65000000000003,1.10000000000002,5,5,0,0,0.928571428571429,1,0.0714285714285714
107,"Rhinolophus ferrumequinum",45.28434,3.06378,2022-02-05,"gbif","Cool Temperate","Moist","Grassland","Mountains","Cool Temperate Moist",26,83,0,"Cool Temperate Moist Grassland on Mountains","#1A5300",1148,318,11.55,73.3846153846154,2.95000000000005,4.05000000000001,1.09999999999997,9,10,0,0,0.714285714285714,0.642857142857143,-0.0714285714285714
107,"Rhinolophus ferrumequinum",45.28434,3.06378,2022-02-05,"gbif","Cool Temperate","Moist","Grassland","Mountains","Cool Temperate Moist",26,83,0,"Cool Temperate Moist Grassland on Mountains","#1A5300",1148,319,11.55,73.3846153846154,2.95000000000005,4.05000000000001,1.09999999999997,9,10,0,0,0.714285714285714,0.642857142857143,-0.0714285714285714
107,"Barbastella barbastellus",47.2884815495,4.6921990089,2023-01-22,"inat","Cool Temperate","Moist","Grassland","Mountains","Cool Temperate Moist",26,83,0,"Cool Temperate Moist Grassland on Mountains","#1A5300",538,320,14.2807692307692,68.0769230769231,5.15000000000003,6.35000000000002,1.19999999999999,12,10,0,0,0.642857142857143,0.714285714285714,0.0714285714285714
107,"Barbastella barbastellus",45.10382,2.68215,2023-09-05,"gbif","Cool Temperate","Moist","Grassland","Mountains","Cool Temperate Moist",26,83,0,"Cool Temperate Moist Grassland on Mountains","#1A5300",1516,321,9.4961538461539,105.461538461538,1.55000000000001,2.65000000000003,1.10000000000002,9,9,0,0,1,1,0
107,"Barbastella barbastellus",45.088829,3.410521,2023-08-18,"gbif","Cool Temperate","Moist","Grassland","Mountains","Cool Temperate Moist",26,83,0,"Cool Temperate Moist Grassland on Mountains","#1A5300",890,322,13.5346153846154,63.1538461538462,4.55000000000001,5.65000000000003,1.10000000000002,9,9,0,0,1,1,0
107,"Rhinolophus ferrumequinum",45.2839,2.68112,2021-01-14,"gbif","Cool Temperate","Moist","Grassland","Mountains","Cool Temperate Moist",26,83,0,"Cool Temperate Moist Grassland on Mountains","#1A5300",957,323,12.4115384615385,85.6923076923077,4.05000000000001,5.15000000000003,1.10000000000002,9,9,0,0,1,1,0
107,"Rhinolophus ferrumequinum",47.2415066569,4.7301760752,2023-01-22,"inat","Cool Temperate","Moist","Grassland","Mountains","Cool Temperate Moist",26,83,0,"Cool Temperate Moist Grassland on Mountains","#1A5300",532,324,14.6115384615385,64.3076923076923,5.25000000000006,6.45000000000005,1.19999999999999,4,4,0,0,1,1,0
107,"Rhinolophus ferrumequinum",43.9444172574,3.4857509323,2026-02-05,"inat","Cool Temperate","Moist","Grassland","Mountains","Cool Temperate Moist",26,83,0,"Cool Temperate Moist Grassland on Mountains","#1A5300",777,325,14.5192307692308,54.9230769230769,6.15000000000003,7.35000000000002,1.19999999999999,10,10,0,0,0.307692307692308,0,-0.307692307692308
107,"Rhinolophus ferrumequinum",45.28434,3.06378,2022-02-05,"gbif","Cool Temperate","Moist","Grassland","Mountains","Cool Temperate Moist",26,83,0,"Cool Temperate Moist Grassland on Mountains","#1A5300",1148,326,11.55,73.3846153846154,2.95000000000005,4.05000000000001,1.09999999999997,9,10,0,0,0.714285714285714,0.642857142857143,-0.0714285714285714
107,"Barbastella barbastellus",45.10382,2.68215,2023-09-07,"gbif","Cool Temperate","Moist","Grassland","Mountains","Cool Temperate Moist",26,83,0,"Cool Temperate Moist Grassland on Mountains","#1A5300",1516,327,9.4961538461539,105.461538461538,1.55000000000001,2.65000000000003,1.10000000000002,9,9,0,0,1,1,0
107,"Barbastella barbastellus",47.06102,6.68174,2023-08-16,"gbif","Cool Temperate","Moist","Grassland","Mountains","Cool Temperate Moist",26,83,0,"Cool Temperate Moist Grassland on Mountains","#1A5300",762,328,12.8423076923077,105.384615384615,4.05000000000001,5.35000000000002,1.30000000000001,10,10,0,0,0.6875,0.5,-0.1875
107,"Barbastella barbastellus",43.0375258577,0.0616881988,2025-08-30,"inat","Cool Temperate","Moist","Grassland","Mountains","Cool Temperate Moist",26,83,0,"Cool Temperate Moist Grassland on Mountains","#1A5300",922,329,14.2192307692308,130.923076923077,6.05000000000001,7.15000000000003,1.10000000000002,8,8,0,0,1,1,0
107,"Rhinolophus ferrumequinum",43.05044,-0.98733,2022-02-18,"gbif","Cool Temperate","Moist","Grassland","Mountains","Cool Temperate Moist",26,83,0,"Cool Temperate Moist Grassland on Mountains","#1A5300",901,330,13.65,144.153846153846,5.75000000000006,6.85000000000002,1.09999999999997,9,9,0,0,1,1,0
107,"Rhinolophus ferrumequinum",45.331323,4.434472,2022-02-05,"gbif","Cool Temperate","Moist","Grassland","Mountains","Cool Temperate Moist",26,83,0,"Cool Temperate Moist Grassland on Mountains","#1A5300",955,331,12.95,75.7692307692308,4.05000000000001,5.25000000000006,1.20000000000005,9,9,0,0,0.75,0.625,-0.125
107,"Rhinolophus ferrumequinum",46.33377,5.66549,2022-09-08,"gbif","Cool Temperate","Moist","Grassland","Mountains","Cool Temperate Moist",26,83,0,"Cool Temperate Moist Grassland on Mountains","#1A5300",524,332,14.3807692307693,119.461538461538,5.15000000000003,6.45000000000005,1.30000000000001,4,4,0,0,1,1,0
107,"Rhinolophus ferrumequinum",47.06102,6.68174,2023-08-16,"gbif","Cool Temperate","Moist","Grassland","Mountains","Cool Temperate Moist",26,83,0,"Cool Temperate Moist Grassland on Mountains","#1A5300",762,333,12.8423076923077,105.384615384615,4.05000000000001,5.35000000000002,1.30000000000001,10,10,0,0,0.6875,0.5,-0.1875
107,"Rhinolophus ferrumequinum",47.26212,3.8596,2022-04-29,"gbif","Cool Temperate","Moist","Grassland","Mountains","Cool Temperate Moist",26,83,0,"Cool Temperate Moist Grassland on Mountains","#1A5300",432,334,14.7269230769231,84.6153846153846,5.65000000000003,6.75000000000006,1.10000000000002,9,9,0,0,1,1,0
107,"Rhinolophus ferrumequinum",45.28434,3.06378,2022-02-05,"gbif","Cool Temperate","Moist","Grassland","Mountains","Cool Temperate Moist",26,83,0,"Cool Temperate Moist Grassland on Mountains","#1A5300",1148,335,11.55,73.3846153846154,2.95000000000005,4.05000000000001,1.09999999999997,9,10,0,0,0.714285714285714,0.642857142857143,-0.0714285714285714
107,"Barbastella barbastellus",47.3,6.2,2023-02-04,"gbif","Cool Temperate","Moist","Grassland","Mountains","Cool Temperate Moist",26,83,0,"Cool Temperate Moist Grassland on Mountains","#1A5300",442,336,15.6346153846154,89.8461538461538,6.15000000000003,7.35000000000002,1.19999999999999,4,4,0,0,0.928571428571429,1,0.0714285714285714
107,"Barbastella barbastellus",43.93313,3.43587,2022-02-01,"gbif","Cool Temperate","Moist","Grassland","Mountains","Cool Temperate Moist",26,83,0,"Cool Temperate Moist Grassland on Mountains","#1A5300",775,337,14.6346153846154,52.5384615384615,6.25000000000006,7.45000000000005,1.19999999999999,8,8,0,0,1,1,0
107,"Barbastella barbastellus",43.93313,3.43587,2022-01-22,"gbif","Cool Temperate","Moist","Grassland","Mountains","Cool Temperate Moist",26,83,0,"Cool Temperate Moist Grassland on Mountains","#1A5300",775,338,14.6346153846154,52.5384615384615,6.25000000000006,7.45000000000005,1.19999999999999,8,8,0,0,1,1,0
107,"Rhinolophus ferrumequinum",44.65365,2.68469,2022-01-29,"gbif","Cool Temperate","Moist","Grassland","Mountains","Cool Temperate Moist",26,83,0,"Cool Temperate Moist Grassland on Mountains","#1A5300",673,339,14.5192307692308,99.0769230769231,6.05000000000001,7.15000000000003,1.10000000000002,9,9,0,0,0.928571428571429,0.928571428571429,0
107,"Rhinolophus ferrumequinum",43.05044,-0.98733,2022-02-18,"gbif","Cool Temperate","Moist","Grassland","Mountains","Cool Temperate Moist",26,83,0,"Cool Temperate Moist Grassland on Mountains","#1A5300",901,340,13.65,144.153846153846,5.75000000000006,6.85000000000002,1.09999999999997,9,9,0,0,1,1,0
107,"Rhinolophus ferrumequinum",44.076615,3.320897,2023-10-01,"gbif","Cool Temperate","Moist","Grassland","Mountains","Cool Temperate Moist",26,83,0,"Cool Temperate Moist Grassland on Mountains","#1A5300",636,341,14.3423076923077,59.3076923076923,5.95000000000005,7.15000000000003,1.19999999999999,9,9,0,0,0.866666666666667,0.933333333333333,0.0666666666666667
107,"Rhinolophus ferrumequinum",45.28434,3.06378,2022-02-05,"gbif","Cool Temperate","Moist","Grassland","Mountains","Cool Temperate Moist",26,83,0,"Cool Temperate Moist Grassland on Mountains","#1A5300",1148,342,11.55,73.3846153846154,2.95000000000005,4.05000000000001,1.09999999999997,9,10,0,0,0.714285714285714,0.642857142857143,-0.0714285714285714
107,"Barbastella barbastellus",45.28434,3.06378,2022-02-05,"gbif","Cool Temperate","Moist","Grassland","Mountains","Cool Temperate Moist",26,83,0,"Cool Temperate Moist Grassland on Mountains","#1A5300",1148,343,11.55,73.3846153846154,2.95000000000005,4.05000000000001,1.09999999999997,9,10,0,0,0.714285714285714,0.642857142857143,-0.0714285714285714
107,"Barbastella barbastellus",45.10382,2.68215,2023-10-10,"gbif","Cool Temperate","Moist","Grassland","Mountains","Cool Temperate Moist",26,83,0,"Cool Temperate Moist Grassland on Mountains","#1A5300",1516,344,9.4961538461539,105.461538461538,1.55000000000001,2.65000000000003,1.10000000000002,9,9,0,0,1,1,0
107,"Barbastella barbastellus",45.308568,4.411977,2022-02-05,"gbif","Cool Temperate","Moist","Grassland","Mountains","Cool Temperate Moist",26,83,0,"Cool Temperate Moist Grassland on Mountains","#1A5300",997,345,12.7576923076924,74.1538461538462,3.95000000000005,5.15000000000003,1.19999999999999,8,8,0,0,0.857142857142857,0.785714285714286,-0.0714285714285714
107,"Barbastella barbastellus",45.635063,3.573291,2024-08-17,"gbif","Cool Temperate","Moist","Grassland","Mountains","Cool Temperate Moist",26,83,0,"Cool Temperate Moist Grassland on Mountains","#1A5300",741,346,14.2576923076924,78.8461538461538,4.85000000000002,5.95000000000005,1.10000000000002,9,9,0,0,1,1,0
107,"Rhinolophus ferrumequinum",45.783406,6.19908,2024-11-19,"gbif","Cool Temperate","Moist","Grassland","Mountains","Cool Temperate Moist",26,83,0,"Cool Temperate Moist Grassland on Mountains","#1A5300",542,347,14.4115384615385,115.692307692308,4.15000000000003,5.45000000000005,1.30000000000001,8,8,0,0,0.9375,0.9375,0
107,"Rhinolophus ferrumequinum",44.65365,2.68469,2022-01-29,"gbif","Cool Temperate","Moist","Grassland","Mountains","Cool Temperate Moist",26,83,0,"Cool Temperate Moist Grassland on Mountains","#1A5300",673,348,14.5192307692308,99.0769230769231,6.05000000000001,7.15000000000003,1.10000000000002,9,9,0,0,0.928571428571429,0.928571428571429,0
107,"Rhinolophus ferrumequinum",43.93313,3.43587,2022-02-01,"gbif","Cool Temperate","Moist","Grassland","Mountains","Cool Temperate Moist",26,83,0,"Cool Temperate Moist Grassland on Mountains","#1A5300",775,349,14.6346153846154,52.5384615384615,6.25000000000006,7.45000000000005,1.19999999999999,8,8,0,0,1,1,0
107,"Barbastella barbastellus",43.037526,0.061688,2025-08-30,"gbif","Cool Temperate","Moist","Grassland","Mountains","Cool Temperate Moist",26,83,0,"Cool Temperate Moist Grassland on Mountains","#1A5300",922,350,14.2192307692308,130.923076923077,6.05000000000001,7.15000000000003,1.10000000000002,8,8,0,0,1,1,0
107,"Barbastella barbastellus",43.93313,3.43587,2022-01-22,"gbif","Cool Temperate","Moist","Grassland","Mountains","Cool Temperate Moist",26,83,0,"Cool Temperate Moist Grassland on Mountains","#1A5300",775,351,14.6346153846154,52.5384615384615,6.25000000000006,7.45000000000005,1.19999999999999,8,8,0,0,1,1,0
107,"Barbastella barbastellus",45.9045907857,5.4773538582,2024-11-24,"inat","Cool Temperate","Moist","Grassland","Mountains","Cool Temperate Moist",26,83,0,"Cool Temperate Moist Grassland on Mountains","#1A5300",674,352,14.273076923077,138.076923076923,4.95000000000005,6.25000000000006,1.30000000000001,9,10,0,0,1,0.928571428571429,-0.0714285714285714
107,"Barbastella barbastellus",45.2839,2.68112,2022-02-04,"gbif","Cool Temperate","Moist","Grassland","Mountains","Cool Temperate Moist",26,83,0,"Cool Temperate Moist Grassland on Mountains","#1A5300",957,353,12.4115384615385,85.6923076923077,4.05000000000001,5.15000000000003,1.10000000000002,9,9,0,0,1,1,0
108,"Rhinolophus ferrumequinum",47.87204,5.34118,2022-01-15,"gbif","Cool Temperate","Moist","Settlement","Hills","Cool Temperate Moist",67,109,14,"Cool Temperate Moist Settlement on Hills","#436D0E",378,354,14.6038461538462,68.9230769230769,5.35000000000002,6.55000000000001,1.19999999999999,12,9,0,0,0.357142857142857,0.428571428571429,0.0714285714285714
108,"Rhinolophus ferrumequinum",49.13088,5.39804,2022-01-07,"gbif","Cool Temperate","Moist","Settlement","Hills","Cool Temperate Moist",67,109,14,"Cool Temperate Moist Settlement on Hills","#436D0E",204,355,15.1269230769231,64.3846153846154,5.75000000000006,6.85000000000002,1.09999999999997,12,12,0,0,0,0,0
108,"Rhinolophus ferrumequinum",49.13088,5.39804,2022-01-07,"gbif","Cool Temperate","Moist","Settlement","Hills","Cool Temperate Moist",67,109,14,"Cool Temperate Moist Settlement on Hills","#436D0E",204,356,15.1269230769231,64.3846153846154,5.75000000000006,6.85000000000002,1.09999999999997,12,12,0,0,0,0,0
108,"Rhinolophus ferrumequinum",49.77157,4.73421,2022-01-08,"gbif","Cool Temperate","Moist","Settlement","Hills","Cool Temperate Moist",67,109,14,"Cool Temperate Moist Settlement on Hills","#436D0E",150,357,14.8192307692308,81,5.75000000000006,6.75000000000006,1,13,13,0,0,0,0,0
109,"Rhinolophus ferrumequinum",47.4172092754,4.4496526915,2025-08-09,"inat","Cool Temperate","Moist","Grassland","Tablelands","Cool Temperate Moist",78,92,155,"Cool Temperate Moist Grassland on Tablelands","#4E5C9B",404,358,14.5807692307692,68.6923076923077,5.45000000000005,6.55000000000001,1.09999999999997,12,12,0,0,0,0,0
109,"Rhinolophus ferrumequinum",49.19778,6.3621,2022-01-21,"gbif","Cool Temperate","Moist","Grassland","Tablelands","Cool Temperate Moist",78,92,155,"Cool Temperate Moist Grassland on Tablelands","#4E5C9B",319,359,14.5269230769231,72.3076923076923,5.25000000000006,6.45000000000005,1.19999999999999,9,9,0,0,0.8,0.933333333333333,0.133333333333333
109,"Rhinolophus ferrumequinum",46.71524,4.50558,2022-07-20,"gbif","Cool Temperate","Moist","Grassland","Tablelands","Cool Temperate Moist",78,92,155,"Cool Temperate Moist Grassland on Tablelands","#4E5C9B",367,360,15.8115384615385,62.4615384615385,6.25000000000006,7.45000000000005,1.19999999999999,9,9,0,0,0.466666666666667,0.4,-0.0666666666666667
109,"Rhinolophus ferrumequinum",49.582207,5.335882,2025-06-28,"gbif","Cool Temperate","Moist","Grassland","Tablelands","Cool Temperate Moist",78,92,155,"Cool Temperate Moist Grassland on Tablelands","#4E5C9B",302,361,14.2653846153846,81.1538461538462,5.25000000000006,6.35000000000002,1.09999999999997,10,9,0,0,0.142857142857143,0.214285714285714,0.0714285714285714
109,"Rhinolophus ferrumequinum",49.86503,1.54063,2022-06-07,"gbif","Cool Temperate","Moist","Grassland","Tablelands","Cool Temperate Moist",78,92,155,"Cool Temperate Moist Grassland on Tablelands","#4E5C9B",185,362,14.4115384615385,71.5384615384615,6.95000000000005,7.85000000000002,0.899999999999977,12,12,0,0,0,0,0
109,"Rhinolophus ferrumequinum",43.8381467697,3.3518944303,2026-03-18,"inat","Cool Temperate","Moist","Grassland","Tablelands","Cool Temperate Moist",78,92,155,"Cool Temperate Moist Grassland on Tablelands","#4E5C9B",762,363,14.7192307692308,55,6.45000000000005,7.65000000000003,1.19999999999999,9,10,0,0,1,0.785714285714286,-0.214285714285714
109,"Rhinolophus ferrumequinum",43.838147,3.351894,2026-03-18,"gbif","Cool Temperate","Moist","Grassland","Tablelands","Cool Temperate Moist",78,92,155,"Cool Temperate Moist Grassland on Tablelands","#4E5C9B",762,364,14.7192307692308,55,6.45000000000005,7.65000000000003,1.19999999999999,9,10,0,0,1,0.785714285714286,-0.214285714285714
109,"Rhinolophus ferrumequinum",47.13602,6.055911,2023-08-20,"gbif","Cool Temperate","Moist","Grassland","Tablelands","Cool Temperate Moist",78,92,155,"Cool Temperate Moist Grassland on Tablelands","#4E5C9B",445,365,15.3576923076923,105.230769230769,5.95000000000005,7.15000000000003,1.19999999999999,10,10,0,0,0.857142857142857,0.785714285714286,-0.0714285714285714
109,"Rhinolophus ferrumequinum",45.46297,2.42417,2022-01-01,"gbif","Cool Temperate","Moist","Grassland","Tablelands","Cool Temperate Moist",78,92,155,"Cool Temperate Moist Grassland on Tablelands","#4E5C9B",717,366,13.8653846153846,97.7692307692308,5.25000000000006,6.35000000000002,1.09999999999997,9,9,0,0,1,1,0
109,"Rhinolophus ferrumequinum",46.71524,4.50558,2022-05-24,"gbif","Cool Temperate","Moist","Grassland","Tablelands","Cool Temperate Moist",78,92,155,"Cool Temperate Moist Grassland on Tablelands","#4E5C9B",367,367,15.8115384615385,62.4615384615385,6.25000000000006,7.45000000000005,1.19999999999999,9,9,0,0,0.466666666666667,0.4,-0.0666666666666667
109,"Rhinolophus ferrumequinum",49.271842,5.142948,2022-10-24,"gbif","Cool Temperate","Moist","Grassland","Tablelands","Cool Temperate Moist",78,92,155,"Cool Temperate Moist Grassland on Tablelands","#4E5C9B",313,368,14.6807692307693,80.3076923076923,5.45000000000005,6.55000000000001,1.09999999999997,12,14,0,0,0,0,0
109,"Rhinolophus ferrumequinum",46.830868,6.063168,2025-08-18,"gbif","Cool Temperate","Moist","Grassland","Tablelands","Cool Temperate Moist",78,92,155,"Cool Temperate Moist Grassland on Tablelands","#4E5C9B",816,369,12.9423076923077,133.846153846154,4.15000000000003,5.35000000000002,1.19999999999999,10,10,0,0,0.133333333333333,0.133333333333333,0
110,"Rhinolophus ferrumequinum",48.24519,4.54924,2022-02-05,"gbif","Cool Temperate","Moist","Cropland","Hills","Cool Temperate Moist",33,144,30,"Cool Temperate Moist Cropland on Hills","#21901E",213,370,15.7346153846154,67.2307692307692,6.45000000000005,7.55000000000001,1.09999999999997,12,12,0,0,0,0,0
110,"Rhinolophus ferrumequinum",48.85845,5.52186,2022-02-12,"gbif","Cool Temperate","Moist","Cropland","Hills","Cool Temperate Moist",33,144,30,"Cool Temperate Moist Cropland on Hills","#21901E",237,371,15.0730769230769,61.0769230769231,5.75000000000006,6.85000000000002,1.09999999999997,12,12,0,0,0,0,0
110,"Rhinolophus ferrumequinum",48.78654,4.42919,2022-08-03,"gbif","Cool Temperate","Moist","Cropland","Hills","Cool Temperate Moist",33,144,30,"Cool Temperate Moist Cropland on Hills","#21901E",153,372,15.9269230769231,55.6923076923077,6.35000000000002,7.45000000000005,1.10000000000002,12,12,0,0,0,0,0
110,"Rhinolophus ferrumequinum",48.78654,4.42919,2022-06-04,"gbif","Cool Temperate","Moist","Cropland","Hills","Cool Temperate Moist",33,144,30,"Cool Temperate Moist Cropland on Hills","#21901E",153,373,15.9269230769231,55.6923076923077,6.35000000000002,7.45000000000005,1.10000000000002,12,12,0,0,0,0,0
110,"Barbastella barbastellus",48.783084,3.523721,2023-01-27,"gbif","Cool Temperate","Moist","Cropland","Hills","Cool Temperate Moist",33,144,30,"Cool Temperate Moist Cropland on Hills","#21901E",188,374,15.6653846153847,55.8461538461538,6.35000000000002,7.35000000000002,1,12,12,0,0,0,0,0
110,"Rhinolophus ferrumequinum",48.77135,5.38151,2022-02-12,"gbif","Cool Temperate","Moist","Cropland","Hills","Cool Temperate Moist",33,144,30,"Cool Temperate Moist Cropland on Hills","#21901E",308,375,14.65,73.9230769230769,5.55000000000001,6.65000000000003,1.10000000000002,12,12,0,0,0,0,0
110,"Rhinolophus ferrumequinum",48.25532,2.93263,2022-01-30,"gbif","Cool Temperate","Moist","Cropland","Hills","Cool Temperate Moist",33,144,30,"Cool Temperate Moist Cropland on Hills","#21901E",141,376,16.0807692307692,58,6.95000000000005,7.95000000000005,1,12,12,0,0,0.266666666666667,0.266666666666667,0
110,"Rhinolophus ferrumequinum",48.59663,5.10223,2022-01-22,"gbif","Cool Temperate","Moist","Cropland","Hills","Cool Temperate Moist",33,144,30,"Cool Temperate Moist Cropland on Hills","#21901E",211,377,15.3807692307693,73.3846153846154,6.15000000000003,7.25000000000006,1.10000000000002,12,12,0,0,0,0,0
110,"Rhinolophus ferrumequinum",47.44243,4.440142,2025-07-06,"gbif","Cool Temperate","Moist","Cropland","Hills","Cool Temperate Moist",33,144,30,"Cool Temperate Moist Cropland on Hills","#21901E",391,378,15.2730769230769,66.4615384615385,5.95000000000005,7.05000000000001,1.09999999999997,12,12,0,0,0.142857142857143,0.142857142857143,0
110,"Rhinolophus ferrumequinum",48.78654,4.42919,2022-06-02,"gbif","Cool Temperate","Moist","Cropland","Hills","Cool Temperate Moist",33,144,30,"Cool Temperate Moist Cropland on Hills","#21901E",153,379,15.9269230769231,55.6923076923077,6.35000000000002,7.45000000000005,1.10000000000002,12,12,0,0,0,0,0
110,"Rhinolophus ferrumequinum",48.78654,4.42919,2022-06-02,"gbif","Cool Temperate","Moist","Cropland","Hills","Cool Temperate Moist",33,144,30,"Cool Temperate Moist Cropland on Hills","#21901E",153,380,15.9269230769231,55.6923076923077,6.35000000000002,7.45000000000005,1.10000000000002,12,12,0,0,0,0,0
110,"Barbastella barbastellus",47.9112537471,4.567649658,2025-07-31,"inat","Cool Temperate","Moist","Cropland","Hills","Cool Temperate Moist",33,144,30,"Cool Temperate Moist Cropland on Hills","#21901E",226,381,15.6961538461539,66.3846153846154,6.35000000000002,7.45000000000005,1.10000000000002,12,12,0,0,0,0,0
110,"Rhinolophus ferrumequinum",48.78654,4.42919,2022-08-03,"gbif","Cool Temperate","Moist","Cropland","Hills","Cool Temperate Moist",33,144,30,"Cool Temperate Moist Cropland on Hills","#21901E",153,382,15.9269230769231,55.6923076923077,6.35000000000002,7.45000000000005,1.10000000000002,12,12,0,0,0,0,0
110,"Rhinolophus ferrumequinum",48.59663,5.10223,2022-01-22,"gbif","Cool Temperate","Moist","Cropland","Hills","Cool Temperate Moist",33,144,30,"Cool Temperate Moist Cropland on Hills","#21901E",211,383,15.3807692307693,73.3846153846154,6.15000000000003,7.25000000000006,1.10000000000002,12,12,0,0,0,0,0
110,"Rhinolophus ferrumequinum",48.59663,5.10223,2022-01-22,"gbif","Cool Temperate","Moist","Cropland","Hills","Cool Temperate Moist",33,144,30,"Cool Temperate Moist Cropland on Hills","#21901E",211,384,15.3807692307693,73.3846153846154,6.15000000000003,7.25000000000006,1.10000000000002,12,12,0,0,0,0,0
110,"Rhinolophus ferrumequinum",47.4424296696,4.440142208,2025-07-06,"inat","Cool Temperate","Moist","Cropland","Hills","Cool Temperate Moist",33,144,30,"Cool Temperate Moist Cropland on Hills","#21901E",391,385,15.2730769230769,66.4615384615385,5.95000000000005,7.05000000000001,1.09999999999997,12,12,0,0,0.142857142857143,0.142857142857143,0
110,"Rhinolophus ferrumequinum",48.625126,5.019871,2025-01-17,"gbif","Cool Temperate","Moist","Cropland","Hills","Cool Temperate Moist",33,144,30,"Cool Temperate Moist Cropland on Hills","#21901E",183,386,15.5423076923077,72.0769230769231,6.25000000000006,7.35000000000002,1.09999999999997,12,12,0,0,0.142857142857143,0.142857142857143,0
110,"Barbastella barbastellus",47.539372,4.42241,2023-08-09,"gbif","Cool Temperate","Moist","Cropland","Hills","Cool Temperate Moist",33,144,30,"Cool Temperate Moist Cropland on Hills","#21901E",296,387,15.45,62.1538461538462,6.05000000000001,7.15000000000003,1.10000000000002,9,9,0,0,0.615384615384615,0.538461538461538,-0.076923076923077
110,"Rhinolophus ferrumequinum",48.59663,5.10223,2022-01-22,"gbif","Cool Temperate","Moist","Cropland","Hills","Cool Temperate Moist",33,144,30,"Cool Temperate Moist Cropland on Hills","#21901E",211,388,15.3807692307693,73.3846153846154,6.15000000000003,7.25000000000006,1.10000000000002,12,12,0,0,0,0,0
110,"Rhinolophus ferrumequinum",48.78654,4.42919,2022-08-03,"gbif","Cool Temperate","Moist","Cropland","Hills","Cool Temperate Moist",33,144,30,"Cool Temperate Moist Cropland on Hills","#21901E",153,389,15.9269230769231,55.6923076923077,6.35000000000002,7.45000000000005,1.10000000000002,12,12,0,0,0,0,0
110,"Rhinolophus ferrumequinum",47.70701,4.40023,2022-09-10,"gbif","Cool Temperate","Moist","Cropland","Hills","Cool Temperate Moist",33,144,30,"Cool Temperate Moist Cropland on Hills","#21901E",314,390,15.35,69.7692307692308,6.05000000000001,7.15000000000003,1.10000000000002,12,12,0,0,0.266666666666667,0.266666666666667,0
110,"Rhinolophus ferrumequinum",48.78654,4.42919,2022-06-02,"gbif","Cool Temperate","Moist","Cropland","Hills","Cool Temperate Moist",33,144,30,"Cool Temperate Moist Cropland on Hills","#21901E",153,391,15.9269230769231,55.6923076923077,6.35000000000002,7.45000000000005,1.10000000000002,12,12,0,0,0,0,0
110,"Rhinolophus ferrumequinum",48.78654,4.42919,2022-06-02,"gbif","Cool Temperate","Moist","Cropland","Hills","Cool Temperate Moist",33,144,30,"Cool Temperate Moist Cropland on Hills","#21901E",153,392,15.9269230769231,55.6923076923077,6.35000000000002,7.45000000000005,1.10000000000002,12,12,0,0,0,0,0
110,"Rhinolophus ferrumequinum",48.59663,5.10223,2022-01-22,"gbif","Cool Temperate","Moist","Cropland","Hills","Cool Temperate Moist",33,144,30,"Cool Temperate Moist Cropland on Hills","#21901E",211,393,15.3807692307693,73.3846153846154,6.15000000000003,7.25000000000006,1.10000000000002,12,12,0,0,0,0,0
110,"Rhinolophus ferrumequinum",48.78654,4.42919,2022-04-17,"gbif","Cool Temperate","Moist","Cropland","Hills","Cool Temperate Moist",33,144,30,"Cool Temperate Moist Cropland on Hills","#21901E",153,394,15.9269230769231,55.6923076923077,6.35000000000002,7.45000000000005,1.10000000000002,12,12,0,0,0,0,0
110,"Rhinolophus ferrumequinum",49.09579,6.76665,2022-03-05,"gbif","Cool Temperate","Moist","Cropland","Hills","Cool Temperate Moist",33,144,30,"Cool Temperate Moist Cropland on Hills","#21901E",274,395,14.8115384615385,72.2307692307692,5.25000000000006,6.45000000000005,1.19999999999999,8,9,0,0,0.571428571428571,0.428571428571429,-0.142857142857143
110,"Barbastella barbastellus",48.650634,3.501766,2026-01-08,"gbif","Cool Temperate","Moist","Cropland","Hills","Cool Temperate Moist",33,144,30,"Cool Temperate Moist Cropland on Hills","#21901E",164,396,15.8192307692308,57.0769230769231,6.45000000000005,7.45000000000005,1,12,12,0,0,0,0,0
110,"Rhinolophus ferrumequinum",48.59663,5.10223,2022-01-22,"gbif","Cool Temperate","Moist","Cropland","Hills","Cool Temperate Moist",33,144,30,"Cool Temperate Moist Cropland on Hills","#21901E",211,397,15.3807692307693,73.3846153846154,6.15000000000003,7.25000000000006,1.10000000000002,12,12,0,0,0,0,0
110,"Rhinolophus ferrumequinum",47.70701,4.40023,2022-07-26,"gbif","Cool Temperate","Moist","Cropland","Hills","Cool Temperate Moist",33,144,30,"Cool Temperate Moist Cropland on Hills","#21901E",314,398,15.35,69.7692307692308,6.05000000000001,7.15000000000003,1.10000000000002,12,12,0,0,0.266666666666667,0.266666666666667,0
110,"Rhinolophus ferrumequinum",49.49295,5.27689,2022-03-30,"gbif","Cool Temperate","Moist","Cropland","Hills","Cool Temperate Moist",33,144,30,"Cool Temperate Moist Cropland on Hills","#21901E",221,399,14.7576923076923,78.5384615384615,5.55000000000001,6.65000000000003,1.10000000000002,12,12,0,0,0.0666666666666667,0.0666666666666667,0
110,"Rhinolophus ferrumequinum",49.04101,5.39389,2022-01-08,"gbif","Cool Temperate","Moist","Cropland","Hills","Cool Temperate Moist",33,144,30,"Cool Temperate Moist Cropland on Hills","#21901E",262,400,14.8807692307693,66.3076923076923,5.65000000000003,6.75000000000006,1.10000000000002,12,12,0,0,0.0666666666666667,0.133333333333333,0.0666666666666667
110,"Rhinolophus ferrumequinum",48.59663,5.10223,2022-01-23,"gbif","Cool Temperate","Moist","Cropland","Hills","Cool Temperate Moist",33,144,30,"Cool Temperate Moist Cropland on Hills","#21901E",211,401,15.3807692307693,73.3846153846154,6.15000000000003,7.25000000000006,1.10000000000002,12,12,0,0,0,0,0
110,"Rhinolophus ferrumequinum",48.619243,5.868075,2025-03-22,"gbif","Cool Temperate","Moist","Cropland","Hills","Cool Temperate Moist",33,144,30,"Cool Temperate Moist Cropland on Hills","#21901E",223,402,15.1423076923077,59.5384615384615,5.65000000000003,6.75000000000006,1.10000000000002,12,12,0,0,0,0,0
110,"Rhinolophus ferrumequinum",49.49295,5.27689,2022-04-28,"gbif","Cool Temperate","Moist","Cropland","Hills","Cool Temperate Moist",33,144,30,"Cool Temperate Moist Cropland on Hills","#21901E",221,403,14.7576923076923,78.5384615384615,5.55000000000001,6.65000000000003,1.10000000000002,12,12,0,0,0.0666666666666667,0.0666666666666667,0
110,"Barbastella barbastellus",48.78654,4.42919,2022-03-26,"gbif","Cool Temperate","Moist","Cropland","Hills","Cool Temperate Moist",33,144,30,"Cool Temperate Moist Cropland on Hills","#21901E",153,404,15.9269230769231,55.6923076923077,6.35000000000002,7.45000000000005,1.10000000000002,12,12,0,0,0,0,0
110,"Rhinolophus ferrumequinum",49.094362,3.043653,2025-02-11,"gbif","Cool Temperate","Moist","Cropland","Hills","Cool Temperate Moist",33,144,30,"Cool Temperate Moist Cropland on Hills","#21901E",122,405,15.9115384615385,55.6923076923077,6.85000000000002,7.85000000000002,1,12,12,0,0,0.153846153846154,0.153846153846154,0
110,"Rhinolophus ferrumequinum",48.78654,4.42919,2022-06-05,"gbif","Cool Temperate","Moist","Cropland","Hills","Cool Temperate Moist",33,144,30,"Cool Temperate Moist Cropland on Hills","#21901E",153,406,15.9269230769231,55.6923076923077,6.35000000000002,7.45000000000005,1.10000000000002,12,12,0,0,0,0,0
110,"Rhinolophus ferrumequinum",49.58278,5.28087,2022-02-18,"gbif","Cool Temperate","Moist","Cropland","Hills","Cool Temperate Moist",33,144,30,"Cool Temperate Moist Cropland on Hills","#21901E",197,407,14.7653846153846,81.4615384615385,5.55000000000001,6.65000000000003,1.10000000000002,10,10,0,0,0.642857142857143,0.571428571428571,-0.0714285714285715
110,"Rhinolophus ferrumequinum",48.88065,4.02266,2022-02-11,"gbif","Cool Temperate","Moist","Cropland","Hills","Cool Temperate Moist",33,144,30,"Cool Temperate Moist Cropland on Hills","#21901E",110,408,16.0730769230769,50.0769230769231,6.55000000000001,7.65000000000003,1.10000000000002,12,12,0,0,0,0,0
110,"Rhinolophus ferrumequinum",48.77135,5.38151,2022-02-12,"gbif","Cool Temperate","Moist","Cropland","Hills","Cool Temperate Moist",33,144,30,"Cool Temperate Moist Cropland on Hills","#21901E",308,409,14.65,73.9230769230769,5.55000000000001,6.65000000000003,1.10000000000002,12,12,0,0,0,0,0
110,"Rhinolophus ferrumequinum",48.88065,4.02266,2022-02-11,"gbif","Cool Temperate","Moist","Cropland","Hills","Cool Temperate Moist",33,144,30,"Cool Temperate Moist Cropland on Hills","#21901E",110,410,16.0730769230769,50.0769230769231,6.55000000000001,7.65000000000003,1.10000000000002,12,12,0,0,0,0,0
110,"Rhinolophus ferrumequinum",49.3322,3.75651,2022-02-12,"gbif","Cool Temperate","Moist","Cropland","Hills","Cool Temperate Moist",33,144,30,"Cool Temperate Moist Cropland on Hills","#21901E",103,411,15.7423076923077,56.1538461538462,6.55000000000001,7.55000000000001,1,12,12,0,0,0,0,0
110,"Rhinolophus ferrumequinum",48.59663,5.10223,2022-01-23,"gbif","Cool Temperate","Moist","Cropland","Hills","Cool Temperate Moist",33,144,30,"Cool Temperate Moist Cropland on Hills","#21901E",211,412,15.3807692307693,73.3846153846154,6.15000000000003,7.25000000000006,1.10000000000002,12,12,0,0,0,0,0
110,"Barbastella barbastellus",47.5393724219,4.4224099247,2023-08-09,"inat","Cool Temperate","Moist","Cropland","Hills","Cool Temperate Moist",33,144,30,"Cool Temperate Moist Cropland on Hills","#21901E",296,413,15.45,62.1538461538462,6.05000000000001,7.15000000000003,1.10000000000002,9,9,0,0,0.615384615384615,0.538461538461538,-0.076923076923077
110,"Rhinolophus ferrumequinum",48.85845,5.52186,2022-02-12,"gbif","Cool Temperate","Moist","Cropland","Hills","Cool Temperate Moist",33,144,30,"Cool Temperate Moist Cropland on Hills","#21901E",237,414,15.0730769230769,61.0769230769231,5.75000000000006,6.85000000000002,1.09999999999997,12,12,0,0,0,0,0
110,"Rhinolophus ferrumequinum",49.58986,4.86634,2022-01-07,"gbif","Cool Temperate","Moist","Cropland","Hills","Cool Temperate Moist",33,144,30,"Cool Temperate Moist Cropland on Hills","#21901E",175,415,15.0730769230769,80.6153846153846,5.85000000000002,6.95000000000005,1.10000000000002,12,12,0,0,0,0,0
110,"Rhinolophus ferrumequinum",49.67749,5.00805,2022-01-07,"gbif","Cool Temperate","Moist","Cropland","Hills","Cool Temperate Moist",33,144,30,"Cool Temperate Moist Cropland on Hills","#21901E",160,416,14.9192307692308,77.7692307692308,5.75000000000006,6.85000000000002,1.09999999999997,9,9,0,0,0.8,0.8,0
110,"Rhinolophus ferrumequinum",48.1419,5.35313,2022-01-16,"gbif","Cool Temperate","Moist","Cropland","Hills","Cool Temperate Moist",33,144,30,"Cool Temperate Moist Cropland on Hills","#21901E",353,417,14.7115384615385,72.6153846153846,5.55000000000001,6.65000000000003,1.10000000000002,12,12,0,0,0.214285714285714,0.0714285714285714,-0.142857142857143
110,"Rhinolophus ferrumequinum",48.85845,5.52186,2022-02-12,"gbif","Cool Temperate","Moist","Cropland","Hills","Cool Temperate Moist",33,144,30,"Cool Temperate Moist Cropland on Hills","#21901E",237,418,15.0730769230769,61.0769230769231,5.75000000000006,6.85000000000002,1.09999999999997,12,12,0,0,0,0,0
110,"Rhinolophus ferrumequinum",49.13353,5.26109,2022-01-08,"gbif","Cool Temperate","Moist","Cropland","Hills","Cool Temperate Moist",33,144,30,"Cool Temperate Moist Cropland on Hills","#21901E",294,419,14.8961538461539,73.1538461538462,5.65000000000003,6.75000000000006,1.10000000000002,12,12,0,0,0.142857142857143,0.142857142857143,0
110,"Barbastella barbastellus",47.549059443,4.8111299753,2022-05-29,"inat","Cool Temperate","Moist","Cropland","Hills","Cool Temperate Moist",33,144,30,"Cool Temperate Moist Cropland on Hills","#21901E",392,420,14.7730769230769,66.7692307692308,5.45000000000005,6.55000000000001,1.09999999999997,9,9,0,0,0.571428571428571,0.714285714285714,0.142857142857143
110,"Rhinolophus ferrumequinum",48.59663,5.10223,2022-01-22,"gbif","Cool Temperate","Moist","Cropland","Hills","Cool Temperate Moist",33,144,30,"Cool Temperate Moist Cropland on Hills","#21901E",211,421,15.3807692307693,73.3846153846154,6.15000000000003,7.25000000000006,1.10000000000002,12,12,0,0,0,0,0
110,"Rhinolophus ferrumequinum",48.59663,5.10223,2022-01-22,"gbif","Cool Temperate","Moist","Cropland","Hills","Cool Temperate Moist",33,144,30,"Cool Temperate Moist Cropland on Hills","#21901E",211,422,15.3807692307693,73.3846153846154,6.15000000000003,7.25000000000006,1.10000000000002,12,12,0,0,0,0,0
110,"Rhinolophus ferrumequinum",47.716816,3.47219,2025-02-01,"gbif","Cool Temperate","Moist","Cropland","Hills","Cool Temperate Moist",33,144,30,"Cool Temperate Moist Cropland on Hills","#21901E",197,423,16.15,55.9230769230769,6.75000000000006,7.85000000000002,1.09999999999997,12,12,0,0,0,0,0
110,"Rhinolophus ferrumequinum",48.59663,5.10223,2022-01-23,"gbif","Cool Temperate","Moist","Cropland","Hills","Cool Temperate Moist",33,144,30,"Cool Temperate Moist Cropland on Hills","#21901E",211,424,15.3807692307693,73.3846153846154,6.15000000000003,7.25000000000006,1.10000000000002,12,12,0,0,0,0,0
110,"Barbastella barbastellus",47.5993683046,4.4435219042,2025-09-07,"inat","Cool Temperate","Moist","Cropland","Hills","Cool Temperate Moist",33,144,30,"Cool Temperate Moist Cropland on Hills","#21901E",316,425,15.3576923076923,67.6153846153846,6.05000000000001,7.15000000000003,1.10000000000002,8,8,0,0,0.714285714285714,0.642857142857143,-0.0714285714285714
110,"Rhinolophus ferrumequinum",48.78654,4.42919,2022-06-02,"gbif","Cool Temperate","Moist","Cropland","Hills","Cool Temperate Moist",33,144,30,"Cool Temperate Moist Cropland on Hills","#21901E",153,426,15.9269230769231,55.6923076923077,6.35000000000002,7.45000000000005,1.10000000000002,12,12,0,0,0,0,0
110,"Rhinolophus ferrumequinum",48.59663,5.10223,2022-01-22,"gbif","Cool Temperate","Moist","Cropland","Hills","Cool Temperate Moist",33,144,30,"Cool Temperate Moist Cropland on Hills","#21901E",211,427,15.3807692307693,73.3846153846154,6.15000000000003,7.25000000000006,1.10000000000002,12,12,0,0,0,0,0
110,"Rhinolophus ferrumequinum",48.78654,4.42919,2022-06-02,"gbif","Cool Temperate","Moist","Cropland","Hills","Cool Temperate Moist",33,144,30,"Cool Temperate Moist Cropland on Hills","#21901E",153,428,15.9269230769231,55.6923076923077,6.35000000000002,7.45000000000005,1.10000000000002,12,12,0,0,0,0,0
110,"Rhinolophus ferrumequinum",48.78654,4.42919,2022-06-02,"gbif","Cool Temperate","Moist","Cropland","Hills","Cool Temperate Moist",33,144,30,"Cool Temperate Moist Cropland on Hills","#21901E",153,429,15.9269230769231,55.6923076923077,6.35000000000002,7.45000000000005,1.10000000000002,12,12,0,0,0,0,0
110,"Rhinolophus ferrumequinum",48.78654,4.42919,2022-06-02,"gbif","Cool Temperate","Moist","Cropland","Hills","Cool Temperate Moist",33,144,30,"Cool Temperate Moist Cropland on Hills","#21901E",153,430,15.9269230769231,55.6923076923077,6.35000000000002,7.45000000000005,1.10000000000002,12,12,0,0,0,0,0
110,"Rhinolophus ferrumequinum",48.94833,5.52622,2022-02-12,"gbif","Cool Temperate","Moist","Cropland","Hills","Cool Temperate Moist",33,144,30,"Cool Temperate Moist Cropland on Hills","#21901E",233,431,14.8961538461539,63.2307692307692,5.65000000000003,6.75000000000006,1.10000000000002,12,12,0,0,0,0,0
110,"Rhinolophus ferrumequinum",48.78654,4.42919,2022-06-02,"gbif","Cool Temperate","Moist","Cropland","Hills","Cool Temperate Moist",33,144,30,"Cool Temperate Moist Cropland on Hills","#21901E",153,432,15.9269230769231,55.6923076923077,6.35000000000002,7.45000000000005,1.10000000000002,12,12,0,0,0,0,0
110,"Rhinolophus ferrumequinum",48.78654,4.42919,2022-06-01,"gbif","Cool Temperate","Moist","Cropland","Hills","Cool Temperate Moist",33,144,30,"Cool Temperate Moist Cropland on Hills","#21901E",153,433,15.9269230769231,55.6923076923077,6.35000000000002,7.45000000000005,1.10000000000002,12,12,0,0,0,0,0
110,"Rhinolophus ferrumequinum",48.59663,5.10223,2022-01-21,"gbif","Cool Temperate","Moist","Cropland","Hills","Cool Temperate Moist",33,144,30,"Cool Temperate Moist Cropland on Hills","#21901E",211,434,15.3807692307693,73.3846153846154,6.15000000000003,7.25000000000006,1.10000000000002,12,12,0,0,0,0,0
110,"Barbastella barbastellus",47.599368,4.443522,2025-09-07,"gbif","Cool Temperate","Moist","Cropland","Hills","Cool Temperate Moist",33,144,30,"Cool Temperate Moist Cropland on Hills","#21901E",316,435,15.3576923076923,67.6153846153846,6.05000000000001,7.15000000000003,1.10000000000002,8,8,0,0,0.714285714285714,0.642857142857143,-0.0714285714285714
110,"Barbastella barbastellus",47.911254,4.56765,2025-07-31,"gbif","Cool Temperate","Moist","Cropland","Hills","Cool Temperate Moist",33,144,30,"Cool Temperate Moist Cropland on Hills","#21901E",226,436,15.6961538461539,66.3846153846154,6.35000000000002,7.45000000000005,1.10000000000002,12,12,0,0,0,0,0
110,"Rhinolophus ferrumequinum",48.78654,4.42919,2022-06-04,"gbif","Cool Temperate","Moist","Cropland","Hills","Cool Temperate Moist",33,144,30,"Cool Temperate Moist Cropland on Hills","#21901E",153,437,15.9269230769231,55.6923076923077,6.35000000000002,7.45000000000005,1.10000000000002,12,12,0,0,0,0,0
110,"Rhinolophus ferrumequinum",48.59663,5.10223,2022-01-22,"gbif","Cool Temperate","Moist","Cropland","Hills","Cool Temperate Moist",33,144,30,"Cool Temperate Moist Cropland on Hills","#21901E",211,438,15.3807692307693,73.3846153846154,6.15000000000003,7.25000000000006,1.10000000000002,12,12,0,0,0,0,0
110,"Barbastella barbastellus",48.6506342465,3.5017657335,2026-01-08,"inat","Cool Temperate","Moist","Cropland","Hills","Cool Temperate Moist",33,144,30,"Cool Temperate Moist Cropland on Hills","#21901E",164,439,15.8192307692308,57.0769230769231,6.45000000000005,7.45000000000005,1,12,12,0,0,0,0,0
110,"Rhinolophus ferrumequinum",49.006727,3.063458,2023-02-12,"gbif","Cool Temperate","Moist","Cropland","Hills","Cool Temperate Moist",33,144,30,"Cool Temperate Moist Cropland on Hills","#21901E",125,440,15.8576923076923,57.9230769230769,6.75000000000006,7.75000000000006,1,12,12,0,0,0,0,0
110,"Barbastella barbastellus",47.4540377065,4.5251243927,2025-08-27,"inat","Cool Temperate","Moist","Cropland","Hills","Cool Temperate Moist",33,144,30,"Cool Temperate Moist Cropland on Hills","#21901E",429,441,14.673076923077,68.1538461538462,5.55000000000001,6.65000000000003,1.10000000000002,12,9,0,0,0.0714285714285714,0.142857142857143,0.0714285714285714
110,"Barbastella barbastellus",47.454038,4.525124,2025-08-27,"gbif","Cool Temperate","Moist","Cropland","Hills","Cool Temperate Moist",33,144,30,"Cool Temperate Moist Cropland on Hills","#21901E",429,442,14.673076923077,68.1538461538462,5.55000000000001,6.65000000000003,1.10000000000002,12,9,0,0,0.0714285714285714,0.142857142857143,0.0714285714285714
110,"Rhinolophus ferrumequinum",48.78654,4.42919,2022-06-03,"gbif","Cool Temperate","Moist","Cropland","Hills","Cool Temperate Moist",33,144,30,"Cool Temperate Moist Cropland on Hills","#21901E",153,443,15.9269230769231,55.6923076923077,6.35000000000002,7.45000000000005,1.10000000000002,12,12,0,0,0,0,0
110,"Rhinolophus ferrumequinum",48.78654,4.42919,2022-05-30,"gbif","Cool Temperate","Moist","Cropland","Hills","Cool Temperate Moist",33,144,30,"Cool Temperate Moist Cropland on Hills","#21901E",153,444,15.9269230769231,55.6923076923077,6.35000000000002,7.45000000000005,1.10000000000002,12,12,0,0,0,0,0
110,"Rhinolophus ferrumequinum",49.06048,4.02621,2022-02-11,"gbif","Cool Temperate","Moist","Cropland","Hills","Cool Temperate Moist",33,144,30,"Cool Temperate Moist Cropland on Hills","#21901E",140,445,15.7192307692308,53.9230769230769,6.35000000000002,7.45000000000005,1.10000000000002,12,12,0,0,0,0,0
110,"Rhinolophus ferrumequinum",49.586979,5.278708,2024-04-27,"gbif","Cool Temperate","Moist","Cropland","Hills","Cool Temperate Moist",33,144,30,"Cool Temperate Moist Cropland on Hills","#21901E",183,446,14.7961538461539,80.3076923076923,5.55000000000001,6.65000000000003,1.10000000000002,10,10,0,0,0.571428571428571,0.571428571428571,0
110,"Rhinolophus ferrumequinum",48.78654,4.42919,2022-05-31,"gbif","Cool Temperate","Moist","Cropland","Hills","Cool Temperate Moist",33,144,30,"Cool Temperate Moist Cropland on Hills","#21901E",153,447,15.9269230769231,55.6923076923077,6.35000000000002,7.45000000000005,1.10000000000002,12,12,0,0,0,0,0
110,"Rhinolophus ferrumequinum",48.59663,5.10223,2022-01-22,"gbif","Cool Temperate","Moist","Cropland","Hills","Cool Temperate Moist",33,144,30,"Cool Temperate Moist Cropland on Hills","#21901E",211,448,15.3807692307693,73.3846153846154,6.15000000000003,7.25000000000006,1.10000000000002,12,12,0,0,0,0,0
110,"Rhinolophus ferrumequinum",48.1419,5.35313,2022-01-16,"gbif","Cool Temperate","Moist","Cropland","Hills","Cool Temperate Moist",33,144,30,"Cool Temperate Moist Cropland on Hills","#21901E",353,449,14.7115384615385,72.6153846153846,5.55000000000001,6.65000000000003,1.10000000000002,12,12,0,0,0.214285714285714,0.0714285714285714,-0.142857142857143
110,"Rhinolophus ferrumequinum",47.0189780142,3.4408432726,2017-07-15,"inat","Cool Temperate","Moist","Cropland","Hills","Cool Temperate Moist",33,144,30,"Cool Temperate Moist Cropland on Hills","#21901E",301,450,15.9269230769231,68.8461538461538,6.55000000000001,7.65000000000003,1.10000000000002,9,9,0,0,0.5,0.5,0
114,"Rhinolophus ferrumequinum",48.24335,4.68392,2022-02-05,"gbif","Cool Temperate","Moist","Grassland","Hills","Cool Temperate Moist",22,124,10,"Cool Temperate Moist Grassland on Hills","#167C0A",157,451,16.0730769230769,66.8461538461538,6.65000000000003,7.75000000000006,1.10000000000002,12,12,0,0,0.266666666666667,0.2,-0.0666666666666667
114,"Rhinolophus ferrumequinum",49.28368,6.50524,2022-01-21,"gbif","Cool Temperate","Moist","Grassland","Hills","Cool Temperate Moist",22,124,10,"Cool Temperate Moist Grassland on Hills","#167C0A",193,452,15.0192307692308,67.1538461538462,5.55000000000001,6.75000000000006,1.20000000000005,10,10,0,0,0,0,0
114,"Barbastella barbastellus",47.5623365558,4.4203399577,2025-09-06,"inat","Cool Temperate","Moist","Grassland","Hills","Cool Temperate Moist",22,124,10,"Cool Temperate Moist Grassland on Hills","#167C0A",226,453,15.9653846153847,61.2307692307692,6.45000000000005,7.55000000000001,1.09999999999997,14,12,0,0,0.0714285714285714,0.0714285714285714,0
114,"Rhinolophus ferrumequinum",48.24335,4.68392,2022-02-05,"gbif","Cool Temperate","Moist","Grassland","Hills","Cool Temperate Moist",22,124,10,"Cool Temperate Moist Grassland on Hills","#167C0A",157,454,16.0730769230769,66.8461538461538,6.65000000000003,7.75000000000006,1.10000000000002,12,12,0,0,0.266666666666667,0.2,-0.0666666666666667
114,"Rhinolophus ferrumequinum",47.68346,5.73297,2022-05-12,"gbif","Cool Temperate","Moist","Grassland","Hills","Cool Temperate Moist",22,124,10,"Cool Temperate Moist Grassland on Hills","#167C0A",252,455,15.5038461538462,81.1538461538462,5.85000000000002,7.05000000000001,1.19999999999999,10,10,0,0,0.642857142857143,0.642857142857143,0
114,"Rhinolophus ferrumequinum",49.571627,5.355253,2026-05-09,"gbif","Cool Temperate","Moist","Grassland","Hills","Cool Temperate Moist",22,124,10,"Cool Temperate Moist Grassland on Hills","#167C0A",256,456,14.45,79.7692307692308,5.35000000000002,6.45000000000005,1.10000000000002,9,10,0,0,0.3125,0.125,-0.1875
114,"Rhinolophus ferrumequinum",49.567725,5.359472,2026-05-09,"gbif","Cool Temperate","Moist","Grassland","Hills","Cool Temperate Moist",22,124,10,"Cool Temperate Moist Grassland on Hills","#167C0A",237,457,14.5961538461539,79.3076923076923,5.45000000000005,6.55000000000001,1.09999999999997,9,9,0,0,0.5,0.285714285714286,-0.214285714285714
114,"Rhinolophus ferrumequinum",47.86335,5.74222,2022-08-04,"gbif","Cool Temperate","Moist","Grassland","Hills","Cool Temperate Moist",22,124,10,"Cool Temperate Moist Grassland on Hills","#167C0A",285,458,15.25,78.9230769230769,5.65000000000003,6.85000000000002,1.19999999999999,9,9,0,0,1,1,0
114,"Barbastella barbastellus",46.49931,4.448307,2025-07-06,"gbif","Cool Temperate","Moist","Grassland","Hills","Cool Temperate Moist",22,124,10,"Cool Temperate Moist Grassland on Hills","#167C0A",366,459,15.9038461538462,67.3076923076923,6.35000000000002,7.55000000000001,1.19999999999999,9,9,0,0,1,0.928571428571429,-0.0714285714285714
114,"Barbastella barbastellus",47.464345,4.630765,2025-09-06,"gbif","Cool Temperate","Moist","Grassland","Hills","Cool Temperate Moist",22,124,10,"Cool Temperate Moist Grassland on Hills","#167C0A",454,460,14.5115384615385,63.9230769230769,5.35000000000002,6.45000000000005,1.10000000000002,12,9,0,0,0.375,0.5,0.125
114,"Barbastella barbastellus",47.4643447959,4.6307645787,2025-09-06,"inat","Cool Temperate","Moist","Grassland","Hills","Cool Temperate Moist",22,124,10,"Cool Temperate Moist Grassland on Hills","#167C0A",454,461,14.5115384615385,63.9230769230769,5.35000000000002,6.45000000000005,1.10000000000002,12,9,0,0,0.375,0.5,0.125
114,"Barbastella barbastellus",47.4629042552,4.505441363,2025-08-27,"inat","Cool Temperate","Moist","Grassland","Hills","Cool Temperate Moist",22,124,10,"Cool Temperate Moist Grassland on Hills","#167C0A",297,462,15.5730769230769,65.5384615384615,6.05000000000001,7.15000000000003,1.10000000000002,14,14,0,0,0.214285714285714,0.142857142857143,-0.0714285714285714
114,"Barbastella barbastellus",47.462904,4.505441,2025-08-27,"gbif","Cool Temperate","Moist","Grassland","Hills","Cool Temperate Moist",22,124,10,"Cool Temperate Moist Grassland on Hills","#167C0A",297,463,15.5730769230769,65.5384615384615,6.05000000000001,7.15000000000003,1.10000000000002,14,14,0,0,0.214285714285714,0.142857142857143,-0.0714285714285714
114,"Barbastella barbastellus",44.20385,2.81231,2023-06-24,"gbif","Cool Temperate","Moist","Grassland","Hills","Cool Temperate Moist",22,124,10,"Cool Temperate Moist Grassland on Hills","#167C0A",881,464,13.3807692307693,77.4615384615385,5.25000000000006,6.35000000000002,1.09999999999997,14,14,0,0,0.428571428571429,0.357142857142857,-0.0714285714285714
114,"Barbastella barbastellus",46.4993104415,4.4483067709,2025-07-06,"inat","Cool Temperate","Moist","Grassland","Hills","Cool Temperate Moist",22,124,10,"Cool Temperate Moist Grassland on Hills","#167C0A",366,465,15.9038461538462,67.3076923076923,6.35000000000002,7.55000000000001,1.19999999999999,9,9,0,0,1,0.928571428571429,-0.0714285714285714
114,"Rhinolophus ferrumequinum",49.554079,5.374509,2026-05-09,"gbif","Cool Temperate","Moist","Grassland","Hills","Cool Temperate Moist",22,124,10,"Cool Temperate Moist Grassland on Hills","#167C0A",240,466,14.5269230769231,78.3076923076923,5.35000000000002,6.45000000000005,1.10000000000002,10,10,0,0,0.5,0.5,0
114,"Rhinolophus ferrumequinum",47.86335,5.74222,2022-08-04,"gbif","Cool Temperate","Moist","Grassland","Hills","Cool Temperate Moist",22,124,10,"Cool Temperate Moist Grassland on Hills","#167C0A",285,467,15.25,78.9230769230769,5.65000000000003,6.85000000000002,1.19999999999999,9,9,0,0,1,1,0
114,"Rhinolophus ferrumequinum",48.24335,4.68392,2022-02-05,"gbif","Cool Temperate","Moist","Grassland","Hills","Cool Temperate Moist",22,124,10,"Cool Temperate Moist Grassland on Hills","#167C0A",157,468,16.0730769230769,66.8461538461538,6.65000000000003,7.75000000000006,1.10000000000002,12,12,0,0,0.266666666666667,0.2,-0.0666666666666667
114,"Rhinolophus ferrumequinum",48.24335,4.68392,2022-02-05,"gbif","Cool Temperate","Moist","Grassland","Hills","Cool Temperate Moist",22,124,10,"Cool Temperate Moist Grassland on Hills","#167C0A",157,469,16.0730769230769,66.8461538461538,6.65000000000003,7.75000000000006,1.10000000000002,12,12,0,0,0.266666666666667,0.2,-0.0666666666666667
114,"Rhinolophus ferrumequinum",48.8555,5.65807,2022-02-12,"gbif","Cool Temperate","Moist","Grassland","Hills","Cool Temperate Moist",22,124,10,"Cool Temperate Moist Grassland on Hills","#167C0A",241,470,14.973076923077,61.6923076923077,5.65000000000003,6.75000000000006,1.10000000000002,12,10,0,0,0,0,0
114,"Barbastella barbastellus",47.562337,4.42034,2025-09-06,"gbif","Cool Temperate","Moist","Grassland","Hills","Cool Temperate Moist",22,124,10,"Cool Temperate Moist Grassland on Hills","#167C0A",226,471,15.9653846153847,61.2307692307692,6.45000000000005,7.55000000000001,1.09999999999997,14,12,0,0,0.0714285714285714,0.0714285714285714,0
114,"Rhinolophus ferrumequinum",48.24335,4.68392,2022-02-05,"gbif","Cool Temperate","Moist","Grassland","Hills","Cool Temperate Moist",22,124,10,"Cool Temperate Moist Grassland on Hills","#167C0A",157,472,16.0730769230769,66.8461538461538,6.65000000000003,7.75000000000006,1.10000000000002,12,12,0,0,0.266666666666667,0.2,-0.0666666666666667
114,"Rhinolophus ferrumequinum",48.24335,4.68392,2022-02-05,"gbif","Cool Temperate","Moist","Grassland","Hills","Cool Temperate Moist",22,124,10,"Cool Temperate Moist Grassland on Hills","#167C0A",157,473,16.0730769230769,66.8461538461538,6.65000000000003,7.75000000000006,1.10000000000002,12,12,0,0,0.266666666666667,0.2,-0.0666666666666667
114,"Rhinolophus ferrumequinum",47.86335,5.74222,2022-07-18,"gbif","Cool Temperate","Moist","Grassland","Hills","Cool Temperate Moist",22,124,10,"Cool Temperate Moist Grassland on Hills","#167C0A",285,474,15.25,78.9230769230769,5.65000000000003,6.85000000000002,1.19999999999999,9,9,0,0,1,1,0
114,"Rhinolophus ferrumequinum",47.86335,5.74222,2022-08-04,"gbif","Cool Temperate","Moist","Grassland","Hills","Cool Temperate Moist",22,124,10,"Cool Temperate Moist Grassland on Hills","#167C0A",285,475,15.25,78.9230769230769,5.65000000000003,6.85000000000002,1.19999999999999,9,9,0,0,1,1,0
114,"Rhinolophus ferrumequinum",47.0611917061,3.4506042325,2017-07-15,"inat","Cool Temperate","Moist","Grassland","Hills","Cool Temperate Moist",22,124,10,"Cool Temperate Moist Grassland on Hills","#167C0A",303,476,15.8653846153846,67.4615384615385,6.55000000000001,7.65000000000003,1.10000000000002,10,10,0,0,0.357142857142857,0.357142857142857,0
114,"Rhinolophus ferrumequinum",48.24335,4.68392,2022-02-05,"gbif","Cool Temperate","Moist","Grassland","Hills","Cool Temperate Moist",22,124,10,"Cool Temperate Moist Grassland on Hills","#167C0A",157,477,16.0730769230769,66.8461538461538,6.65000000000003,7.75000000000006,1.10000000000002,12,12,0,0,0.266666666666667,0.2,-0.0666666666666667
114,"Rhinolophus ferrumequinum",49.13837,4.98714,2022-02-05,"gbif","Cool Temperate","Moist","Grassland","Hills","Cool Temperate Moist",22,124,10,"Cool Temperate Moist Grassland on Hills","#167C0A",192,478,15.4884615384616,74.3076923076923,6.05000000000001,7.15000000000003,1.10000000000002,4,4,0,0,0.857142857142857,0.857142857142857,0
114,"Rhinolophus ferrumequinum",47.86335,5.74222,2022-08-04,"gbif","Cool Temperate","Moist","Grassland","Hills","Cool Temperate Moist",22,124,10,"Cool Temperate Moist Grassland on Hills","#167C0A",285,479,15.25,78.9230769230769,5.65000000000003,6.85000000000002,1.19999999999999,9,9,0,0,1,1,0
116,"Rhinolophus ferrumequinum",49.6551,1.02759,2023-07-05,"gbif","Cool Temperate","Moist","Cropland","Plains","Cool Temperate Moist",29,153,10,"Cool Temperate Moist Cropland on Plains","#1D990A",155,480,14.8115384615385,71.9230769230769,7.05000000000001,7.95000000000005,0.900000000000034,12,12,0,0,0,0,0
116,"Rhinolophus ferrumequinum",49.21793,5.53939,2022-02-18,"gbif","Cool Temperate","Moist","Cropland","Plains","Cool Temperate Moist",29,153,10,"Cool Temperate Moist Cropland on Plains","#1D990A",220,481,14.9807692307693,64.0769230769231,5.65000000000003,6.75000000000006,1.10000000000002,12,12,0,0,0,0,0
116,"Rhinolophus ferrumequinum",48.844518,3.004478,2025-01-18,"gbif","Cool Temperate","Moist","Cropland","Plains","Cool Temperate Moist",29,153,10,"Cool Temperate Moist Cropland on Plains","#1D990A",142,482,15.7961538461539,61.4615384615385,6.75000000000006,7.75000000000006,1,12,12,0,0,0,0,0
116,"Rhinolophus ferrumequinum",49.9512,1.25967,2023-07-05,"gbif","Cool Temperate","Moist","Cropland","Plains","Cool Temperate Moist",29,153,10,"Cool Temperate Moist Cropland on Plains","#1D990A",124,483,13.9576923076924,86.1538461538462,7.95000000000005,8.85000000000002,0.899999999999977,12,12,0,0,0,0,0
116,"Rhinolophus ferrumequinum",49.21793,5.53939,2022-01-08,"gbif","Cool Temperate","Moist","Cropland","Plains","Cool Temperate Moist",29,153,10,"Cool Temperate Moist Cropland on Plains","#1D990A",220,484,14.9807692307693,64.0769230769231,5.65000000000003,6.75000000000006,1.10000000000002,12,12,0,0,0,0,0
116,"Barbastella barbastellus",48.745356,3.468055,2026-01-08,"gbif","Cool Temperate","Moist","Cropland","Plains","Cool Temperate Moist",29,153,10,"Cool Temperate Moist Cropland on Plains","#1D990A",184,485,15.6653846153847,55.6153846153846,6.35000000000002,7.35000000000002,1,12,12,0,0,0,0,0
116,"Rhinolophus ferrumequinum",49.9512,1.25967,2023-09-14,"gbif","Cool Temperate","Moist","Cropland","Plains","Cool Temperate Moist",29,153,10,"Cool Temperate Moist Cropland on Plains","#1D990A",124,486,13.9576923076924,86.1538461538462,7.95000000000005,8.85000000000002,0.899999999999977,12,12,0,0,0,0,0
116,"Barbastella barbastellus",48.7453560361,3.4680550751,2026-01-08,"inat","Cool Temperate","Moist","Cropland","Plains","Cool Temperate Moist",29,153,10,"Cool Temperate Moist Cropland on Plains","#1D990A",184,487,15.6653846153847,55.6153846153846,6.35000000000002,7.35000000000002,1,12,12,0,0,0,0,0
128,"Rhinolophus ferrumequinum",49.7782,1.82063,2022-06-21,"gbif","Cool Temperate","Moist","Grassland","Plains","Cool Temperate Moist",22,133,0,"Cool Temperate Moist Grassland on Plains","#168500",205,488,14.3576923076923,72.0769230769231,6.55000000000001,7.45000000000005,0.900000000000034,12,12,0,0,0,0,0
128,"Rhinolophus ferrumequinum",49.7782,1.82063,2022-10-04,"gbif","Cool Temperate","Moist","Grassland","Plains","Cool Temperate Moist",22,133,0,"Cool Temperate Moist Grassland on Plains","#168500",205,489,14.3576923076923,72.0769230769231,6.55000000000001,7.45000000000005,0.900000000000034,12,12,0,0,0,0,0
159,"Barbastella barbastellus",49.16217,-1.45788,2022-03-23,"gbif","Warm Temperate","Moist","Grassland","Plains","Warm Temperate Moist",91,184,24,"Warm Temperate Moist Grassland on Plains","#5BB818",32,490,14.373076923077,88.5384615384615,9.55000000000001,10.35,0.800000000000011,9,9,0,0,0.928571428571429,1,0.0714285714285714
159,"Rhinolophus ferrumequinum",49.16217,-1.45788,2022-08-26,"gbif","Warm Temperate","Moist","Grassland","Plains","Warm Temperate Moist",91,184,24,"Warm Temperate Moist Grassland on Plains","#5BB818",32,491,14.373076923077,88.5384615384615,9.55000000000001,10.35,0.800000000000011,9,9,0,0,0.928571428571429,1,0.0714285714285714
159,"Barbastella barbastellus",49.16217,-1.45788,2022-03-23,"gbif","Warm Temperate","Moist","Grassland","Plains","Warm Temperate Moist",91,184,24,"Warm Temperate Moist Grassland on Plains","#5BB818",32,492,14.373076923077,88.5384615384615,9.55000000000001,10.35,0.800000000000011,9,9,0,0,0.928571428571429,1,0.0714285714285714
159,"Barbastella barbastellus",49.16217,-1.45788,2022-03-23,"gbif","Warm Temperate","Moist","Grassland","Plains","Warm Temperate Moist",91,184,24,"Warm Temperate Moist Grassland on Plains","#5BB818",32,493,14.373076923077,88.5384615384615,9.55000000000001,10.35,0.800000000000011,9,9,0,0,0.928571428571429,1,0.0714285714285714
159,"Barbastella barbastellus",49.16217,-1.45788,2022-03-24,"gbif","Warm Temperate","Moist","Grassland","Plains","Warm Temperate Moist",91,184,24,"Warm Temperate Moist Grassland on Plains","#5BB818",32,494,14.373076923077,88.5384615384615,9.55000000000001,10.35,0.800000000000011,9,9,0,0,0.928571428571429,1,0.0714285714285714
159,"Rhinolophus ferrumequinum",46.67271,-0.46758,2022-06-16,"gbif","Warm Temperate","Moist","Grassland","Plains","Warm Temperate Moist",91,184,24,"Warm Temperate Moist Grassland on Plains","#5BB818",204,495,15.95,73.7692307692308,7.65000000000003,8.55000000000001,0.899999999999977,12,12,0,0,0,0,0
159,"Rhinolophus ferrumequinum",49.16217,-1.45788,2022-08-25,"gbif","Warm Temperate","Moist","Grassland","Plains","Warm Temperate Moist",91,184,24,"Warm Temperate Moist Grassland on Plains","#5BB818",32,496,14.373076923077,88.5384615384615,9.55000000000001,10.35,0.800000000000011,9,9,0,0,0.928571428571429,1,0.0714285714285714
159,"Rhinolophus ferrumequinum",49.16217,-1.45788,2022-08-26,"gbif","Warm Temperate","Moist","Grassland","Plains","Warm Temperate Moist",91,184,24,"Warm Temperate Moist Grassland on Plains","#5BB818",32,497,14.373076923077,88.5384615384615,9.55000000000001,10.35,0.800000000000011,9,9,0,0,0.928571428571429,1,0.0714285714285714
159,"Barbastella barbastellus",49.16217,-1.45788,2022-03-23,"gbif","Warm Temperate","Moist","Grassland","Plains","Warm Temperate Moist",91,184,24,"Warm Temperate Moist Grassland on Plains","#5BB818",32,498,14.373076923077,88.5384615384615,9.55000000000001,10.35,0.800000000000011,9,9,0,0,0.928571428571429,1,0.0714285714285714
159,"Barbastella barbastellus",49.16217,-1.45788,2022-03-23,"gbif","Warm Temperate","Moist","Grassland","Plains","Warm Temperate Moist",91,184,24,"Warm Temperate Moist Grassland on Plains","#5BB818",32,499,14.373076923077,88.5384615384615,9.55000000000001,10.35,0.800000000000011,9,9,0,0,0.928571428571429,1,0.0714285714285714
159,"Barbastella barbastellus",49.16217,-1.45788,2022-03-23,"gbif","Warm Temperate","Moist","Grassland","Plains","Warm Temperate Moist",91,184,24,"Warm Temperate Moist Grassland on Plains","#5BB818",32,500,14.373076923077,88.5384615384615,9.55000000000001,10.35,0.800000000000011,9,9,0,0,0.928571428571429,1,0.0714285714285714
159,"Barbastella barbastellus",49.16217,-1.45788,2022-03-23,"gbif","Warm Temperate","Moist","Grassland","Plains","Warm Temperate Moist",91,184,24,"Warm Temperate Moist Grassland on Plains","#5BB818",32,501,14.373076923077,88.5384615384615,9.55000000000001,10.35,0.800000000000011,9,9,0,0,0.928571428571429,1,0.0714285714285714
159,"Barbastella barbastellus",49.1892262238,-1.2982861636,2025-06-10,"inat","Warm Temperate","Moist","Grassland","Plains","Warm Temperate Moist",91,184,24,"Warm Temperate Moist Grassland on Plains","#5BB818",14,502,15.1269230769231,75.8461538461538,9.05000000000001,9.85000000000002,0.800000000000011,14,14,0,0,0.5625,0.8125,0.25
159,"Rhinolophus ferrumequinum",44.6897,-0.47177,2022-01-30,"gbif","Warm Temperate","Moist","Grassland","Plains","Warm Temperate Moist",91,184,24,"Warm Temperate Moist Grassland on Plains","#5BB818",11,503,18.6884615384616,86.0769230769231,9.65000000000003,10.65,1,9,9,0,0,1,1,0
159,"Barbastella barbastellus",49.16217,-1.45788,2022-03-24,"gbif","Warm Temperate","Moist","Grassland","Plains","Warm Temperate Moist",91,184,24,"Warm Temperate Moist Grassland on Plains","#5BB818",32,504,14.373076923077,88.5384615384615,9.55000000000001,10.35,0.800000000000011,9,9,0,0,0.928571428571429,1,0.0714285714285714
159,"Barbastella barbastellus",49.16217,-1.45788,2022-03-23,"gbif","Warm Temperate","Moist","Grassland","Plains","Warm Temperate Moist",91,184,24,"Warm Temperate Moist Grassland on Plains","#5BB818",32,505,14.373076923077,88.5384615384615,9.55000000000001,10.35,0.800000000000011,9,9,0,0,0.928571428571429,1,0.0714285714285714
159,"Barbastella barbastellus",49.16217,-1.45788,2022-03-24,"gbif","Warm Temperate","Moist","Grassland","Plains","Warm Temperate Moist",91,184,24,"Warm Temperate Moist Grassland on Plains","#5BB818",32,506,14.373076923077,88.5384615384615,9.55000000000001,10.35,0.800000000000011,9,9,0,0,0.928571428571429,1,0.0714285714285714
159,"Barbastella barbastellus",49.16217,-1.45788,2022-03-23,"gbif","Warm Temperate","Moist","Grassland","Plains","Warm Temperate Moist",91,184,24,"Warm Temperate Moist Grassland on Plains","#5BB818",32,507,14.373076923077,88.5384615384615,9.55000000000001,10.35,0.800000000000011,9,9,0,0,0.928571428571429,1,0.0714285714285714
159,"Barbastella barbastellus",49.16217,-1.45788,2022-03-23,"gbif","Warm Temperate","Moist","Grassland","Plains","Warm Temperate Moist",91,184,24,"Warm Temperate Moist Grassland on Plains","#5BB818",32,508,14.373076923077,88.5384615384615,9.55000000000001,10.35,0.800000000000011,9,9,0,0,0.928571428571429,1,0.0714285714285714
159,"Barbastella barbastellus",49.16217,-1.45788,2022-03-24,"gbif","Warm Temperate","Moist","Grassland","Plains","Warm Temperate Moist",91,184,24,"Warm Temperate Moist Grassland on Plains","#5BB818",32,509,14.373076923077,88.5384615384615,9.55000000000001,10.35,0.800000000000011,9,9,0,0,0.928571428571429,1,0.0714285714285714
159,"Barbastella barbastellus",49.16217,-1.45788,2022-03-23,"gbif","Warm Temperate","Moist","Grassland","Plains","Warm Temperate Moist",91,184,24,"Warm Temperate Moist Grassland on Plains","#5BB818",32,510,14.373076923077,88.5384615384615,9.55000000000001,10.35,0.800000000000011,9,9,0,0,0.928571428571429,1,0.0714285714285714
159,"Barbastella barbastellus",49.16217,-1.45788,2022-03-23,"gbif","Warm Temperate","Moist","Grassland","Plains","Warm Temperate Moist",91,184,24,"Warm Temperate Moist Grassland on Plains","#5BB818",32,511,14.373076923077,88.5384615384615,9.55000000000001,10.35,0.800000000000011,9,9,0,0,0.928571428571429,1,0.0714285714285714
159,"Barbastella barbastellus",49.16217,-1.45788,2022-03-23,"gbif","Warm Temperate","Moist","Grassland","Plains","Warm Temperate Moist",91,184,24,"Warm Temperate Moist Grassland on Plains","#5BB818",32,512,14.373076923077,88.5384615384615,9.55000000000001,10.35,0.800000000000011,9,9,0,0,0.928571428571429,1,0.0714285714285714
159,"Rhinolophus ferrumequinum",49.16217,-1.45788,2022-09-20,"gbif","Warm Temperate","Moist","Grassland","Plains","Warm Temperate Moist",91,184,24,"Warm Temperate Moist Grassland on Plains","#5BB818",32,513,14.373076923077,88.5384615384615,9.55000000000001,10.35,0.800000000000011,9,9,0,0,0.928571428571429,1,0.0714285714285714
159,"Barbastella barbastellus",49.16217,-1.45788,2022-03-23,"gbif","Warm Temperate","Moist","Grassland","Plains","Warm Temperate Moist",91,184,24,"Warm Temperate Moist Grassland on Plains","#5BB818",32,514,14.373076923077,88.5384615384615,9.55000000000001,10.35,0.800000000000011,9,9,0,0,0.928571428571429,1,0.0714285714285714
159,"Rhinolophus ferrumequinum",47.149571,-1.076978,2024-01-20,"gbif","Warm Temperate","Moist","Grassland","Plains","Warm Temperate Moist",91,184,24,"Warm Temperate Moist Grassland on Plains","#5BB818",94,515,16.373076923077,81.0769230769231,8.25000000000006,9.05000000000001,0.799999999999955,12,12,0,0,0,0,0
159,"Barbastella barbastellus",49.189226,-1.298286,2025-06-10,"gbif","Warm Temperate","Moist","Grassland","Plains","Warm Temperate Moist",91,184,24,"Warm Temperate Moist Grassland on Plains","#5BB818",14,516,15.1269230769231,75.8461538461538,9.05000000000001,9.85000000000002,0.800000000000011,14,14,0,0,0.5625,0.8125,0.25
159,"Barbastella barbastellus",49.16217,-1.45788,2022-03-23,"gbif","Warm Temperate","Moist","Grassland","Plains","Warm Temperate Moist",91,184,24,"Warm Temperate Moist Grassland on Plains","#5BB818",32,517,14.373076923077,88.5384615384615,9.55000000000001,10.35,0.800000000000011,9,9,0,0,0.928571428571429,1,0.0714285714285714
159,"Rhinolophus ferrumequinum",46.67271,-0.46758,2022-06-22,"gbif","Warm Temperate","Moist","Grassland","Plains","Warm Temperate Moist",91,184,24,"Warm Temperate Moist Grassland on Plains","#5BB818",204,518,15.95,73.7692307692308,7.65000000000003,8.55000000000001,0.899999999999977,12,12,0,0,0,0,0
159,"Rhinolophus ferrumequinum",45.75636,-0.92517,2022-01-25,"gbif","Warm Temperate","Moist","Grassland","Plains","Warm Temperate Moist",91,184,24,"Warm Temperate Moist Grassland on Plains","#5BB818",24,519,17.7346153846154,74.2307692307692,9.45000000000005,10.45,1,12,12,0,0,0.25,0.125,-0.125
159,"Barbastella barbastellus",49.16217,-1.45788,2022-03-23,"gbif","Warm Temperate","Moist","Grassland","Plains","Warm Temperate Moist",91,184,24,"Warm Temperate Moist Grassland on Plains","#5BB818",32,520,14.373076923077,88.5384615384615,9.55000000000001,10.35,0.800000000000011,9,9,0,0,0.928571428571429,1,0.0714285714285714
159,"Barbastella barbastellus",49.16217,-1.45788,2022-03-23,"gbif","Warm Temperate","Moist","Grassland","Plains","Warm Temperate Moist",91,184,24,"Warm Temperate Moist Grassland on Plains","#5BB818",32,521,14.373076923077,88.5384615384615,9.55000000000001,10.35,0.800000000000011,9,9,0,0,0.928571428571429,1,0.0714285714285714
159,"Barbastella barbastellus",49.16217,-1.45788,2022-03-23,"gbif","Warm Temperate","Moist","Grassland","Plains","Warm Temperate Moist",91,184,24,"Warm Temperate Moist Grassland on Plains","#5BB818",32,522,14.373076923077,88.5384615384615,9.55000000000001,10.35,0.800000000000011,9,9,0,0,0.928571428571429,1,0.0714285714285714
159,"Rhinolophus ferrumequinum",49.16217,-1.45788,2022-09-20,"gbif","Warm Temperate","Moist","Grassland","Plains","Warm Temperate Moist",91,184,24,"Warm Temperate Moist Grassland on Plains","#5BB818",32,523,14.373076923077,88.5384615384615,9.55000000000001,10.35,0.800000000000011,9,9,0,0,0.928571428571429,1,0.0714285714285714
159,"Rhinolophus ferrumequinum",49.16217,-1.45788,2022-09-20,"gbif","Warm Temperate","Moist","Grassland","Plains","Warm Temperate Moist",91,184,24,"Warm Temperate Moist Grassland on Plains","#5BB818",32,524,14.373076923077,88.5384615384615,9.55000000000001,10.35,0.800000000000011,9,9,0,0,0.928571428571429,1,0.0714285714285714
159,"Barbastella barbastellus",49.16217,-1.45788,2022-03-24,"gbif","Warm Temperate","Moist","Grassland","Plains","Warm Temperate Moist",91,184,24,"Warm Temperate Moist Grassland on Plains","#5BB818",32,525,14.373076923077,88.5384615384615,9.55000000000001,10.35,0.800000000000011,9,9,0,0,0.928571428571429,1,0.0714285714285714
159,"Barbastella barbastellus",49.16217,-1.45788,2022-03-23,"gbif","Warm Temperate","Moist","Grassland","Plains","Warm Temperate Moist",91,184,24,"Warm Temperate Moist Grassland on Plains","#5BB818",32,526,14.373076923077,88.5384615384615,9.55000000000001,10.35,0.800000000000011,9,9,0,0,0.928571428571429,1,0.0714285714285714
159,"Barbastella barbastellus",49.16217,-1.45788,2022-03-24,"gbif","Warm Temperate","Moist","Grassland","Plains","Warm Temperate Moist",91,184,24,"Warm Temperate Moist Grassland on Plains","#5BB818",32,527,14.373076923077,88.5384615384615,9.55000000000001,10.35,0.800000000000011,9,9,0,0,0.928571428571429,1,0.0714285714285714
159,"Barbastella barbastellus",49.16217,-1.45788,2022-03-23,"gbif","Warm Temperate","Moist","Grassland","Plains","Warm Temperate Moist",91,184,24,"Warm Temperate Moist Grassland on Plains","#5BB818",32,528,14.373076923077,88.5384615384615,9.55000000000001,10.35,0.800000000000011,9,9,0,0,0.928571428571429,1,0.0714285714285714
159,"Barbastella barbastellus",49.16217,-1.45788,2022-03-23,"gbif","Warm Temperate","Moist","Grassland","Plains","Warm Temperate Moist",91,184,24,"Warm Temperate Moist Grassland on Plains","#5BB818",32,529,14.373076923077,88.5384615384615,9.55000000000001,10.35,0.800000000000011,9,9,0,0,0.928571428571429,1,0.0714285714285714
159,"Barbastella barbastellus",49.16217,-1.45788,2022-03-23,"gbif","Warm Temperate","Moist","Grassland","Plains","Warm Temperate Moist",91,184,24,"Warm Temperate Moist Grassland on Plains","#5BB818",32,530,14.373076923077,88.5384615384615,9.55000000000001,10.35,0.800000000000011,9,9,0,0,0.928571428571429,1,0.0714285714285714
159,"Barbastella barbastellus",49.16217,-1.45788,2022-03-23,"gbif","Warm Temperate","Moist","Grassland","Plains","Warm Temperate Moist",91,184,24,"Warm Temperate Moist Grassland on Plains","#5BB818",32,531,14.373076923077,88.5384615384615,9.55000000000001,10.35,0.800000000000011,9,9,0,0,0.928571428571429,1,0.0714285714285714
159,"Barbastella barbastellus",49.16217,-1.45788,2022-03-23,"gbif","Warm Temperate","Moist","Grassland","Plains","Warm Temperate Moist",91,184,24,"Warm Temperate Moist Grassland on Plains","#5BB818",32,532,14.373076923077,88.5384615384615,9.55000000000001,10.35,0.800000000000011,9,9,0,0,0.928571428571429,1,0.0714285714285714
159,"Rhinolophus ferrumequinum",44.6897,-0.47177,2022-01-30,"gbif","Warm Temperate","Moist","Grassland","Plains","Warm Temperate Moist",91,184,24,"Warm Temperate Moist Grassland on Plains","#5BB818",11,533,18.6884615384616,86.0769230769231,9.65000000000003,10.65,1,9,9,0,0,1,1,0
159,"Barbastella barbastellus",49.16217,-1.45788,2022-03-24,"gbif","Warm Temperate","Moist","Grassland","Plains","Warm Temperate Moist",91,184,24,"Warm Temperate Moist Grassland on Plains","#5BB818",32,534,14.373076923077,88.5384615384615,9.55000000000001,10.35,0.800000000000011,9,9,0,0,0.928571428571429,1,0.0714285714285714
159,"Barbastella barbastellus",49.16217,-1.45788,2022-03-23,"gbif","Warm Temperate","Moist","Grassland","Plains","Warm Temperate Moist",91,184,24,"Warm Temperate Moist Grassland on Plains","#5BB818",32,535,14.373076923077,88.5384615384615,9.55000000000001,10.35,0.800000000000011,9,9,0,0,0.928571428571429,1,0.0714285714285714
159,"Barbastella barbastellus",49.16217,-1.45788,2022-03-23,"gbif","Warm Temperate","Moist","Grassland","Plains","Warm Temperate Moist",91,184,24,"Warm Temperate Moist Grassland on Plains","#5BB818",32,536,14.373076923077,88.5384615384615,9.55000000000001,10.35,0.800000000000011,9,9,0,0,0.928571428571429,1,0.0714285714285714
159,"Barbastella barbastellus",49.16217,-1.45788,2022-03-23,"gbif","Warm Temperate","Moist","Grassland","Plains","Warm Temperate Moist",91,184,24,"Warm Temperate Moist Grassland on Plains","#5BB818",32,537,14.373076923077,88.5384615384615,9.55000000000001,10.35,0.800000000000011,9,9,0,0,0.928571428571429,1,0.0714285714285714
159,"Barbastella barbastellus",49.16217,-1.45788,2022-03-23,"gbif","Warm Temperate","Moist","Grassland","Plains","Warm Temperate Moist",91,184,24,"Warm Temperate Moist Grassland on Plains","#5BB818",32,538,14.373076923077,88.5384615384615,9.55000000000001,10.35,0.800000000000011,9,9,0,0,0.928571428571429,1,0.0714285714285714
159,"Barbastella barbastellus",49.16217,-1.45788,2022-03-23,"gbif","Warm Temperate","Moist","Grassland","Plains","Warm Temperate Moist",91,184,24,"Warm Temperate Moist Grassland on Plains","#5BB818",32,539,14.373076923077,88.5384615384615,9.55000000000001,10.35,0.800000000000011,9,9,0,0,0.928571428571429,1,0.0714285714285714
159,"Barbastella barbastellus",49.16217,-1.45788,2022-03-23,"gbif","Warm Temperate","Moist","Grassland","Plains","Warm Temperate Moist",91,184,24,"Warm Temperate Moist Grassland on Plains","#5BB818",32,540,14.373076923077,88.5384615384615,9.55000000000001,10.35,0.800000000000011,9,9,0,0,0.928571428571429,1,0.0714285714285714
159,"Rhinolophus ferrumequinum",49.16217,-1.45788,2022-08-26,"gbif","Warm Temperate","Moist","Grassland","Plains","Warm Temperate Moist",91,184,24,"Warm Temperate Moist Grassland on Plains","#5BB818",32,541,14.373076923077,88.5384615384615,9.55000000000001,10.35,0.800000000000011,9,9,0,0,0.928571428571429,1,0.0714285714285714
159,"Barbastella barbastellus",49.16217,-1.45788,2022-03-23,"gbif","Warm Temperate","Moist","Grassland","Plains","Warm Temperate Moist",91,184,24,"Warm Temperate Moist Grassland on Plains","#5BB818",32,542,14.373076923077,88.5384615384615,9.55000000000001,10.35,0.800000000000011,9,9,0,0,0.928571428571429,1,0.0714285714285714
159,"Rhinolophus ferrumequinum",46.67271,-0.46758,2022-06-22,"gbif","Warm Temperate","Moist","Grassland","Plains","Warm Temperate Moist",91,184,24,"Warm Temperate Moist Grassland on Plains","#5BB818",204,543,15.95,73.7692307692308,7.65000000000003,8.55000000000001,0.899999999999977,12,12,0,0,0,0,0
159,"Barbastella barbastellus",49.16217,-1.45788,2022-03-23,"gbif","Warm Temperate","Moist","Grassland","Plains","Warm Temperate Moist",91,184,24,"Warm Temperate Moist Grassland on Plains","#5BB818",32,544,14.373076923077,88.5384615384615,9.55000000000001,10.35,0.800000000000011,9,9,0,0,0.928571428571429,1,0.0714285714285714
159,"Barbastella barbastellus",49.16217,-1.45788,2022-03-23,"gbif","Warm Temperate","Moist","Grassland","Plains","Warm Temperate Moist",91,184,24,"Warm Temperate Moist Grassland on Plains","#5BB818",32,545,14.373076923077,88.5384615384615,9.55000000000001,10.35,0.800000000000011,9,9,0,0,0.928571428571429,1,0.0714285714285714
159,"Barbastella barbastellus",49.16217,-1.45788,2022-03-23,"gbif","Warm Temperate","Moist","Grassland","Plains","Warm Temperate Moist",91,184,24,"Warm Temperate Moist Grassland on Plains","#5BB818",32,546,14.373076923077,88.5384615384615,9.55000000000001,10.35,0.800000000000011,9,9,0,0,0.928571428571429,1,0.0714285714285714
159,"Barbastella barbastellus",49.16217,-1.45788,2022-03-23,"gbif","Warm Temperate","Moist","Grassland","Plains","Warm Temperate Moist",91,184,24,"Warm Temperate Moist Grassland on Plains","#5BB818",32,547,14.373076923077,88.5384615384615,9.55000000000001,10.35,0.800000000000011,9,9,0,0,0.928571428571429,1,0.0714285714285714
159,"Barbastella barbastellus",49.16217,-1.45788,2022-03-23,"gbif","Warm Temperate","Moist","Grassland","Plains","Warm Temperate Moist",91,184,24,"Warm Temperate Moist Grassland on Plains","#5BB818",32,548,14.373076923077,88.5384615384615,9.55000000000001,10.35,0.800000000000011,9,9,0,0,0.928571428571429,1,0.0714285714285714
159,"Rhinolophus ferrumequinum",49.16217,-1.45788,2022-07-22,"gbif","Warm Temperate","Moist","Grassland","Plains","Warm Temperate Moist",91,184,24,"Warm Temperate Moist Grassland on Plains","#5BB818",32,549,14.373076923077,88.5384615384615,9.55000000000001,10.35,0.800000000000011,9,9,0,0,0.928571428571429,1,0.0714285714285714
159,"Barbastella barbastellus",49.16217,-1.45788,2022-03-23,"gbif","Warm Temperate","Moist","Grassland","Plains","Warm Temperate Moist",91,184,24,"Warm Temperate Moist Grassland on Plains","#5BB818",32,550,14.373076923077,88.5384615384615,9.55000000000001,10.35,0.800000000000011,9,9,0,0,0.928571428571429,1,0.0714285714285714
159,"Barbastella barbastellus",49.16217,-1.45788,2022-03-23,"gbif","Warm Temperate","Moist","Grassland","Plains","Warm Temperate Moist",91,184,24,"Warm Temperate Moist Grassland on Plains","#5BB818",32,551,14.373076923077,88.5384615384615,9.55000000000001,10.35,0.800000000000011,9,9,0,0,0.928571428571429,1,0.0714285714285714
159,"Rhinolophus ferrumequinum",49.16217,-1.45788,2022-09-20,"gbif","Warm Temperate","Moist","Grassland","Plains","Warm Temperate Moist",91,184,24,"Warm Temperate Moist Grassland on Plains","#5BB818",32,552,14.373076923077,88.5384615384615,9.55000000000001,10.35,0.800000000000011,9,9,0,0,0.928571428571429,1,0.0714285714285714
159,"Barbastella barbastellus",49.16217,-1.45788,2022-03-24,"gbif","Warm Temperate","Moist","Grassland","Plains","Warm Temperate Moist",91,184,24,"Warm Temperate Moist Grassland on Plains","#5BB818",32,553,14.373076923077,88.5384615384615,9.55000000000001,10.35,0.800000000000011,9,9,0,0,0.928571428571429,1,0.0714285714285714
159,"Rhinolophus ferrumequinum",49.16217,-1.45788,2022-09-20,"gbif","Warm Temperate","Moist","Grassland","Plains","Warm Temperate Moist",91,184,24,"Warm Temperate Moist Grassland on Plains","#5BB818",32,554,14.373076923077,88.5384615384615,9.55000000000001,10.35,0.800000000000011,9,9,0,0,0.928571428571429,1,0.0714285714285714
159,"Barbastella barbastellus",49.16217,-1.45788,2022-03-23,"gbif","Warm Temperate","Moist","Grassland","Plains","Warm Temperate Moist",91,184,24,"Warm Temperate Moist Grassland on Plains","#5BB818",32,555,14.373076923077,88.5384615384615,9.55000000000001,10.35,0.800000000000011,9,9,0,0,0.928571428571429,1,0.0714285714285714
159,"Barbastella barbastellus",49.16217,-1.45788,2022-03-23,"gbif","Warm Temperate","Moist","Grassland","Plains","Warm Temperate Moist",91,184,24,"Warm Temperate Moist Grassland on Plains","#5BB818",32,556,14.373076923077,88.5384615384615,9.55000000000001,10.35,0.800000000000011,9,9,0,0,0.928571428571429,1,0.0714285714285714
159,"Rhinolophus ferrumequinum",46.466897492,1.0079325005,2025-04-06,"inat","Warm Temperate","Moist","Grassland","Plains","Warm Temperate Moist",91,184,24,"Warm Temperate Moist Grassland on Plains","#5BB818",114,557,17.0423076923077,62.5384615384615,7.95000000000005,8.95000000000005,1,9,14,0,0,0.285714285714286,0.285714285714286,0
159,"Barbastella barbastellus",49.16217,-1.45788,2022-03-23,"gbif","Warm Temperate","Moist","Grassland","Plains","Warm Temperate Moist",91,184,24,"Warm Temperate Moist Grassland on Plains","#5BB818",32,558,14.373076923077,88.5384615384615,9.55000000000001,10.35,0.800000000000011,9,9,0,0,0.928571428571429,1,0.0714285714285714
159,"Barbastella barbastellus",49.16217,-1.45788,2022-03-23,"gbif","Warm Temperate","Moist","Grassland","Plains","Warm Temperate Moist",91,184,24,"Warm Temperate Moist Grassland on Plains","#5BB818",32,559,14.373076923077,88.5384615384615,9.55000000000001,10.35,0.800000000000011,9,9,0,0,0.928571428571429,1,0.0714285714285714
159,"Rhinolophus ferrumequinum",49.16217,-1.45788,2022-05-20,"gbif","Warm Temperate","Moist","Grassland","Plains","Warm Temperate Moist",91,184,24,"Warm Temperate Moist Grassland on Plains","#5BB818",32,560,14.373076923077,88.5384615384615,9.55000000000001,10.35,0.800000000000011,9,9,0,0,0.928571428571429,1,0.0714285714285714
159,"Barbastella barbastellus",49.16217,-1.45788,2022-03-23,"gbif","Warm Temperate","Moist","Grassland","Plains","Warm Temperate Moist",91,184,24,"Warm Temperate Moist Grassland on Plains","#5BB818",32,561,14.373076923077,88.5384615384615,9.55000000000001,10.35,0.800000000000011,9,9,0,0,0.928571428571429,1,0.0714285714285714
159,"Rhinolophus ferrumequinum",49.16217,-1.45788,2022-06-03,"gbif","Warm Temperate","Moist","Grassland","Plains","Warm Temperate Moist",91,184,24,"Warm Temperate Moist Grassland on Plains","#5BB818",32,562,14.373076923077,88.5384615384615,9.55000000000001,10.35,0.800000000000011,9,9,0,0,0.928571428571429,1,0.0714285714285714
159,"Barbastella barbastellus",49.16217,-1.45788,2022-03-23,"gbif","Warm Temperate","Moist","Grassland","Plains","Warm Temperate Moist",91,184,24,"Warm Temperate Moist Grassland on Plains","#5BB818",32,563,14.373076923077,88.5384615384615,9.55000000000001,10.35,0.800000000000011,9,9,0,0,0.928571428571429,1,0.0714285714285714
159,"Rhinolophus ferrumequinum",49.16217,-1.45788,2022-09-19,"gbif","Warm Temperate","Moist","Grassland","Plains","Warm Temperate Moist",91,184,24,"Warm Temperate Moist Grassland on Plains","#5BB818",32,564,14.373076923077,88.5384615384615,9.55000000000001,10.35,0.800000000000011,9,9,0,0,0.928571428571429,1,0.0714285714285714
159,"Rhinolophus ferrumequinum",45.75636,-0.92517,2022-06-20,"gbif","Warm Temperate","Moist","Grassland","Plains","Warm Temperate Moist",91,184,24,"Warm Temperate Moist Grassland on Plains","#5BB818",24,565,17.7346153846154,74.2307692307692,9.45000000000005,10.45,1,12,12,0,0,0.25,0.125,-0.125
159,"Barbastella barbastellus",49.16217,-1.45788,2022-03-23,"gbif","Warm Temperate","Moist","Grassland","Plains","Warm Temperate Moist",91,184,24,"Warm Temperate Moist Grassland on Plains","#5BB818",32,566,14.373076923077,88.5384615384615,9.55000000000001,10.35,0.800000000000011,9,9,0,0,0.928571428571429,1,0.0714285714285714
159,"Barbastella barbastellus",49.16217,-1.45788,2022-03-23,"gbif","Warm Temperate","Moist","Grassland","Plains","Warm Temperate Moist",91,184,24,"Warm Temperate Moist Grassland on Plains","#5BB818",32,567,14.373076923077,88.5384615384615,9.55000000000001,10.35,0.800000000000011,9,9,0,0,0.928571428571429,1,0.0714285714285714
159,"Barbastella barbastellus",49.16217,-1.45788,2022-03-23,"gbif","Warm Temperate","Moist","Grassland","Plains","Warm Temperate Moist",91,184,24,"Warm Temperate Moist Grassland on Plains","#5BB818",32,568,14.373076923077,88.5384615384615,9.55000000000001,10.35,0.800000000000011,9,9,0,0,0.928571428571429,1,0.0714285714285714
159,"Barbastella barbastellus",49.16217,-1.45788,2022-03-23,"gbif","Warm Temperate","Moist","Grassland","Plains","Warm Temperate Moist",91,184,24,"Warm Temperate Moist Grassland on Plains","#5BB818",32,569,14.373076923077,88.5384615384615,9.55000000000001,10.35,0.800000000000011,9,9,0,0,0.928571428571429,1,0.0714285714285714
159,"Barbastella barbastellus",49.16217,-1.45788,2022-03-23,"gbif","Warm Temperate","Moist","Grassland","Plains","Warm Temperate Moist",91,184,24,"Warm Temperate Moist Grassland on Plains","#5BB818",32,570,14.373076923077,88.5384615384615,9.55000000000001,10.35,0.800000000000011,9,9,0,0,0.928571428571429,1,0.0714285714285714
159,"Barbastella barbastellus",46.052102,-0.99693,2025-08-01,"gbif","Warm Temperate","Moist","Grassland","Plains","Warm Temperate Moist",91,184,24,"Warm Temperate Moist Grassland on Plains","#5BB818",1,571,17.4115384615385,72.6923076923077,9.45000000000005,10.35,0.899999999999977,12,12,0,0,0,0,0
159,"Barbastella barbastellus",49.16217,-1.45788,2022-03-23,"gbif","Warm Temperate","Moist","Grassland","Plains","Warm Temperate Moist",91,184,24,"Warm Temperate Moist Grassland on Plains","#5BB818",32,572,14.373076923077,88.5384615384615,9.55000000000001,10.35,0.800000000000011,9,9,0,0,0.928571428571429,1,0.0714285714285714
159,"Barbastella barbastellus",49.16217,-1.45788,2022-03-23,"gbif","Warm Temperate","Moist","Grassland","Plains","Warm Temperate Moist",91,184,24,"Warm Temperate Moist Grassland on Plains","#5BB818",32,573,14.373076923077,88.5384615384615,9.55000000000001,10.35,0.800000000000011,9,9,0,0,0.928571428571429,1,0.0714285714285714
159,"Barbastella barbastellus",49.16217,-1.45788,2022-03-23,"gbif","Warm Temperate","Moist","Grassland","Plains","Warm Temperate Moist",91,184,24,"Warm Temperate Moist Grassland on Plains","#5BB818",32,574,14.373076923077,88.5384615384615,9.55000000000001,10.35,0.800000000000011,9,9,0,0,0.928571428571429,1,0.0714285714285714
159,"Barbastella barbastellus",49.16217,-1.45788,2022-03-23,"gbif","Warm Temperate","Moist","Grassland","Plains","Warm Temperate Moist",91,184,24,"Warm Temperate Moist Grassland on Plains","#5BB818",32,575,14.373076923077,88.5384615384615,9.55000000000001,10.35,0.800000000000011,9,9,0,0,0.928571428571429,1,0.0714285714285714
159,"Barbastella barbastellus",49.16217,-1.45788,2022-03-23,"gbif","Warm Temperate","Moist","Grassland","Plains","Warm Temperate Moist",91,184,24,"Warm Temperate Moist Grassland on Plains","#5BB818",32,576,14.373076923077,88.5384615384615,9.55000000000001,10.35,0.800000000000011,9,9,0,0,0.928571428571429,1,0.0714285714285714
159,"Barbastella barbastellus",49.16217,-1.45788,2022-03-23,"gbif","Warm Temperate","Moist","Grassland","Plains","Warm Temperate Moist",91,184,24,"Warm Temperate Moist Grassland on Plains","#5BB818",32,577,14.373076923077,88.5384615384615,9.55000000000001,10.35,0.800000000000011,9,9,0,0,0.928571428571429,1,0.0714285714285714
159,"Barbastella barbastellus",49.16217,-1.45788,2022-03-23,"gbif","Warm Temperate","Moist","Grassland","Plains","Warm Temperate Moist",91,184,24,"Warm Temperate Moist Grassland on Plains","#5BB818",32,578,14.373076923077,88.5384615384615,9.55000000000001,10.35,0.800000000000011,9,9,0,0,0.928571428571429,1,0.0714285714285714
159,"Barbastella barbastellus",49.16217,-1.45788,2022-03-23,"gbif","Warm Temperate","Moist","Grassland","Plains","Warm Temperate Moist",91,184,24,"Warm Temperate Moist Grassland on Plains","#5BB818",32,579,14.373076923077,88.5384615384615,9.55000000000001,10.35,0.800000000000011,9,9,0,0,0.928571428571429,1,0.0714285714285714
159,"Barbastella barbastellus",49.16217,-1.45788,2022-03-23,"gbif","Warm Temperate","Moist","Grassland","Plains","Warm Temperate Moist",91,184,24,"Warm Temperate Moist Grassland on Plains","#5BB818",32,580,14.373076923077,88.5384615384615,9.55000000000001,10.35,0.800000000000011,9,9,0,0,0.928571428571429,1,0.0714285714285714
159,"Barbastella barbastellus",49.16217,-1.45788,2022-03-23,"gbif","Warm Temperate","Moist","Grassland","Plains","Warm Temperate Moist",91,184,24,"Warm Temperate Moist Grassland on Plains","#5BB818",32,581,14.373076923077,88.5384615384615,9.55000000000001,10.35,0.800000000000011,9,9,0,0,0.928571428571429,1,0.0714285714285714
159,"Barbastella barbastellus",49.16217,-1.45788,2022-03-23,"gbif","Warm Temperate","Moist","Grassland","Plains","Warm Temperate Moist",91,184,24,"Warm Temperate Moist Grassland on Plains","#5BB818",32,582,14.373076923077,88.5384615384615,9.55000000000001,10.35,0.800000000000011,9,9,0,0,0.928571428571429,1,0.0714285714285714
159,"Barbastella barbastellus",49.16217,-1.45788,2022-03-23,"gbif","Warm Temperate","Moist","Grassland","Plains","Warm Temperate Moist",91,184,24,"Warm Temperate Moist Grassland on Plains","#5BB818",32,583,14.373076923077,88.5384615384615,9.55000000000001,10.35,0.800000000000011,9,9,0,0,0.928571428571429,1,0.0714285714285714
159,"Barbastella barbastellus",49.16217,-1.45788,2022-03-24,"gbif","Warm Temperate","Moist","Grassland","Plains","Warm Temperate Moist",91,184,24,"Warm Temperate Moist Grassland on Plains","#5BB818",32,584,14.373076923077,88.5384615384615,9.55000000000001,10.35,0.800000000000011,9,9,0,0,0.928571428571429,1,0.0714285714285714
159,"Barbastella barbastellus",49.16217,-1.45788,2022-03-23,"gbif","Warm Temperate","Moist","Grassland","Plains","Warm Temperate Moist",91,184,24,"Warm Temperate Moist Grassland on Plains","#5BB818",32,585,14.373076923077,88.5384615384615,9.55000000000001,10.35,0.800000000000011,9,9,0,0,0.928571428571429,1,0.0714285714285714
159,"Barbastella barbastellus",49.16217,-1.45788,2022-03-23,"gbif","Warm Temperate","Moist","Grassland","Plains","Warm Temperate Moist",91,184,24,"Warm Temperate Moist Grassland on Plains","#5BB818",32,586,14.373076923077,88.5384615384615,9.55000000000001,10.35,0.800000000000011,9,9,0,0,0.928571428571429,1,0.0714285714285714
159,"Barbastella barbastellus",46.0521020294,-0.9969295904,2025-08-01,"inat","Warm Temperate","Moist","Grassland","Plains","Warm Temperate Moist",91,184,24,"Warm Temperate Moist Grassland on Plains","#5BB818",1,587,17.4115384615385,72.6923076923077,9.45000000000005,10.35,0.899999999999977,12,12,0,0,0,0,0
159,"Barbastella barbastellus",49.16217,-1.45788,2022-03-23,"gbif","Warm Temperate","Moist","Grassland","Plains","Warm Temperate Moist",91,184,24,"Warm Temperate Moist Grassland on Plains","#5BB818",32,588,14.373076923077,88.5384615384615,9.55000000000001,10.35,0.800000000000011,9,9,0,0,0.928571428571429,1,0.0714285714285714
159,"Barbastella barbastellus",49.16217,-1.45788,2022-03-23,"gbif","Warm Temperate","Moist","Grassland","Plains","Warm Temperate Moist",91,184,24,"Warm Temperate Moist Grassland on Plains","#5BB818",32,589,14.373076923077,88.5384615384615,9.55000000000001,10.35,0.800000000000011,9,9,0,0,0.928571428571429,1,0.0714285714285714
159,"Barbastella barbastellus",49.16217,-1.45788,2022-03-23,"gbif","Warm Temperate","Moist","Grassland","Plains","Warm Temperate Moist",91,184,24,"Warm Temperate Moist Grassland on Plains","#5BB818",32,590,14.373076923077,88.5384615384615,9.55000000000001,10.35,0.800000000000011,9,9,0,0,0.928571428571429,1,0.0714285714285714
159,"Barbastella barbastellus",49.16217,-1.45788,2022-03-23,"gbif","Warm Temperate","Moist","Grassland","Plains","Warm Temperate Moist",91,184,24,"Warm Temperate Moist Grassland on Plains","#5BB818",32,591,14.373076923077,88.5384615384615,9.55000000000001,10.35,0.800000000000011,9,9,0,0,0.928571428571429,1,0.0714285714285714
159,"Barbastella barbastellus",49.16217,-1.45788,2022-03-24,"gbif","Warm Temperate","Moist","Grassland","Plains","Warm Temperate Moist",91,184,24,"Warm Temperate Moist Grassland on Plains","#5BB818",32,592,14.373076923077,88.5384615384615,9.55000000000001,10.35,0.800000000000011,9,9,0,0,0.928571428571429,1,0.0714285714285714
159,"Barbastella barbastellus",49.16217,-1.45788,2022-03-23,"gbif","Warm Temperate","Moist","Grassland","Plains","Warm Temperate Moist",91,184,24,"Warm Temperate Moist Grassland on Plains","#5BB818",32,593,14.373076923077,88.5384615384615,9.55000000000001,10.35,0.800000000000011,9,9,0,0,0.928571428571429,1,0.0714285714285714
160,"Rhinolophus ferrumequinum",45.04123,-0.74785,2022-02-11,"gbif","Warm Temperate","Moist","Cropland","Plains","Warm Temperate Moist",105,207,54,"Warm Temperate Moist Cropland on Plains","#69CF36",21,594,18.0423076923077,84.5384615384615,9.75000000000006,10.7500000000001,1,9,9,0,0,0.928571428571429,0.928571428571429,0
160,"Rhinolophus ferrumequinum",46.91513,2.88326,2022-07-27,"gbif","Warm Temperate","Moist","Cropland","Plains","Warm Temperate Moist",105,207,54,"Warm Temperate Moist Cropland on Plains","#69CF36",188,595,16.7576923076924,57.2307692307692,7.05000000000001,8.15000000000003,1.10000000000002,12,12,0,0,0,0,0
160,"Rhinolophus ferrumequinum",45.49925,-0.52242,2023-02-26,"gbif","Warm Temperate","Moist","Cropland","Plains","Warm Temperate Moist",105,207,54,"Warm Temperate Moist Cropland on Plains","#69CF36",32,596,17.7576923076924,71.9230769230769,9.25000000000006,10.2500000000001,1,14,14,0,0,0,0,0
160,"Rhinolophus ferrumequinum",46.89548,2.95399,2022-07-27,"gbif","Warm Temperate","Moist","Cropland","Plains","Warm Temperate Moist",105,207,54,"Warm Temperate Moist Cropland on Plains","#69CF36",211,597,16.6038461538462,58.6153846153846,6.95000000000005,8.05000000000001,1.09999999999997,9,9,0,0,0.75,0.75,0
160,"Barbastella barbastellus",46.743016553,0.7041711276,2025-01-18,"inat","Warm Temperate","Moist","Cropland","Plains","Warm Temperate Moist",105,207,54,"Warm Temperate Moist Cropland on Plains","#69CF36",138,598,16.8038461538462,58.8461538461538,7.75000000000006,8.65000000000003,0.899999999999977,12,12,0,0,0,0,0
160,"Rhinolophus ferrumequinum",46.8741208085,1.6559284315,2006-12-07,"inat","Warm Temperate","Moist","Cropland","Plains","Warm Temperate Moist",105,207,54,"Warm Temperate Moist Cropland on Plains","#69CF36",152,599,16.9115384615385,58.9230769230769,7.55000000000001,8.55000000000001,1,12,12,0,0,0,0,0
160,"Rhinolophus ferrumequinum",46.5529111514,-1.2167435512,2026-03-26,"inat","Warm Temperate","Moist","Cropland","Plains","Warm Temperate Moist",105,207,54,"Warm Temperate Moist Cropland on Plains","#69CF36",35,600,16.8961538461539,76.6153846153846,8.95000000000005,9.85000000000002,0.899999999999977,12,12,0,0,0,0,0
160,"Barbastella barbastellus",47.4781,-0.65269,2023-07-11,"gbif","Warm Temperate","Moist","Cropland","Plains","Warm Temperate Moist",105,207,54,"Warm Temperate Moist Cropland on Plains","#69CF36",47,601,16.6346153846154,65.5384615384615,8.25000000000006,9.05000000000001,0.799999999999955,12,12,0,0,0.0714285714285714,0,-0.0714285714285714
160,"Rhinolophus ferrumequinum",46.02617,-0.94444,2022-12-22,"gbif","Warm Temperate","Moist","Cropland","Plains","Warm Temperate Moist",105,207,54,"Warm Temperate Moist Cropland on Plains","#69CF36",2,602,17.5423076923077,72,9.45000000000005,10.35,0.899999999999977,12,12,0,0,0,0,0
160,"Barbastella barbastellus",45.93624,-0.938,2022-01-13,"gbif","Warm Temperate","Moist","Cropland","Plains","Warm Temperate Moist",105,207,54,"Warm Temperate Moist Cropland on Plains","#69CF36",1,603,17.673076923077,71,9.45000000000005,10.45,1,12,12,0,0,0,0,0
160,"Rhinolophus ferrumequinum",47.03641,-0.35914,2022-01-18,"gbif","Warm Temperate","Moist","Cropland","Plains","Warm Temperate Moist",105,207,54,"Warm Temperate Moist Cropland on Plains","#69CF36",92,604,16.6115384615385,60.9230769230769,8.05000000000001,8.95000000000005,0.900000000000034,12,12,0,0,0,0,0
160,"Rhinolophus ferrumequinum",45.8463,-0.93158,2022-01-30,"gbif","Warm Temperate","Moist","Cropland","Plains","Warm Temperate Moist",105,207,54,"Warm Temperate Moist Cropland on Plains","#69CF36",9,605,17.6961538461539,72.5384615384615,9.45000000000005,10.45,1,12,12,0,0,0,0,0
160,"Rhinolophus ferrumequinum",45.67507,-0.6622,2022-01-29,"gbif","Warm Temperate","Moist","Cropland","Plains","Warm Temperate Moist",105,207,54,"Warm Temperate Moist Cropland on Plains","#69CF36",51,606,17.6115384615385,73.2307692307692,9.15000000000003,10.15,1,12,12,0,0,0,0,0
160,"Rhinolophus ferrumequinum",45.76076,-0.79668,2022-01-30,"gbif","Warm Temperate","Moist","Cropland","Plains","Warm Temperate Moist",105,207,54,"Warm Temperate Moist Cropland on Plains","#69CF36",35,607,17.673076923077,72.4615384615385,9.15000000000003,10.15,1,12,12,0,0,0,0,0
160,"Barbastella barbastellus",45.67507,-0.6622,2022-01-29,"gbif","Warm Temperate","Moist","Cropland","Plains","Warm Temperate Moist",105,207,54,"Warm Temperate Moist Cropland on Plains","#69CF36",51,608,17.6115384615385,73.2307692307692,9.15000000000003,10.15,1,12,12,0,0,0,0,0
160,"Rhinolophus ferrumequinum",45.2211,-0.75994,2022-06-22,"gbif","Warm Temperate","Moist","Cropland","Plains","Warm Temperate Moist",105,207,54,"Warm Temperate Moist Cropland on Plains","#69CF36",15,609,17.7653846153846,79.7692307692308,9.95000000000005,10.95,1,13,13,0,0,0.3125,0.3125,0
160,"Rhinolophus ferrumequinum",45.93624,-0.938,2022-01-13,"gbif","Warm Temperate","Moist","Cropland","Plains","Warm Temperate Moist",105,207,54,"Warm Temperate Moist Cropland on Plains","#69CF36",1,610,17.673076923077,71,9.45000000000005,10.45,1,12,12,0,0,0,0,0
160,"Barbastella barbastellus",46.743017,0.704171,2025-01-18,"gbif","Warm Temperate","Moist","Cropland","Plains","Warm Temperate Moist",105,207,54,"Warm Temperate Moist Cropland on Plains","#69CF36",138,611,16.8038461538462,58.8461538461538,7.75000000000006,8.65000000000003,0.899999999999977,12,12,0,0,0,0,0
160,"Rhinolophus ferrumequinum",46.708872,0.326294,2024-11-10,"gbif","Warm Temperate","Moist","Cropland","Plains","Warm Temperate Moist",105,207,54,"Warm Temperate Moist Cropland on Plains","#69CF36",77,612,17.0269230769231,54.3076923076923,8.05000000000001,9.05000000000001,1,12,12,0,0,0,0,0
160,"Rhinolophus ferrumequinum",46.55561,1.16192,2022-04-19,"gbif","Warm Temperate","Moist","Cropland","Plains","Warm Temperate Moist",105,207,54,"Warm Temperate Moist Cropland on Plains","#69CF36",123,613,17.0807692307692,61.3076923076923,7.95000000000005,8.95000000000005,1,14,14,0,0,0.571428571428571,0.5,-0.0714285714285714
160,"Rhinolophus ferrumequinum",45.41323,-0.389,2022-01-30,"gbif","Warm Temperate","Moist","Cropland","Plains","Warm Temperate Moist",105,207,54,"Warm Temperate Moist Cropland on Plains","#69CF36",47,614,17.7192307692308,75.1538461538462,9.15000000000003,10.15,1,12,12,0,0,0,0,0
160,"Rhinolophus ferrumequinum",47.35815,1.48812,2022-02-23,"gbif","Warm Temperate","Moist","Cropland","Plains","Warm Temperate Moist",105,207,54,"Warm Temperate Moist Cropland on Plains","#69CF36",95,615,16.9884615384616,53.6153846153846,7.55000000000001,8.55000000000001,1,12,12,0,0,0.0666666666666667,0,-0.0666666666666667
160,"Rhinolophus ferrumequinum",45.2211,-0.75994,2022-01-05,"gbif","Warm Temperate","Moist","Cropland","Plains","Warm Temperate Moist",105,207,54,"Warm Temperate Moist Cropland on Plains","#69CF36",15,616,17.7653846153846,79.7692307692308,9.95000000000005,10.95,1,13,13,0,0,0.3125,0.3125,0
160,"Rhinolophus ferrumequinum",47.21631,-0.37037,2022-07-07,"gbif","Warm Temperate","Moist","Cropland","Plains","Warm Temperate Moist",105,207,54,"Warm Temperate Moist Cropland on Plains","#69CF36",47,617,16.8423076923077,59.6153846153846,8.25000000000006,9.05000000000001,0.799999999999955,12,12,0,0,0.142857142857143,0.142857142857143,0
160,"Rhinolophus ferrumequinum",45.22532,-0.63267,2022-06-27,"gbif","Warm Temperate","Moist","Cropland","Plains","Warm Temperate Moist",105,207,54,"Warm Temperate Moist Cropland on Plains","#69CF36",1,618,17.9192307692308,78.8461538461538,9.85000000000002,10.85,1,10,11,0,0,0.533333333333333,0.2,-0.333333333333333
160,"Rhinolophus ferrumequinum",46.91513,2.88326,2022-07-27,"gbif","Warm Temperate","Moist","Cropland","Plains","Warm Temperate Moist",105,207,54,"Warm Temperate Moist Cropland on Plains","#69CF36",188,619,16.7576923076924,57.2307692307692,7.05000000000001,8.15000000000003,1.10000000000002,12,12,0,0,0,0,0
160,"Rhinolophus ferrumequinum",47.4781,-0.65269,2023-07-11,"gbif","Warm Temperate","Moist","Cropland","Plains","Warm Temperate Moist",105,207,54,"Warm Temperate Moist Cropland on Plains","#69CF36",47,620,16.6346153846154,65.5384615384615,8.25000000000006,9.05000000000001,0.799999999999955,12,12,0,0,0.0714285714285714,0,-0.0714285714285714
160,"Rhinolophus ferrumequinum",43.651848,4.565006,2025-04-20,"gbif","Warm Temperate","Moist","Cropland","Plains","Warm Temperate Moist",105,207,54,"Warm Temperate Moist Cropland on Plains","#69CF36",2,621,19.7807692307693,35.8461538461538,11.2500000000001,12.55,1.29999999999995,12,12,0,0,0.266666666666667,0.133333333333333,-0.133333333333333
160,"Rhinolophus ferrumequinum",46.91513,2.88326,2022-07-27,"gbif","Warm Temperate","Moist","Cropland","Plains","Warm Temperate Moist",105,207,54,"Warm Temperate Moist Cropland on Plains","#69CF36",188,622,16.7576923076924,57.2307692307692,7.05000000000001,8.15000000000003,1.10000000000002,12,12,0,0,0,0,0
160,"Rhinolophus ferrumequinum",47.24144,-0.026696,2023-02-08,"gbif","Warm Temperate","Moist","Cropland","Plains","Warm Temperate Moist",105,207,54,"Warm Temperate Moist Cropland on Plains","#69CF36",37,623,16.8038461538462,58.9230769230769,8.05000000000001,8.95000000000005,0.900000000000034,9,9,0,0,0.357142857142857,0.285714285714286,-0.0714285714285715
160,"Rhinolophus ferrumequinum",45.8463,-0.93158,2022-01-30,"gbif","Warm Temperate","Moist","Cropland","Plains","Warm Temperate Moist",105,207,54,"Warm Temperate Moist Cropland on Plains","#69CF36",9,624,17.6961538461539,72.5384615384615,9.45000000000005,10.45,1,12,12,0,0,0,0,0
160,"Barbastella barbastellus",47.4781,-0.65269,2023-07-11,"gbif","Warm Temperate","Moist","Cropland","Plains","Warm Temperate Moist",105,207,54,"Warm Temperate Moist Cropland on Plains","#69CF36",47,625,16.6346153846154,65.5384615384615,8.25000000000006,9.05000000000001,0.799999999999955,12,12,0,0,0.0714285714285714,0,-0.0714285714285714
160,"Rhinolophus ferrumequinum",45.2211,-0.75994,2022-01-14,"gbif","Warm Temperate","Moist","Cropland","Plains","Warm Temperate Moist",105,207,54,"Warm Temperate Moist Cropland on Plains","#69CF36",15,626,17.7653846153846,79.7692307692308,9.95000000000005,10.95,1,13,13,0,0,0.3125,0.3125,0
160,"Rhinolophus ferrumequinum",45.2211,-0.75994,2022-03-02,"gbif","Warm Temperate","Moist","Cropland","Plains","Warm Temperate Moist",105,207,54,"Warm Temperate Moist Cropland on Plains","#69CF36",15,627,17.7653846153846,79.7692307692308,9.95000000000005,10.95,1,13,13,0,0,0.3125,0.3125,0
160,"Rhinolophus ferrumequinum",48.53947,-4.46537,2022-10-17,"gbif","Warm Temperate","Moist","Cropland","Plains","Warm Temperate Moist",105,207,54,"Warm Temperate Moist Cropland on Plains","#69CF36",39,628,14.2038461538462,95.8461538461538,10.35,10.95,0.600000000000023,14,14,0,0,0,0,0
160,"Rhinolophus ferrumequinum",46.30043,-0.83415,2022-06-01,"gbif","Warm Temperate","Moist","Cropland","Plains","Warm Temperate Moist",105,207,54,"Warm Temperate Moist Cropland on Plains","#69CF36",2,629,17.2423076923077,70.4615384615385,9.05000000000001,9.95000000000005,0.900000000000034,12,12,0,0,0,0,0
160,"Rhinolophus ferrumequinum",45.85071,-0.80287,2022-01-25,"gbif","Warm Temperate","Moist","Cropland","Plains","Warm Temperate Moist",105,207,54,"Warm Temperate Moist Cropland on Plains","#69CF36",17,630,17.7192307692308,71.8461538461538,9.15000000000003,10.15,1,12,12,0,0,0,0,0
160,"Rhinolophus ferrumequinum",46.70225,0.70926,2022-05-16,"gbif","Warm Temperate","Moist","Cropland","Plains","Warm Temperate Moist",105,207,54,"Warm Temperate Moist Cropland on Plains","#69CF36",127,631,16.873076923077,59.6153846153846,7.75000000000006,8.65000000000003,0.899999999999977,14,14,0,0,0,0,0
160,"Rhinolophus ferrumequinum",46.87057,0.17671,2022-02-02,"gbif","Warm Temperate","Moist","Cropland","Plains","Warm Temperate Moist",105,207,54,"Warm Temperate Moist Cropland on Plains","#69CF36",109,632,16.7884615384615,56.5384615384615,7.95000000000005,8.85000000000002,0.899999999999977,12,12,0,0,0,0,0
160,"Rhinolophus ferrumequinum",46.91513,2.88326,2022-07-27,"gbif","Warm Temperate","Moist","Cropland","Plains","Warm Temperate Moist",105,207,54,"Warm Temperate Moist Cropland on Plains","#69CF36",188,633,16.7576923076924,57.2307692307692,7.05000000000001,8.15000000000003,1.10000000000002,12,12,0,0,0,0,0
160,"Rhinolophus ferrumequinum",48.53947,-4.46537,2022-09-22,"gbif","Warm Temperate","Moist","Cropland","Plains","Warm Temperate Moist",105,207,54,"Warm Temperate Moist Cropland on Plains","#69CF36",39,634,14.2038461538462,95.8461538461538,10.35,10.95,0.600000000000023,14,14,0,0,0,0,0
160,"Rhinolophus ferrumequinum",45.04948,-0.4941,2022-01-29,"gbif","Warm Temperate","Moist","Cropland","Plains","Warm Temperate Moist",105,207,54,"Warm Temperate Moist Cropland on Plains","#69CF36",12,635,18.1576923076923,83.6153846153846,9.65000000000003,10.65,1,9,9,0,0,0.642857142857143,0.5,-0.142857142857143
160,"Rhinolophus ferrumequinum",45.67507,-0.6622,2022-01-29,"gbif","Warm Temperate","Moist","Cropland","Plains","Warm Temperate Moist",105,207,54,"Warm Temperate Moist Cropland on Plains","#69CF36",51,636,17.6115384615385,73.2307692307692,9.15000000000003,10.15,1,12,12,0,0,0,0,0
160,"Barbastella barbastellus",47.0102656617,-1.6710900536,2022-07-29,"inat","Warm Temperate","Moist","Cropland","Plains","Warm Temperate Moist",105,207,54,"Warm Temperate Moist Cropland on Plains","#69CF36",34,637,16.5961538461539,82.4615384615385,8.95000000000005,9.85000000000002,0.899999999999977,12,12,0,0,0,0,0
160,"Rhinolophus ferrumequinum",47.4781,-0.65269,2023-07-11,"gbif","Warm Temperate","Moist","Cropland","Plains","Warm Temperate Moist",105,207,54,"Warm Temperate Moist Cropland on Plains","#69CF36",47,638,16.6346153846154,65.5384615384615,8.25000000000006,9.05000000000001,0.799999999999955,12,12,0,0,0.0714285714285714,0,-0.0714285714285714
160,"Rhinolophus ferrumequinum",45.41323,-0.389,2022-01-30,"gbif","Warm Temperate","Moist","Cropland","Plains","Warm Temperate Moist",105,207,54,"Warm Temperate Moist Cropland on Plains","#69CF36",47,639,17.7192307692308,75.1538461538462,9.15000000000003,10.15,1,12,12,0,0,0,0,0
160,"Rhinolophus ferrumequinum",44.26101,0.30656,2023-01-12,"gbif","Warm Temperate","Moist","Cropland","Plains","Warm Temperate Moist",105,207,54,"Warm Temperate Moist Cropland on Plains","#69CF36",31,640,19.0653846153846,70.3076923076923,9.65000000000003,10.65,1,14,14,0,0,0.0666666666666667,0.0666666666666667,0
160,"Rhinolophus ferrumequinum",47.401937,-1.585715,2025-08-23,"gbif","Warm Temperate","Moist","Cropland","Plains","Warm Temperate Moist",105,207,54,"Warm Temperate Moist Cropland on Plains","#69CF36",40,641,16.4269230769231,76.8461538461538,8.65000000000003,9.45000000000005,0.800000000000011,14,14,0,0,0,0,0
160,"Rhinolophus ferrumequinum",46.7234870631,-1.5540776279,2026-01-17,"inat","Warm Temperate","Moist","Cropland","Plains","Warm Temperate Moist",105,207,54,"Warm Temperate Moist Cropland on Plains","#69CF36",66,642,16.6038461538462,83.2307692307692,9.05000000000001,9.95000000000005,0.900000000000034,14,14,0,0,0.2,0.2,0
160,"Rhinolophus ferrumequinum",46.96055,0.17201,2022-01-23,"gbif","Warm Temperate","Moist","Cropland","Plains","Warm Temperate Moist",105,207,54,"Warm Temperate Moist Cropland on Plains","#69CF36",97,643,16.8346153846154,59,7.95000000000005,8.85000000000002,0.899999999999977,12,12,0,0,0,0,0
160,"Rhinolophus ferrumequinum",45.49925,-0.52242,2022-01-30,"gbif","Warm Temperate","Moist","Cropland","Plains","Warm Temperate Moist",105,207,54,"Warm Temperate Moist Cropland on Plains","#69CF36",32,644,17.7576923076924,71.9230769230769,9.25000000000006,10.2500000000001,1,14,14,0,0,0,0,0
160,"Rhinolophus ferrumequinum",46.904488282,0.0069732221,2026-02-10,"inat","Warm Temperate","Moist","Cropland","Plains","Warm Temperate Moist",105,207,54,"Warm Temperate Moist Cropland on Plains","#69CF36",54,645,17.0807692307692,54,8.15000000000003,9.05000000000001,0.899999999999977,12,12,0,0,0,0,0
160,"Rhinolophus ferrumequinum",45.2211,-0.75994,2022-02-18,"gbif","Warm Temperate","Moist","Cropland","Plains","Warm Temperate Moist",105,207,54,"Warm Temperate Moist Cropland on Plains","#69CF36",15,646,17.7653846153846,79.7692307692308,9.95000000000005,10.95,1,13,13,0,0,0.3125,0.3125,0
160,"Rhinolophus ferrumequinum",46.70225,0.70926,2022-09-13,"gbif","Warm Temperate","Moist","Cropland","Plains","Warm Temperate Moist",105,207,54,"Warm Temperate Moist Cropland on Plains","#69CF36",127,647,16.873076923077,59.6153846153846,7.75000000000006,8.65000000000003,0.899999999999977,14,14,0,0,0,0,0
160,"Rhinolophus ferrumequinum",45.04948,-0.4941,2022-01-29,"gbif","Warm Temperate","Moist","Cropland","Plains","Warm Temperate Moist",105,207,54,"Warm Temperate Moist Cropland on Plains","#69CF36",12,648,18.1576923076923,83.6153846153846,9.65000000000003,10.65,1,9,9,0,0,0.642857142857143,0.5,-0.142857142857143
160,"Rhinolophus ferrumequinum",44.70092,-0.09344,2022-01-30,"gbif","Warm Temperate","Moist","Cropland","Plains","Warm Temperate Moist",105,207,54,"Warm Temperate Moist Cropland on Plains","#69CF36",82,649,18.2038461538462,85.6923076923077,9.25000000000006,10.2500000000001,1,14,14,0,0,0,0,0
160,"Barbastella barbastellus",48.34206,2.12277,2023-06-23,"gbif","Warm Temperate","Moist","Cropland","Plains","Warm Temperate Moist",105,207,54,"Warm Temperate Moist Cropland on Plains","#69CF36",136,650,16.0423076923077,50.6923076923077,7.05000000000001,8.05000000000001,1,12,12,0,0,0,0,0
160,"Rhinolophus ferrumequinum",44.26101,0.30656,2023-04-18,"gbif","Warm Temperate","Moist","Cropland","Plains","Warm Temperate Moist",105,207,54,"Warm Temperate Moist Cropland on Plains","#69CF36",31,651,19.0653846153846,70.3076923076923,9.65000000000003,10.65,1,14,14,0,0,0.0666666666666667,0.0666666666666667,0
160,"Rhinolophus ferrumequinum",45.49093,-0.77822,2022-06-22,"gbif","Warm Temperate","Moist","Cropland","Plains","Warm Temperate Moist",105,207,54,"Warm Temperate Moist Cropland on Plains","#69CF36",54,652,17.4807692307693,78.9230769230769,9.55000000000001,10.55,1,14,14,0,0,0.0714285714285714,0.0714285714285714,0
160,"Rhinolophus ferrumequinum",45.2211,-0.75994,2022-03-05,"gbif","Warm Temperate","Moist","Cropland","Plains","Warm Temperate Moist",105,207,54,"Warm Temperate Moist Cropland on Plains","#69CF36",15,653,17.7653846153846,79.7692307692308,9.95000000000005,10.95,1,13,13,0,0,0.3125,0.3125,0
160,"Rhinolophus ferrumequinum",48.53947,-4.46537,2022-08-08,"gbif","Warm Temperate","Moist","Cropland","Plains","Warm Temperate Moist",105,207,54,"Warm Temperate Moist Cropland on Plains","#69CF36",39,654,14.2038461538462,95.8461538461538,10.35,10.95,0.600000000000023,14,14,0,0,0,0,0
160,"Barbastella barbastellus",47.495084,-1.561358,2025-08-23,"gbif","Warm Temperate","Moist","Cropland","Plains","Warm Temperate Moist",105,207,54,"Warm Temperate Moist Cropland on Plains","#69CF36",30,655,16.4423076923077,78.9230769230769,8.55000000000001,9.35000000000002,0.800000000000011,12,14,0,0,0,0,0
160,"Rhinolophus ferrumequinum",45.94065,-0.80909,2022-01-27,"gbif","Warm Temperate","Moist","Cropland","Plains","Warm Temperate Moist",105,207,54,"Warm Temperate Moist Cropland on Plains","#69CF36",2,656,17.7346153846154,71.5384615384615,9.15000000000003,10.15,1,12,12,0,0,0,0,0
160,"Rhinolophus ferrumequinum",46.60375,0.32128,2022-01-22,"gbif","Warm Temperate","Moist","Cropland","Plains","Warm Temperate Moist",105,207,54,"Warm Temperate Moist Cropland on Plains","#69CF36",126,657,16.7115384615385,56.0769230769231,7.85000000000002,8.85000000000002,1,12,12,0,0,0,0,0
160,"Barbastella barbastellus",47.495084256,-1.5613582138,2025-08-23,"inat","Warm Temperate","Moist","Cropland","Plains","Warm Temperate Moist",105,207,54,"Warm Temperate Moist Cropland on Plains","#69CF36",30,658,16.4423076923077,78.9230769230769,8.55000000000001,9.35000000000002,0.800000000000011,12,14,0,0,0,0,0
160,"Rhinolophus ferrumequinum",47.265621,0.124063,2025-07-03,"gbif","Warm Temperate","Moist","Cropland","Plains","Warm Temperate Moist",105,207,54,"Warm Temperate Moist Cropland on Plains","#69CF36",27,659,17.0346153846154,56.6923076923077,8.25000000000006,9.15000000000003,0.899999999999977,14,14,0,0,0.285714285714286,0.0714285714285714,-0.214285714285714
160,"Rhinolophus ferrumequinum",46.89548,2.95399,2022-07-27,"gbif","Warm Temperate","Moist","Cropland","Plains","Warm Temperate Moist",105,207,54,"Warm Temperate Moist Cropland on Plains","#69CF36",211,660,16.6038461538462,58.6153846153846,6.95000000000005,8.05000000000001,1.09999999999997,9,9,0,0,0.75,0.75,0
160,"Rhinolophus ferrumequinum",46.7621275423,5.4612806067,2023-10-03,"inat","Warm Temperate","Moist","Cropland","Plains","Warm Temperate Moist",105,207,54,"Warm Temperate Moist Cropland on Plains","#69CF36",200,661,16.8884615384616,82.3846153846154,7.15000000000003,8.35000000000002,1.19999999999999,12,12,0,0,0.214285714285714,0.214285714285714,0
160,"Rhinolophus ferrumequinum",46.60375,0.32128,2022-01-22,"gbif","Warm Temperate","Moist","Cropland","Plains","Warm Temperate Moist",105,207,54,"Warm Temperate Moist Cropland on Plains","#69CF36",126,662,16.7115384615385,56.0769230769231,7.85000000000002,8.85000000000002,1,12,12,0,0,0,0,0
160,"Rhinolophus ferrumequinum",45.2211,-0.75994,2022-02-26,"gbif","Warm Temperate","Moist","Cropland","Plains","Warm Temperate Moist",105,207,54,"Warm Temperate Moist Cropland on Plains","#69CF36",15,663,17.7653846153846,79.7692307692308,9.95000000000005,10.95,1,13,13,0,0,0.3125,0.3125,0
160,"Rhinolophus ferrumequinum",44.96344,-0.36179,2022-02-14,"gbif","Warm Temperate","Moist","Cropland","Plains","Warm Temperate Moist",105,207,54,"Warm Temperate Moist Cropland on Plains","#69CF36",6,664,18.35,84.5384615384615,9.65000000000003,10.65,1,14,14,0,0,0.2,0.266666666666667,0.0666666666666667
160,"Rhinolophus ferrumequinum",47.401937,-1.585715,2025-08-24,"gbif","Warm Temperate","Moist","Cropland","Plains","Warm Temperate Moist",105,207,54,"Warm Temperate Moist Cropland on Plains","#69CF36",40,665,16.4269230769231,76.8461538461538,8.65000000000003,9.45000000000005,0.800000000000011,14,14,0,0,0,0,0
160,"Rhinolophus ferrumequinum",46.30043,-0.83415,2022-06-01,"gbif","Warm Temperate","Moist","Cropland","Plains","Warm Temperate Moist",105,207,54,"Warm Temperate Moist Cropland on Plains","#69CF36",2,666,17.2423076923077,70.4615384615385,9.05000000000001,9.95000000000005,0.900000000000034,12,12,0,0,0,0,0
160,"Rhinolophus ferrumequinum",47.241227,-0.02657,2023-02-08,"gbif","Warm Temperate","Moist","Cropland","Plains","Warm Temperate Moist",105,207,54,"Warm Temperate Moist Cropland on Plains","#69CF36",37,667,16.8038461538462,58.9230769230769,8.05000000000001,8.95000000000005,0.900000000000034,9,9,0,0,0.357142857142857,0.285714285714286,-0.0714285714285715
160,"Rhinolophus ferrumequinum",45.41323,-0.389,2022-01-30,"gbif","Warm Temperate","Moist","Cropland","Plains","Warm Temperate Moist",105,207,54,"Warm Temperate Moist Cropland on Plains","#69CF36",47,668,17.7192307692308,75.1538461538462,9.15000000000003,10.15,1,12,12,0,0,0,0,0
160,"Rhinolophus ferrumequinum",45.13537,-0.62682,2022-01-28,"gbif","Warm Temperate","Moist","Cropland","Plains","Warm Temperate Moist",105,207,54,"Warm Temperate Moist Cropland on Plains","#69CF36",36,669,17.8576923076923,86.7692307692308,9.65000000000003,10.65,1,14,14,0,0,0.1875,0.125,-0.0625
160,"Rhinolophus ferrumequinum",45.04948,-0.4941,2022-01-29,"gbif","Warm Temperate","Moist","Cropland","Plains","Warm Temperate Moist",105,207,54,"Warm Temperate Moist Cropland on Plains","#69CF36",12,670,18.1576923076923,83.6153846153846,9.65000000000003,10.65,1,9,9,0,0,0.642857142857143,0.5,-0.142857142857143
160,"Rhinolophus ferrumequinum",46.30472,-0.70437,2022-06-01,"gbif","Warm Temperate","Moist","Cropland","Plains","Warm Temperate Moist",105,207,54,"Warm Temperate Moist Cropland on Plains","#69CF36",5,671,17.3115384615385,70.6923076923077,8.95000000000005,9.95000000000005,1,10,10,0,0,0.214285714285714,0.214285714285714,0
160,"Rhinolophus ferrumequinum",46.630544,0.311883,2024-10-27,"gbif","Warm Temperate","Moist","Cropland","Plains","Warm Temperate Moist",105,207,54,"Warm Temperate Moist Cropland on Plains","#69CF36",87,672,16.9423076923077,56,8.05000000000001,9.05000000000001,1,14,14,0,0,0.0666666666666667,0,-0.0666666666666667
160,"Rhinolophus ferrumequinum",46.77387,-0.08054,2022-06-13,"gbif","Warm Temperate","Moist","Cropland","Plains","Warm Temperate Moist",105,207,54,"Warm Temperate Moist Cropland on Plains","#69CF36",127,673,16.5961538461539,59.8461538461538,7.85000000000002,8.75000000000006,0.900000000000034,12,12,0,0,0,0,0
160,"Rhinolophus ferrumequinum",45.85071,-0.80287,2022-01-25,"gbif","Warm Temperate","Moist","Cropland","Plains","Warm Temperate Moist",105,207,54,"Warm Temperate Moist Cropland on Plains","#69CF36",17,674,17.7192307692308,71.8461538461538,9.15000000000003,10.15,1,12,12,0,0,0,0,0
160,"Rhinolophus ferrumequinum",45.04123,-0.74785,2022-02-10,"gbif","Warm Temperate","Moist","Cropland","Plains","Warm Temperate Moist",105,207,54,"Warm Temperate Moist Cropland on Plains","#69CF36",21,675,18.0423076923077,84.5384615384615,9.75000000000006,10.7500000000001,1,9,9,0,0,0.928571428571429,0.928571428571429,0
160,"Rhinolophus ferrumequinum",46.274954,-0.514153,2023-11-11,"gbif","Warm Temperate","Moist","Cropland","Plains","Warm Temperate Moist",105,207,54,"Warm Temperate Moist Cropland on Plains","#69CF36",6,676,17.3115384615385,69.6153846153846,8.85000000000002,9.85000000000002,1,12,12,0,0,0,0,0
160,"Barbastella barbastellus",48.64185,-0.144208,2024-10-04,"gbif","Warm Temperate","Moist","Cropland","Plains","Warm Temperate Moist",105,207,54,"Warm Temperate Moist Cropland on Plains","#69CF36",194,677,14.8576923076923,61.1538461538462,7.05000000000001,7.85000000000002,0.800000000000011,12,12,0,0,0,0,0
160,"Barbastella barbastellus",45.94492,-0.68016,2022-01-26,"gbif","Warm Temperate","Moist","Cropland","Plains","Warm Temperate Moist",105,207,54,"Warm Temperate Moist Cropland on Plains","#69CF36",6,678,17.7423076923077,72.3846153846154,9.05000000000001,10.05,1,12,12,0,0,0,0,0
160,"Rhinolophus ferrumequinum",45.76076,-0.79668,2022-06-30,"gbif","Warm Temperate","Moist","Cropland","Plains","Warm Temperate Moist",105,207,54,"Warm Temperate Moist Cropland on Plains","#69CF36",35,679,17.673076923077,72.4615384615385,9.15000000000003,10.15,1,12,12,0,0,0,0,0
160,"Rhinolophus ferrumequinum",46.5564,-1.24429,2022-07-29,"gbif","Warm Temperate","Moist","Cropland","Plains","Warm Temperate Moist",105,207,54,"Warm Temperate Moist Cropland on Plains","#69CF36",41,680,16.8115384615385,77.2307692307692,8.95000000000005,9.85000000000002,0.899999999999977,12,12,0,0,0,0,0
160,"Rhinolophus ferrumequinum",47.61502,1.61079,2022-08-25,"gbif","Warm Temperate","Moist","Cropland","Plains","Warm Temperate Moist",105,207,54,"Warm Temperate Moist Cropland on Plains","#69CF36",104,681,16.7346153846154,53.7692307692308,7.45000000000005,8.45000000000005,1,8,8,0,0,0.933333333333333,1,0.0666666666666667
160,"Rhinolophus ferrumequinum",46.70225,0.70926,2022-06-01,"gbif","Warm Temperate","Moist","Cropland","Plains","Warm Temperate Moist",105,207,54,"Warm Temperate Moist Cropland on Plains","#69CF36",127,682,16.873076923077,59.6153846153846,7.75000000000006,8.65000000000003,0.899999999999977,14,14,0,0,0,0,0
160,"Rhinolophus ferrumequinum",47.21631,-0.37037,2022-07-07,"gbif","Warm Temperate","Moist","Cropland","Plains","Warm Temperate Moist",105,207,54,"Warm Temperate Moist Cropland on Plains","#69CF36",47,683,16.8423076923077,59.6153846153846,8.25000000000006,9.05000000000001,0.799999999999955,12,12,0,0,0.142857142857143,0.142857142857143,0
160,"Rhinolophus ferrumequinum",47.2656214967,0.1240626084,2025-07-03,"inat","Warm Temperate","Moist","Cropland","Plains","Warm Temperate Moist",105,207,54,"Warm Temperate Moist Cropland on Plains","#69CF36",27,684,17.0346153846154,56.6923076923077,8.25000000000006,9.15000000000003,0.899999999999977,14,14,0,0,0.285714285714286,0.0714285714285714,-0.214285714285714
160,"Rhinolophus ferrumequinum",47.36273,-1.67923,2022-03-18,"gbif","Warm Temperate","Moist","Cropland","Plains","Warm Temperate Moist",105,207,54,"Warm Temperate Moist Cropland on Plains","#69CF36",64,685,16.2500000000001,80.6923076923077,8.65000000000003,9.45000000000005,0.800000000000011,14,14,0,0,0.0666666666666667,0.0666666666666667,0
160,"Barbastella barbastellus",46.7116493368,0.2184538095,2025-01-18,"inat","Warm Temperate","Moist","Cropland","Plains","Warm Temperate Moist",105,207,54,"Warm Temperate Moist Cropland on Plains","#69CF36",104,686,16.8115384615385,55,7.95000000000005,8.95000000000005,1,12,12,0,0,0,0,0
160,"Rhinolophus ferrumequinum",46.762128,5.461281,2023-10-03,"gbif","Warm Temperate","Moist","Cropland","Plains","Warm Temperate Moist",105,207,54,"Warm Temperate Moist Cropland on Plains","#69CF36",200,687,16.8884615384616,82.3846153846154,7.15000000000003,8.35000000000002,1.19999999999999,12,12,0,0,0.214285714285714,0.214285714285714,0
160,"Rhinolophus ferrumequinum",46.30043,-0.83415,2023-06-26,"gbif","Warm Temperate","Moist","Cropland","Plains","Warm Temperate Moist",105,207,54,"Warm Temperate Moist Cropland on Plains","#69CF36",2,688,17.2423076923077,70.4615384615385,9.05000000000001,9.95000000000005,0.900000000000034,12,12,0,0,0,0,0
160,"Rhinolophus ferrumequinum",45.94492,-0.68016,2022-01-29,"gbif","Warm Temperate","Moist","Cropland","Plains","Warm Temperate Moist",105,207,54,"Warm Temperate Moist Cropland on Plains","#69CF36",6,689,17.7423076923077,72.3846153846154,9.05000000000001,10.05,1,12,12,0,0,0,0,0
160,"Rhinolophus ferrumequinum",46.91513,2.88326,2022-07-27,"gbif","Warm Temperate","Moist","Cropland","Plains","Warm Temperate Moist",105,207,54,"Warm Temperate Moist Cropland on Plains","#69CF36",188,690,16.7576923076924,57.2307692307692,7.05000000000001,8.15000000000003,1.10000000000002,12,12,0,0,0,0,0
160,"Rhinolophus ferrumequinum",46.78672,0.4434,2022-02-09,"gbif","Warm Temperate","Moist","Cropland","Plains","Warm Temperate Moist",105,207,54,"Warm Temperate Moist Cropland on Plains","#69CF36",69,691,17.0807692307692,53.8461538461538,8.05000000000001,9.05000000000001,1,12,12,0,0,0.0714285714285714,0.0714285714285714,0
160,"Rhinolophus ferrumequinum",46.60375,0.32128,2022-06-17,"gbif","Warm Temperate","Moist","Cropland","Plains","Warm Temperate Moist",105,207,54,"Warm Temperate Moist Cropland on Plains","#69CF36",126,692,16.7115384615385,56.0769230769231,7.85000000000002,8.85000000000002,1,12,12,0,0,0,0,0
160,"Rhinolophus ferrumequinum",46.675718,0.347189,2024-09-30,"gbif","Warm Temperate","Moist","Cropland","Plains","Warm Temperate Moist",105,207,54,"Warm Temperate Moist Cropland on Plains","#69CF36",102,693,16.8346153846154,54.6923076923077,7.95000000000005,8.95000000000005,1,12,12,0,0,0,0,0
160,"Barbastella barbastellus",45.67507,-0.6622,2022-01-29,"gbif","Warm Temperate","Moist","Cropland","Plains","Warm Temperate Moist",105,207,54,"Warm Temperate Moist Cropland on Plains","#69CF36",51,694,17.6115384615385,73.2307692307692,9.15000000000003,10.15,1,12,12,0,0,0,0,0
160,"Rhinolophus ferrumequinum",45.85071,-0.80287,2022-01-25,"gbif","Warm Temperate","Moist","Cropland","Plains","Warm Temperate Moist",105,207,54,"Warm Temperate Moist Cropland on Plains","#69CF36",17,695,17.7192307692308,71.8461538461538,9.15000000000003,10.15,1,12,12,0,0,0,0,0
160,"Rhinolophus ferrumequinum",48.53947,-4.46537,2022-04-20,"gbif","Warm Temperate","Moist","Cropland","Plains","Warm Temperate Moist",105,207,54,"Warm Temperate Moist Cropland on Plains","#69CF36",39,696,14.2038461538462,95.8461538461538,10.35,10.95,0.600000000000023,14,14,0,0,0,0,0
160,"Rhinolophus ferrumequinum",47.30625,-0.37602,2022-07-07,"gbif","Warm Temperate","Moist","Cropland","Plains","Warm Temperate Moist",105,207,54,"Warm Temperate Moist Cropland on Plains","#69CF36",57,697,16.7576923076924,61.3846153846154,8.15000000000003,8.95000000000005,0.800000000000011,12,12,0,0,0,0,0
160,"Rhinolophus ferrumequinum",45.49925,-0.52242,2022-01-30,"gbif","Warm Temperate","Moist","Cropland","Plains","Warm Temperate Moist",105,207,54,"Warm Temperate Moist Cropland on Plains","#69CF36",32,698,17.7576923076924,71.9230769230769,9.25000000000006,10.2500000000001,1,14,14,0,0,0,0,0
160,"Rhinolophus ferrumequinum",46.6215299672,-1.5736468356,2026-01-17,"inat","Warm Temperate","Moist","Cropland","Plains","Warm Temperate Moist",105,207,54,"Warm Temperate Moist Cropland on Plains","#69CF36",64,699,16.3961538461539,83,9.35000000000002,10.2500000000001,0.900000000000034,12,12,0,0,0,0,0
160,"Rhinolophus ferrumequinum",45.13116,-0.75388,2022-02-10,"gbif","Warm Temperate","Moist","Cropland","Plains","Warm Temperate Moist",105,207,54,"Warm Temperate Moist Cropland on Plains","#69CF36",10,700,17.9192307692308,82,9.95000000000005,10.95,1,9,9,0,0,1,1,0
160,"Rhinolophus ferrumequinum",44.96344,-0.36179,2022-02-14,"gbif","Warm Temperate","Moist","Cropland","Plains","Warm Temperate Moist",105,207,54,"Warm Temperate Moist Cropland on Plains","#69CF36",6,701,18.35,84.5384615384615,9.65000000000003,10.65,1,14,14,0,0,0.2,0.266666666666667,0.0666666666666667
160,"Rhinolophus ferrumequinum",48.14268,1.49447,2022-06-27,"gbif","Warm Temperate","Moist","Cropland","Plains","Warm Temperate Moist",105,207,54,"Warm Temperate Moist Cropland on Plains","#69CF36",132,702,16.05,50.7692307692308,7.05000000000001,7.95000000000005,0.900000000000034,12,12,0,0,0,0,0
160,"Rhinolophus ferrumequinum",46.30043,-0.83415,2023-06-26,"gbif","Warm Temperate","Moist","Cropland","Plains","Warm Temperate Moist",105,207,54,"Warm Temperate Moist Cropland on Plains","#69CF36",2,703,17.2423076923077,70.4615384615385,9.05000000000001,9.95000000000005,0.900000000000034,12,12,0,0,0,0,0
160,"Barbastella barbastellus",47.70154,1.19983,2022-03-28,"gbif","Warm Temperate","Moist","Cropland","Plains","Warm Temperate Moist",105,207,54,"Warm Temperate Moist Cropland on Plains","#69CF36",122,704,16.3192307692308,51,7.35000000000002,8.35000000000002,1,12,12,0,0,0,0,0
160,"Rhinolophus ferrumequinum",45.94492,-0.68016,2022-01-26,"gbif","Warm Temperate","Moist","Cropland","Plains","Warm Temperate Moist",105,207,54,"Warm Temperate Moist Cropland on Plains","#69CF36",6,705,17.7423076923077,72.3846153846154,9.05000000000001,10.05,1,12,12,0,0,0,0,0
160,"Rhinolophus ferrumequinum",45.67507,-0.6622,2022-01-29,"gbif","Warm Temperate","Moist","Cropland","Plains","Warm Temperate Moist",105,207,54,"Warm Temperate Moist Cropland on Plains","#69CF36",51,706,17.6115384615385,73.2307692307692,9.15000000000003,10.15,1,12,12,0,0,0,0,0
160,"Rhinolophus ferrumequinum",45.85071,-0.80287,2022-06-20,"gbif","Warm Temperate","Moist","Cropland","Plains","Warm Temperate Moist",105,207,54,"Warm Temperate Moist Cropland on Plains","#69CF36",17,707,17.7192307692308,71.8461538461538,9.15000000000003,10.15,1,12,12,0,0,0,0,0
160,"Rhinolophus ferrumequinum",46.30472,-0.70437,2022-06-01,"gbif","Warm Temperate","Moist","Cropland","Plains","Warm Temperate Moist",105,207,54,"Warm Temperate Moist Cropland on Plains","#69CF36",5,708,17.3115384615385,70.6923076923077,8.95000000000005,9.95000000000005,1,10,10,0,0,0.214285714285714,0.214285714285714,0
160,"Rhinolophus ferrumequinum",46.30043,-0.83415,2022-06-01,"gbif","Warm Temperate","Moist","Cropland","Plains","Warm Temperate Moist",105,207,54,"Warm Temperate Moist Cropland on Plains","#69CF36",2,709,17.2423076923077,70.4615384615385,9.05000000000001,9.95000000000005,0.900000000000034,12,12,0,0,0,0,0
160,"Rhinolophus ferrumequinum",46.61478,0.84367,2022-06-16,"gbif","Warm Temperate","Moist","Cropland","Plains","Warm Temperate Moist",105,207,54,"Warm Temperate Moist Cropland on Plains","#69CF36",106,710,17.1038461538462,56.7692307692308,7.95000000000005,8.95000000000005,1,12,12,0,0,0,0,0
160,"Rhinolophus ferrumequinum",45.49925,-0.52242,2022-01-30,"gbif","Warm Temperate","Moist","Cropland","Plains","Warm Temperate Moist",105,207,54,"Warm Temperate Moist Cropland on Plains","#69CF36",32,711,17.7576923076924,71.9230769230769,9.25000000000006,10.2500000000001,1,14,14,0,0,0,0,0
160,"Rhinolophus ferrumequinum",46.70225,0.70926,2022-06-16,"gbif","Warm Temperate","Moist","Cropland","Plains","Warm Temperate Moist",105,207,54,"Warm Temperate Moist Cropland on Plains","#69CF36",127,712,16.873076923077,59.6153846153846,7.75000000000006,8.65000000000003,0.899999999999977,14,14,0,0,0,0,0
160,"Barbastella barbastellus",45.94492,-0.68016,2022-01-26,"gbif","Warm Temperate","Moist","Cropland","Plains","Warm Temperate Moist",105,207,54,"Warm Temperate Moist Cropland on Plains","#69CF36",6,713,17.7423076923077,72.3846153846154,9.05000000000001,10.05,1,12,12,0,0,0,0,0
160,"Rhinolophus ferrumequinum",46.30043,-0.83415,2022-06-22,"gbif","Warm Temperate","Moist","Cropland","Plains","Warm Temperate Moist",105,207,54,"Warm Temperate Moist Cropland on Plains","#69CF36",2,714,17.2423076923077,70.4615384615385,9.05000000000001,9.95000000000005,0.900000000000034,12,12,0,0,0,0,0
160,"Rhinolophus ferrumequinum",46.70225,0.70926,2022-09-13,"gbif","Warm Temperate","Moist","Cropland","Plains","Warm Temperate Moist",105,207,54,"Warm Temperate Moist Cropland on Plains","#69CF36",127,715,16.873076923077,59.6153846153846,7.75000000000006,8.65000000000003,0.899999999999977,14,14,0,0,0,0,0
160,"Rhinolophus ferrumequinum",44.96344,-0.36179,2022-01-30,"gbif","Warm Temperate","Moist","Cropland","Plains","Warm Temperate Moist",105,207,54,"Warm Temperate Moist Cropland on Plains","#69CF36",6,716,18.35,84.5384615384615,9.65000000000003,10.65,1,14,14,0,0,0.2,0.266666666666667,0.0666666666666667
160,"Rhinolophus ferrumequinum",46.43476,0.85078,2022-02-03,"gbif","Warm Temperate","Moist","Cropland","Plains","Warm Temperate Moist",105,207,54,"Warm Temperate Moist Cropland on Plains","#69CF36",115,717,17.0730769230769,60,7.95000000000005,8.95000000000005,1,14,14,0,0,0,0,0
160,"Barbastella barbastellus",48.34206,2.12277,2023-06-24,"gbif","Warm Temperate","Moist","Cropland","Plains","Warm Temperate Moist",105,207,54,"Warm Temperate Moist Cropland on Plains","#69CF36",136,718,16.0423076923077,50.6923076923077,7.05000000000001,8.05000000000001,1,12,12,0,0,0,0,0
160,"Rhinolophus ferrumequinum",46.30043,-0.83415,2022-06-22,"gbif","Warm Temperate","Moist","Cropland","Plains","Warm Temperate Moist",105,207,54,"Warm Temperate Moist Cropland on Plains","#69CF36",2,719,17.2423076923077,70.4615384615385,9.05000000000001,9.95000000000005,0.900000000000034,12,12,0,0,0,0,0
160,"Rhinolophus ferrumequinum",45.67507,-0.6622,2022-01-29,"gbif","Warm Temperate","Moist","Cropland","Plains","Warm Temperate Moist",105,207,54,"Warm Temperate Moist Cropland on Plains","#69CF36",51,720,17.6115384615385,73.2307692307692,9.15000000000003,10.15,1,12,12,0,0,0,0,0
160,"Rhinolophus ferrumequinum",47.241481,-0.026988,2023-02-08,"gbif","Warm Temperate","Moist","Cropland","Plains","Warm Temperate Moist",105,207,54,"Warm Temperate Moist Cropland on Plains","#69CF36",42,721,16.8038461538462,58.9230769230769,8.05000000000001,8.95000000000005,0.900000000000034,9,9,0,0,0.333333333333333,0.266666666666667,-0.0666666666666667
160,"Rhinolophus ferrumequinum",45.49925,-0.52242,2022-01-30,"gbif","Warm Temperate","Moist","Cropland","Plains","Warm Temperate Moist",105,207,54,"Warm Temperate Moist Cropland on Plains","#69CF36",32,722,17.7576923076924,71.9230769230769,9.25000000000006,10.2500000000001,1,14,14,0,0,0,0,0
160,"Barbastella barbastellus",46.920177,0.225419,2024-01-21,"gbif","Warm Temperate","Moist","Cropland","Plains","Warm Temperate Moist",105,207,54,"Warm Temperate Moist Cropland on Plains","#69CF36",139,723,16.6038461538462,60.0769230769231,7.75000000000006,8.65000000000003,0.899999999999977,12,12,0,0,0,0,0
160,"Rhinolophus ferrumequinum",47.4019374607,-1.5857151456,2025-08-24,"inat","Warm Temperate","Moist","Cropland","Plains","Warm Temperate Moist",105,207,54,"Warm Temperate Moist Cropland on Plains","#69CF36",40,724,16.4269230769231,76.8461538461538,8.65000000000003,9.45000000000005,0.800000000000011,14,14,0,0,0,0,0
160,"Rhinolophus ferrumequinum",45.49925,-0.52242,2022-01-30,"gbif","Warm Temperate","Moist","Cropland","Plains","Warm Temperate Moist",105,207,54,"Warm Temperate Moist Cropland on Plains","#69CF36",32,725,17.7576923076924,71.9230769230769,9.25000000000006,10.2500000000001,1,14,14,0,0,0,0,0
160,"Rhinolophus ferrumequinum",48.1525,1.46241,2022-07-11,"gbif","Warm Temperate","Moist","Cropland","Plains","Warm Temperate Moist",105,207,54,"Warm Temperate Moist Cropland on Plains","#69CF36",137,726,15.9884615384616,50.6923076923077,7.05000000000001,7.95000000000005,0.900000000000034,12,12,0,0,0,0,0
160,"Barbastella barbastellus",48.188186,-1.352561,2024-08-24,"gbif","Warm Temperate","Moist","Cropland","Plains","Warm Temperate Moist",105,207,54,"Warm Temperate Moist Cropland on Plains","#69CF36",83,727,15.7269230769231,74.7692307692308,8.05000000000001,8.75000000000006,0.700000000000045,14,14,0,0,0.133333333333333,0.133333333333333,0
160,"Rhinolophus ferrumequinum",48.53947,-4.46537,2022-09-22,"gbif","Warm Temperate","Moist","Cropland","Plains","Warm Temperate Moist",105,207,54,"Warm Temperate Moist Cropland on Plains","#69CF36",39,728,14.2038461538462,95.8461538461538,10.35,10.95,0.600000000000023,14,14,0,0,0,0,0
160,"Rhinolophus ferrumequinum",48.53947,-4.46537,2022-09-13,"gbif","Warm Temperate","Moist","Cropland","Plains","Warm Temperate Moist",105,207,54,"Warm Temperate Moist Cropland on Plains","#69CF36",39,729,14.2038461538462,95.8461538461538,10.35,10.95,0.600000000000023,14,14,0,0,0,0,0
160,"Rhinolophus ferrumequinum",46.60375,0.32128,2022-01-22,"gbif","Warm Temperate","Moist","Cropland","Plains","Warm Temperate Moist",105,207,54,"Warm Temperate Moist Cropland on Plains","#69CF36",126,730,16.7115384615385,56.0769230769231,7.85000000000002,8.85000000000002,1,12,12,0,0,0,0,0
160,"Rhinolophus ferrumequinum",46.938924,0.115425,2023-04-17,"gbif","Warm Temperate","Moist","Cropland","Plains","Warm Temperate Moist",105,207,54,"Warm Temperate Moist Cropland on Plains","#69CF36",67,731,16.9884615384616,55.6153846153846,8.05000000000001,8.95000000000005,0.900000000000034,12,12,0,0,0,0.0714285714285714,0.0714285714285714
160,"Rhinolophus ferrumequinum",44.96344,-0.36179,2022-02-14,"gbif","Warm Temperate","Moist","Cropland","Plains","Warm Temperate Moist",105,207,54,"Warm Temperate Moist Cropland on Plains","#69CF36",6,732,18.35,84.5384615384615,9.65000000000003,10.65,1,14,14,0,0,0.2,0.266666666666667,0.0666666666666667
160,"Barbastella barbastellus",46.711649,0.218454,2025-01-18,"gbif","Warm Temperate","Moist","Cropland","Plains","Warm Temperate Moist",105,207,54,"Warm Temperate Moist Cropland on Plains","#69CF36",104,733,16.8115384615385,55,7.95000000000005,8.95000000000005,1,12,12,0,0,0,0,0
160,"Rhinolophus ferrumequinum",48.1525,1.46241,2022-09-06,"gbif","Warm Temperate","Moist","Cropland","Plains","Warm Temperate Moist",105,207,54,"Warm Temperate Moist Cropland on Plains","#69CF36",137,734,15.9884615384616,50.6923076923077,7.05000000000001,7.95000000000005,0.900000000000034,12,12,0,0,0,0,0
160,"Barbastella barbastellus",47.133301,1.68583,2024-10-29,"gbif","Warm Temperate","Moist","Cropland","Plains","Warm Temperate Moist",105,207,54,"Warm Temperate Moist Cropland on Plains","#69CF36",107,735,17.1884615384616,53.2307692307692,7.55000000000001,8.55000000000001,1,12,12,0,0,0,0,0
160,"Rhinolophus ferrumequinum",46.86384,-0.08566,2022-01-18,"gbif","Warm Temperate","Moist","Cropland","Plains","Warm Temperate Moist",105,207,54,"Warm Temperate Moist Cropland on Plains","#69CF36",104,736,16.7038461538462,58.1538461538462,7.95000000000005,8.85000000000002,0.899999999999977,12,12,0,0,0,0,0
160,"Rhinolophus ferrumequinum",45.2211,-0.75994,2022-01-26,"gbif","Warm Temperate","Moist","Cropland","Plains","Warm Temperate Moist",105,207,54,"Warm Temperate Moist Cropland on Plains","#69CF36",15,737,17.7653846153846,79.7692307692308,9.95000000000005,10.95,1,13,13,0,0,0.3125,0.3125,0
160,"Rhinolophus ferrumequinum",44.96344,-0.36179,2022-01-30,"gbif","Warm Temperate","Moist","Cropland","Plains","Warm Temperate Moist",105,207,54,"Warm Temperate Moist Cropland on Plains","#69CF36",6,738,18.35,84.5384615384615,9.65000000000003,10.65,1,14,14,0,0,0.2,0.266666666666667,0.0666666666666667
160,"Rhinolophus ferrumequinum",43.845892,4.546223,2025-07-15,"gbif","Warm Temperate","Moist","Cropland","Plains","Warm Temperate Moist",105,207,54,"Warm Temperate Moist Cropland on Plains","#69CF36",77,739,20.0576923076923,38.4615384615385,10.2500000000001,11.55,1.29999999999995,10,10,0,0,0,0.5,0.5
160,"Rhinolophus ferrumequinum",47.4019374607,-1.5857151456,2025-08-23,"inat","Warm Temperate","Moist","Cropland","Plains","Warm Temperate Moist",105,207,54,"Warm Temperate Moist Cropland on Plains","#69CF36",40,740,16.4269230769231,76.8461538461538,8.65000000000003,9.45000000000005,0.800000000000011,14,14,0,0,0,0,0
160,"Rhinolophus ferrumequinum",46.30472,-0.70437,2022-06-15,"gbif","Warm Temperate","Moist","Cropland","Plains","Warm Temperate Moist",105,207,54,"Warm Temperate Moist Cropland on Plains","#69CF36",5,741,17.3115384615385,70.6923076923077,8.95000000000005,9.95000000000005,1,10,10,0,0,0.214285714285714,0.214285714285714,0
160,"Rhinolophus ferrumequinum",45.67507,-0.6622,2022-01-29,"gbif","Warm Temperate","Moist","Cropland","Plains","Warm Temperate Moist",105,207,54,"Warm Temperate Moist Cropland on Plains","#69CF36",51,742,17.6115384615385,73.2307692307692,9.15000000000003,10.15,1,12,12,0,0,0,0,0
160,"Rhinolophus ferrumequinum",47.241442,-0.026488,2023-02-08,"gbif","Warm Temperate","Moist","Cropland","Plains","Warm Temperate Moist",105,207,54,"Warm Temperate Moist Cropland on Plains","#69CF36",37,743,16.8038461538462,58.9230769230769,8.05000000000001,8.95000000000005,0.900000000000034,9,9,0,0,0.357142857142857,0.285714285714286,-0.0714285714285715
160,"Rhinolophus ferrumequinum",46.646738,0.317546,2024-01-25,"gbif","Warm Temperate","Moist","Cropland","Plains","Warm Temperate Moist",105,207,54,"Warm Temperate Moist Cropland on Plains","#69CF36",113,744,16.8038461538462,55.7692307692308,7.95000000000005,8.95000000000005,1,12,12,0,0,0,0,0
160,"Rhinolophus ferrumequinum",45.85071,-0.80287,2022-01-29,"gbif","Warm Temperate","Moist","Cropland","Plains","Warm Temperate Moist",105,207,54,"Warm Temperate Moist Cropland on Plains","#69CF36",17,745,17.7192307692308,71.8461538461538,9.15000000000003,10.15,1,12,12,0,0,0,0,0
160,"Rhinolophus ferrumequinum",47.241348,-0.026499,2023-02-08,"gbif","Warm Temperate","Moist","Cropland","Plains","Warm Temperate Moist",105,207,54,"Warm Temperate Moist Cropland on Plains","#69CF36",37,746,16.8038461538462,58.9230769230769,8.05000000000001,8.95000000000005,0.900000000000034,9,9,0,0,0.357142857142857,0.285714285714286,-0.0714285714285715
160,"Rhinolophus ferrumequinum",45.67507,-0.6622,2022-01-29,"gbif","Warm Temperate","Moist","Cropland","Plains","Warm Temperate Moist",105,207,54,"Warm Temperate Moist Cropland on Plains","#69CF36",51,747,17.6115384615385,73.2307692307692,9.15000000000003,10.15,1,12,12,0,0,0,0,0
160,"Barbastella barbastellus",45.41323,-0.389,2022-01-30,"gbif","Warm Temperate","Moist","Cropland","Plains","Warm Temperate Moist",105,207,54,"Warm Temperate Moist Cropland on Plains","#69CF36",47,748,17.7192307692308,75.1538461538462,9.15000000000003,10.15,1,12,12,0,0,0,0,0
160,"Rhinolophus ferrumequinum",46.61478,0.84367,2022-06-16,"gbif","Warm Temperate","Moist","Cropland","Plains","Warm Temperate Moist",105,207,54,"Warm Temperate Moist Cropland on Plains","#69CF36",106,749,17.1038461538462,56.7692307692308,7.95000000000005,8.95000000000005,1,12,12,0,0,0,0,0
160,"Rhinolophus ferrumequinum",46.704845,0.227022,2024-11-29,"gbif","Warm Temperate","Moist","Cropland","Plains","Warm Temperate Moist",105,207,54,"Warm Temperate Moist Cropland on Plains","#69CF36",111,750,16.7807692307692,55.3846153846154,7.95000000000005,8.95000000000005,1,12,12,0,0,0,0,0
160,"Rhinolophus ferrumequinum",45.41323,-0.389,2022-01-30,"gbif","Warm Temperate","Moist","Cropland","Plains","Warm Temperate Moist",105,207,54,"Warm Temperate Moist Cropland on Plains","#69CF36",47,751,17.7192307692308,75.1538461538462,9.15000000000003,10.15,1,12,12,0,0,0,0,0
160,"Rhinolophus ferrumequinum",46.508131,0.398094,2024-11-27,"gbif","Warm Temperate","Moist","Cropland","Plains","Warm Temperate Moist",105,207,54,"Warm Temperate Moist Cropland on Plains","#69CF36",107,752,16.8038461538462,59.5384615384615,7.95000000000005,8.95000000000005,1,9,9,0,0,0.571428571428571,0.571428571428571,0
160,"Rhinolophus ferrumequinum",46.55561,1.16192,2022-07-19,"gbif","Warm Temperate","Moist","Cropland","Plains","Warm Temperate Moist",105,207,54,"Warm Temperate Moist Cropland on Plains","#69CF36",123,753,17.0807692307692,61.3076923076923,7.95000000000005,8.95000000000005,1,14,14,0,0,0.571428571428571,0.5,-0.0714285714285714
160,"Rhinolophus ferrumequinum",48.53947,-4.46537,2022-09-22,"gbif","Warm Temperate","Moist","Cropland","Plains","Warm Temperate Moist",105,207,54,"Warm Temperate Moist Cropland on Plains","#69CF36",39,754,14.2038461538462,95.8461538461538,10.35,10.95,0.600000000000023,14,14,0,0,0,0,0
160,"Rhinolophus ferrumequinum",46.30043,-0.83415,2022-06-01,"gbif","Warm Temperate","Moist","Cropland","Plains","Warm Temperate Moist",105,207,54,"Warm Temperate Moist Cropland on Plains","#69CF36",2,755,17.2423076923077,70.4615384615385,9.05000000000001,9.95000000000005,0.900000000000034,12,12,0,0,0,0,0
160,"Rhinolophus ferrumequinum",45.41323,-0.389,2022-01-30,"gbif","Warm Temperate","Moist","Cropland","Plains","Warm Temperate Moist",105,207,54,"Warm Temperate Moist Cropland on Plains","#69CF36",47,756,17.7192307692308,75.1538461538462,9.15000000000003,10.15,1,12,12,0,0,0,0,0
160,"Rhinolophus ferrumequinum",45.94492,-0.68016,2022-01-26,"gbif","Warm Temperate","Moist","Cropland","Plains","Warm Temperate Moist",105,207,54,"Warm Temperate Moist Cropland on Plains","#69CF36",6,757,17.7423076923077,72.3846153846154,9.05000000000001,10.05,1,12,12,0,0,0,0,0
160,"Rhinolophus ferrumequinum",48.53947,-4.46537,2022-07-04,"gbif","Warm Temperate","Moist","Cropland","Plains","Warm Temperate Moist",105,207,54,"Warm Temperate Moist Cropland on Plains","#69CF36",39,758,14.2038461538462,95.8461538461538,10.35,10.95,0.600000000000023,14,14,0,0,0,0,0
160,"Rhinolophus ferrumequinum",43.712849,4.227348,2023-07-08,"gbif","Warm Temperate","Moist","Cropland","Plains","Warm Temperate Moist",105,207,54,"Warm Temperate Moist Cropland on Plains","#69CF36",12,759,19.9038461538462,33.8461538461538,10.85,12.15,1.30000000000001,9,9,0,0,0.357142857142857,0.357142857142857,0
160,"Barbastella barbastellus",48.225709,2.671546,2023-12-20,"gbif","Warm Temperate","Moist","Cropland","Plains","Warm Temperate Moist",105,207,54,"Warm Temperate Moist Cropland on Plains","#69CF36",108,760,16.35,55.9230769230769,7.15000000000003,8.15000000000003,1,12,12,0,0,0,0,0
160,"Rhinolophus ferrumequinum",45.2211,-0.75994,2022-02-11,"gbif","Warm Temperate","Moist","Cropland","Plains","Warm Temperate Moist",105,207,54,"Warm Temperate Moist Cropland on Plains","#69CF36",15,761,17.7653846153846,79.7692307692308,9.95000000000005,10.95,1,13,13,0,0,0.3125,0.3125,0
160,"Rhinolophus ferrumequinum",47.241407,-0.026756,2023-02-08,"gbif","Warm Temperate","Moist","Cropland","Plains","Warm Temperate Moist",105,207,54,"Warm Temperate Moist Cropland on Plains","#69CF36",37,762,16.8038461538462,58.9230769230769,8.05000000000001,8.95000000000005,0.900000000000034,9,9,0,0,0.357142857142857,0.285714285714286,-0.0714285714285715
160,"Rhinolophus ferrumequinum",46.21892,-0.5687,2022-06-23,"gbif","Warm Temperate","Moist","Cropland","Plains","Warm Temperate Moist",105,207,54,"Warm Temperate Moist Cropland on Plains","#69CF36",28,763,17.273076923077,72.8461538461538,8.85000000000002,9.85000000000002,1,12,12,0,0,0,0,0
160,"Rhinolophus ferrumequinum",46.30472,-0.70437,2022-06-01,"gbif","Warm Temperate","Moist","Cropland","Plains","Warm Temperate Moist",105,207,54,"Warm Temperate Moist Cropland on Plains","#69CF36",5,764,17.3115384615385,70.6923076923077,8.95000000000005,9.95000000000005,1,10,10,0,0,0.214285714285714,0.214285714285714,0
160,"Rhinolophus ferrumequinum",46.70225,0.70926,2022-04-21,"gbif","Warm Temperate","Moist","Cropland","Plains","Warm Temperate Moist",105,207,54,"Warm Temperate Moist Cropland on Plains","#69CF36",127,765,16.873076923077,59.6153846153846,7.75000000000006,8.65000000000003,0.899999999999977,14,14,0,0,0,0,0
160,"Rhinolophus ferrumequinum",46.30472,-0.70437,2022-06-13,"gbif","Warm Temperate","Moist","Cropland","Plains","Warm Temperate Moist",105,207,54,"Warm Temperate Moist Cropland on Plains","#69CF36",5,766,17.3115384615385,70.6923076923077,8.95000000000005,9.95000000000005,1,10,10,0,0,0.214285714285714,0.214285714285714,0
160,"Rhinolophus ferrumequinum",48.53947,-4.46537,2022-06-13,"gbif","Warm Temperate","Moist","Cropland","Plains","Warm Temperate Moist",105,207,54,"Warm Temperate Moist Cropland on Plains","#69CF36",39,767,14.2038461538462,95.8461538461538,10.35,10.95,0.600000000000023,14,14,0,0,0,0,0
160,"Rhinolophus ferrumequinum",46.650187,0.4541,2025-01-25,"gbif","Warm Temperate","Moist","Cropland","Plains","Warm Temperate Moist",105,207,54,"Warm Temperate Moist Cropland on Plains","#69CF36",121,768,16.8346153846154,58,7.85000000000002,8.85000000000002,1,10,9,0,0,0.714285714285714,0.785714285714286,0.0714285714285714
160,"Barbastella barbastellus",48.34437,2.52763,2023-10-05,"gbif","Warm Temperate","Moist","Cropland","Plains","Warm Temperate Moist",105,207,54,"Warm Temperate Moist Cropland on Plains","#69CF36",100,769,16.2576923076924,54.7692307692308,7.15000000000003,8.15000000000003,1,12,12,0,0,0.357142857142857,0.428571428571429,0.0714285714285714
160,"Rhinolophus ferrumequinum",46.59735,0.06017,2022-02-04,"gbif","Warm Temperate","Moist","Cropland","Plains","Warm Temperate Moist",105,207,54,"Warm Temperate Moist Cropland on Plains","#69CF36",155,770,16.4807692307693,60.9230769230769,7.75000000000006,8.75000000000006,1,12,12,0,0,0,0,0
160,"Barbastella barbastellus",48.6418497976,-0.1442076657,2024-10-04,"inat","Warm Temperate","Moist","Cropland","Plains","Warm Temperate Moist",105,207,54,"Warm Temperate Moist Cropland on Plains","#69CF36",194,771,14.8576923076923,61.1538461538462,7.05000000000001,7.85000000000002,0.800000000000011,12,12,0,0,0,0,0
160,"Rhinolophus ferrumequinum",45.2211,-0.75994,2022-02-10,"gbif","Warm Temperate","Moist","Cropland","Plains","Warm Temperate Moist",105,207,54,"Warm Temperate Moist Cropland on Plains","#69CF36",15,772,17.7653846153846,79.7692307692308,9.95000000000005,10.95,1,13,13,0,0,0.3125,0.3125,0
160,"Rhinolophus ferrumequinum",46.55561,1.16192,2022-07-19,"gbif","Warm Temperate","Moist","Cropland","Plains","Warm Temperate Moist",105,207,54,"Warm Temperate Moist Cropland on Plains","#69CF36",123,773,17.0807692307692,61.3076923076923,7.95000000000005,8.95000000000005,1,14,14,0,0,0.571428571428571,0.5,-0.0714285714285714
160,"Rhinolophus ferrumequinum",45.49925,-0.52242,2022-01-30,"gbif","Warm Temperate","Moist","Cropland","Plains","Warm Temperate Moist",105,207,54,"Warm Temperate Moist Cropland on Plains","#69CF36",32,774,17.7576923076924,71.9230769230769,9.25000000000006,10.2500000000001,1,14,14,0,0,0,0,0
160,"Rhinolophus ferrumequinum",47.4781,-0.65269,2022-05-24,"gbif","Warm Temperate","Moist","Cropland","Plains","Warm Temperate Moist",105,207,54,"Warm Temperate Moist Cropland on Plains","#69CF36",47,775,16.6346153846154,65.5384615384615,8.25000000000006,9.05000000000001,0.799999999999955,12,12,0,0,0.0714285714285714,0,-0.0714285714285714
160,"Rhinolophus ferrumequinum",46.30472,-0.70437,2022-06-10,"gbif","Warm Temperate","Moist","Cropland","Plains","Warm Temperate Moist",105,207,54,"Warm Temperate Moist Cropland on Plains","#69CF36",5,776,17.3115384615385,70.6923076923077,8.95000000000005,9.95000000000005,1,10,10,0,0,0.214285714285714,0.214285714285714,0
160,"Rhinolophus ferrumequinum",46.7398658421,-1.5404548486,2026-01-17,"inat","Warm Temperate","Moist","Cropland","Plains","Warm Temperate Moist",105,207,54,"Warm Temperate Moist Cropland on Plains","#69CF36",72,777,16.5807692307692,83,8.95000000000005,9.85000000000002,0.899999999999977,12,12,0,0,0,0,0
160,"Rhinolophus ferrumequinum",46.30472,-0.70437,2022-06-10,"gbif","Warm Temperate","Moist","Cropland","Plains","Warm Temperate Moist",105,207,54,"Warm Temperate Moist Cropland on Plains","#69CF36",5,778,17.3115384615385,70.6923076923077,8.95000000000005,9.95000000000005,1,10,10,0,0,0.214285714285714,0.214285714285714,0
160,"Rhinolophus ferrumequinum",48.53947,-4.46537,2022-05-24,"gbif","Warm Temperate","Moist","Cropland","Plains","Warm Temperate Moist",105,207,54,"Warm Temperate Moist Cropland on Plains","#69CF36",39,779,14.2038461538462,95.8461538461538,10.35,10.95,0.600000000000023,14,14,0,0,0,0,0
160,"Barbastella barbastellus",45.67507,-0.6622,2022-01-29,"gbif","Warm Temperate","Moist","Cropland","Plains","Warm Temperate Moist",105,207,54,"Warm Temperate Moist Cropland on Plains","#69CF36",51,780,17.6115384615385,73.2307692307692,9.15000000000003,10.15,1,12,12,0,0,0,0,0
160,"Rhinolophus ferrumequinum",46.780962,-1.921545,2022-09-04,"gbif","Warm Temperate","Moist","Cropland","Plains","Warm Temperate Moist",105,207,54,"Warm Temperate Moist Cropland on Plains","#69CF36",0,781,16.2346153846154,76.1538461538462,10.05,10.85,0.800000000000011,12,12,0,0,0,0,0
161,"Barbastella barbastellus",43.70094,-1.05966,2023-06-08,"gbif","Warm Temperate","Moist","Settlement","Plains","Warm Temperate Moist",163,170,28,"Warm Temperate Moist Settlement on Plains","#A3AA1C",25,782,18.8192307692308,113.153846153846,10.7500000000001,11.7500000000001,1,13,13,0,0,0.214285714285714,0.214285714285714,0
161,"Barbastella barbastellus",45.745909,5.184259,2025-09-25,"gbif","Warm Temperate","Moist","Settlement","Plains","Warm Temperate Moist",163,170,28,"Warm Temperate Moist Settlement on Plains","#A3AA1C",204,783,17.2576923076923,66.3846153846154,7.35000000000002,8.65000000000003,1.30000000000001,13,13,0,0,0.0714285714285714,0.0714285714285714,0
161,"Rhinolophus ferrumequinum",47.769081,-3.558725,2024-11-12,"gbif","Warm Temperate","Moist","Settlement","Plains","Warm Temperate Moist",163,170,28,"Warm Temperate Moist Settlement on Plains","#A3AA1C",21,784,14.7730769230769,85.7692307692308,10.65,11.2500000000001,0.600000000000023,9,9,0,0,0.25,0.1875,-0.0625
161,"Rhinolophus ferrumequinum",45.66642,-0.91879,2022-01-30,"gbif","Warm Temperate","Moist","Settlement","Plains","Warm Temperate Moist",163,170,28,"Warm Temperate Moist Settlement on Plains","#A3AA1C",4,785,17.873076923077,71.9230769230769,9.55000000000001,10.55,1,9,9,0,0,0.142857142857143,0.0714285714285714,-0.0714285714285714
161,"Barbastella barbastellus",47.42219,0.67848,2022-03-23,"gbif","Warm Temperate","Moist","Settlement","Plains","Warm Temperate Moist",163,170,28,"Warm Temperate Moist Settlement on Plains","#A3AA1C",102,786,16.5269230769231,56.1538461538462,7.65000000000003,8.55000000000001,0.899999999999977,13,13,0,0,0,0,0
161,"Rhinolophus ferrumequinum",43.65301,1.45085,2022-07-26,"gbif","Warm Temperate","Moist","Settlement","Plains","Warm Temperate Moist",163,170,28,"Warm Temperate Moist Settlement on Plains","#A3AA1C",136,787,18.7961538461539,57.3846153846154,9.55000000000001,10.55,1,13,13,0,0,0,0.0714285714285714,0.0714285714285714
161,"Barbastella barbastellus",43.70094,-1.05966,2023-06-08,"gbif","Warm Temperate","Moist","Settlement","Plains","Warm Temperate Moist",163,170,28,"Warm Temperate Moist Settlement on Plains","#A3AA1C",25,788,18.8192307692308,113.153846153846,10.7500000000001,11.7500000000001,1,13,13,0,0,0.214285714285714,0.214285714285714,0
161,"Rhinolophus ferrumequinum",43.65301,1.45085,2022-07-26,"gbif","Warm Temperate","Moist","Settlement","Plains","Warm Temperate Moist",163,170,28,"Warm Temperate Moist Settlement on Plains","#A3AA1C",136,789,18.7961538461539,57.3846153846154,9.55000000000001,10.55,1,13,13,0,0,0,0.0714285714285714,0.0714285714285714
161,"Barbastella barbastellus",48.11292,-1.708258,2023-05-13,"gbif","Warm Temperate","Moist","Settlement","Plains","Warm Temperate Moist",163,170,28,"Warm Temperate Moist Settlement on Plains","#A3AA1C",34,790,16.0730769230769,67,8.35000000000002,9.15000000000003,0.800000000000011,13,13,0,0,0,0,0
161,"Rhinolophus ferrumequinum",46.78059,0.1814,2022-01-23,"gbif","Warm Temperate","Moist","Settlement","Plains","Warm Temperate Moist",163,170,28,"Warm Temperate Moist Settlement on Plains","#A3AA1C",142,791,16.65,57.2307692307692,7.85000000000002,8.85000000000002,1,14,12,0,0,0.0714285714285714,0.0714285714285714,0
161,"Barbastella barbastellus",46.78059,0.1814,2022-01-23,"gbif","Warm Temperate","Moist","Settlement","Plains","Warm Temperate Moist",163,170,28,"Warm Temperate Moist Settlement on Plains","#A3AA1C",142,792,16.65,57.2307692307692,7.85000000000002,8.85000000000002,1,14,12,0,0,0.0714285714285714,0.0714285714285714,0
161,"Rhinolophus ferrumequinum",45.66642,-0.91879,2022-01-30,"gbif","Warm Temperate","Moist","Settlement","Plains","Warm Temperate Moist",163,170,28,"Warm Temperate Moist Settlement on Plains","#A3AA1C",4,793,17.873076923077,71.9230769230769,9.55000000000001,10.55,1,9,9,0,0,0.142857142857143,0.0714285714285714,-0.0714285714285714
161,"Rhinolophus ferrumequinum",47.347024,0.457896,2026-02-05,"gbif","Warm Temperate","Moist","Settlement","Plains","Warm Temperate Moist",163,170,28,"Warm Temperate Moist Settlement on Plains","#A3AA1C",65,794,16.8269230769231,56.1538461538462,7.95000000000005,8.85000000000002,0.899999999999977,9,14,0,0,0.466666666666667,0.4,-0.0666666666666667
161,"Barbastella barbastellus",48.111635,-1.705441,2023-05-13,"gbif","Warm Temperate","Moist","Settlement","Plains","Warm Temperate Moist",163,170,28,"Warm Temperate Moist Settlement on Plains","#A3AA1C",36,795,16.0730769230769,67,8.35000000000002,9.15000000000003,0.800000000000011,13,13,0,0,0,0,0
161,"Barbastella barbastellus",47.2420300333,-0.3137270015,2016-12-10,"inat","Warm Temperate","Moist","Settlement","Plains","Warm Temperate Moist",163,170,28,"Warm Temperate Moist Settlement on Plains","#A3AA1C",64,796,16.7576923076924,61.3076923076923,8.15000000000003,8.95000000000005,0.800000000000011,12,12,0,0,0.133333333333333,0,-0.133333333333333
161,"Rhinolophus ferrumequinum",43.70094,-1.05966,2023-06-08,"gbif","Warm Temperate","Moist","Settlement","Plains","Warm Temperate Moist",163,170,28,"Warm Temperate Moist Settlement on Plains","#A3AA1C",25,797,18.8192307692308,113.153846153846,10.7500000000001,11.7500000000001,1,13,13,0,0,0.214285714285714,0.214285714285714,0
161,"Rhinolophus ferrumequinum",45.66642,-0.91879,2022-01-30,"gbif","Warm Temperate","Moist","Settlement","Plains","Warm Temperate Moist",163,170,28,"Warm Temperate Moist Settlement on Plains","#A3AA1C",4,798,17.873076923077,71.9230769230769,9.55000000000001,10.55,1,9,9,0,0,0.142857142857143,0.0714285714285714,-0.0714285714285714
161,"Barbastella barbastellus",45.745909286,5.1842594457,2025-09-25,"inat","Warm Temperate","Moist","Settlement","Plains","Warm Temperate Moist",163,170,28,"Warm Temperate Moist Settlement on Plains","#A3AA1C",204,799,17.2576923076923,66.3846153846154,7.35000000000002,8.65000000000003,1.30000000000001,13,13,0,0,0.0714285714285714,0.0714285714285714,0
161,"Barbastella barbastellus",43.70094,-1.05966,2023-06-08,"gbif","Warm Temperate","Moist","Settlement","Plains","Warm Temperate Moist",163,170,28,"Warm Temperate Moist Settlement on Plains","#A3AA1C",25,800,18.8192307692308,113.153846153846,10.7500000000001,11.7500000000001,1,13,13,0,0,0.214285714285714,0.214285714285714,0
163,"Rhinolophus ferrumequinum",45.34671,0.50954,2023-01-18,"gbif","Warm Temperate","Moist","Forest","Hills","Warm Temperate Moist",47,146,24,"Warm Temperate Moist Forest on Hills","#2F9218",143,801,17.3653846153846,83.1538461538462,8.45000000000005,9.45000000000005,1,14,14,0,0,0.357142857142857,0.428571428571429,0.0714285714285714
163,"Rhinolophus ferrumequinum",44.64287,1.42364,2022-09-08,"gbif","Warm Temperate","Moist","Forest","Hills","Warm Temperate Moist",47,146,24,"Warm Temperate Moist Forest on Hills","#2F9218",278,802,17.4423076923077,63.8461538461538,8.45000000000005,9.45000000000005,1,9,8,0,0,1,1,0
163,"Rhinolophus ferrumequinum",45.34671,0.50954,2023-01-18,"gbif","Warm Temperate","Moist","Forest","Hills","Warm Temperate Moist",47,146,24,"Warm Temperate Moist Forest on Hills","#2F9218",143,803,17.3653846153846,83.1538461538462,8.45000000000005,9.45000000000005,1,14,14,0,0,0.357142857142857,0.428571428571429,0.0714285714285714
163,"Rhinolophus ferrumequinum",44.819,1.16564,2022-06-27,"gbif","Warm Temperate","Moist","Forest","Hills","Warm Temperate Moist",47,146,24,"Warm Temperate Moist Forest on Hills","#2F9218",62,804,18.2500000000001,62,9.05000000000001,10.05,1,9,9,0,0,0.857142857142857,0.928571428571429,0.0714285714285715
163,"Rhinolophus ferrumequinum",44.90901,1.1627,2023-01-26,"gbif","Warm Temperate","Moist","Forest","Hills","Warm Temperate Moist",47,146,24,"Warm Temperate Moist Forest on Hills","#2F9218",203,805,17.4423076923077,78.6923076923077,8.45000000000005,9.45000000000005,1,4,4,0,0,1,1,0
163,"Rhinolophus ferrumequinum",49.05783,1.70018,2023-08-02,"gbif","Warm Temperate","Moist","Forest","Hills","Warm Temperate Moist",47,146,24,"Warm Temperate Moist Forest on Hills","#2F9218",30,806,15.5653846153846,56.4615384615385,7.05000000000001,7.95000000000005,0.900000000000034,10,4,0,0,0.466666666666667,0.466666666666667,0
163,"Rhinolophus ferrumequinum",44.64287,1.42364,2022-09-07,"gbif","Warm Temperate","Moist","Forest","Hills","Warm Temperate Moist",47,146,24,"Warm Temperate Moist Forest on Hills","#2F9218",278,807,17.4423076923077,63.8461538461538,8.45000000000005,9.45000000000005,1,9,8,0,0,1,1,0
163,"Rhinolophus ferrumequinum",44.54454,0.92272,2022-01-20,"gbif","Warm Temperate","Moist","Forest","Hills","Warm Temperate Moist",47,146,24,"Warm Temperate Moist Forest on Hills","#2F9218",160,808,18.0653846153846,72.6923076923077,8.85000000000002,9.85000000000002,1,8,8,0,0,1,1,0
163,"Rhinolophus ferrumequinum",44.63683,1.04545,2022-01-20,"gbif","Warm Temperate","Moist","Forest","Hills","Warm Temperate Moist",47,146,24,"Warm Temperate Moist Forest on Hills","#2F9218",209,809,17.6653846153847,71.7692307692308,8.65000000000003,9.65000000000003,1,8,8,0,0,1,1,0
163,"Rhinolophus ferrumequinum",45.3521,0.76483,2022-12-16,"gbif","Warm Temperate","Moist","Forest","Hills","Warm Temperate Moist",47,146,24,"Warm Temperate Moist Forest on Hills","#2F9218",172,810,17.1807692307693,85.8461538461538,8.25000000000006,9.25000000000006,1,5,5,0,0,1,1,0
163,"Rhinolophus ferrumequinum",45.09106,1.28386,2023-04-11,"gbif","Warm Temperate","Moist","Forest","Hills","Warm Temperate Moist",47,146,24,"Warm Temperate Moist Forest on Hills","#2F9218",221,811,17.2115384615385,76.2307692307692,8.15000000000003,9.15000000000003,1,8,8,0,0,1,1,0
163,"Rhinolophus ferrumequinum",44.63683,1.04545,2023-02-03,"gbif","Warm Temperate","Moist","Forest","Hills","Warm Temperate Moist",47,146,24,"Warm Temperate Moist Forest on Hills","#2F9218",209,812,17.6653846153847,71.7692307692308,8.65000000000003,9.65000000000003,1,8,8,0,0,1,1,0
163,"Rhinolophus ferrumequinum",45.3521,0.76483,2023-01-12,"gbif","Warm Temperate","Moist","Forest","Hills","Warm Temperate Moist",47,146,24,"Warm Temperate Moist Forest on Hills","#2F9218",172,813,17.1807692307693,85.8461538461538,8.25000000000006,9.25000000000006,1,5,5,0,0,1,1,0
163,"Rhinolophus ferrumequinum",46.87372,0.30792,2022-01-23,"gbif","Warm Temperate","Moist","Forest","Hills","Warm Temperate Moist",47,146,24,"Warm Temperate Moist Forest on Hills","#2F9218",115,814,16.7961538461539,57.7692307692308,7.95000000000005,8.95000000000005,1,9,1,0,0,0.333333333333333,0.4,0.0666666666666667
163,"Rhinolophus ferrumequinum",49.05783,1.70018,2023-06-07,"gbif","Warm Temperate","Moist","Forest","Hills","Warm Temperate Moist",47,146,24,"Warm Temperate Moist Forest on Hills","#2F9218",30,815,15.5653846153846,56.4615384615385,7.05000000000001,7.95000000000005,0.900000000000034,10,4,0,0,0.466666666666667,0.466666666666667,0
163,"Rhinolophus ferrumequinum",44.90901,1.1627,2022-02-01,"gbif","Warm Temperate","Moist","Forest","Hills","Warm Temperate Moist",47,146,24,"Warm Temperate Moist Forest on Hills","#2F9218",203,816,17.4423076923077,78.6923076923077,8.45000000000005,9.45000000000005,1,4,4,0,0,1,1,0
163,"Rhinolophus ferrumequinum",46.87372,0.30792,2022-01-23,"gbif","Warm Temperate","Moist","Forest","Hills","Warm Temperate Moist",47,146,24,"Warm Temperate Moist Forest on Hills","#2F9218",115,817,16.7961538461539,57.7692307692308,7.95000000000005,8.95000000000005,1,9,1,0,0,0.333333333333333,0.4,0.0666666666666667
163,"Barbastella barbastellus",44.163731,1.119044,2024-05-30,"gbif","Warm Temperate","Moist","Forest","Hills","Warm Temperate Moist",47,146,24,"Warm Temperate Moist Forest on Hills","#2F9218",132,818,18.4807692307693,68.2307692307692,9.15000000000003,10.15,1,9,9,0,0,0.5,0.785714285714286,0.285714285714286
163,"Barbastella barbastellus",45.26456,0.89589,2023-01-30,"gbif","Warm Temperate","Moist","Forest","Hills","Warm Temperate Moist",47,146,24,"Warm Temperate Moist Forest on Hills","#2F9218",158,819,17.373076923077,83.3076923076923,8.35000000000002,9.35000000000002,1,9,8,0,0,1,1,0
163,"Rhinolophus ferrumequinum",44.54454,0.92272,2023-02-08,"gbif","Warm Temperate","Moist","Forest","Hills","Warm Temperate Moist",47,146,24,"Warm Temperate Moist Forest on Hills","#2F9218",160,820,18.0653846153846,72.6923076923077,8.85000000000002,9.85000000000002,1,8,8,0,0,1,1,0
163,"Rhinolophus ferrumequinum",44.819,1.16564,2023-02-03,"gbif","Warm Temperate","Moist","Forest","Hills","Warm Temperate Moist",47,146,24,"Warm Temperate Moist Forest on Hills","#2F9218",62,821,18.2500000000001,62,9.05000000000001,10.05,1,9,9,0,0,0.857142857142857,0.928571428571429,0.0714285714285715
163,"Rhinolophus ferrumequinum",44.819,1.16564,2022-06-27,"gbif","Warm Temperate","Moist","Forest","Hills","Warm Temperate Moist",47,146,24,"Warm Temperate Moist Forest on Hills","#2F9218",62,822,18.2500000000001,62,9.05000000000001,10.05,1,9,9,0,0,0.857142857142857,0.928571428571429,0.0714285714285715
163,"Rhinolophus ferrumequinum",45.09106,1.28386,2022-09-23,"gbif","Warm Temperate","Moist","Forest","Hills","Warm Temperate Moist",47,146,24,"Warm Temperate Moist Forest on Hills","#2F9218",221,823,17.2115384615385,76.2307692307692,8.15000000000003,9.15000000000003,1,8,8,0,0,1,1,0
163,"Rhinolophus ferrumequinum",44.54454,0.92272,2022-07-28,"gbif","Warm Temperate","Moist","Forest","Hills","Warm Temperate Moist",47,146,24,"Warm Temperate Moist Forest on Hills","#2F9218",160,824,18.0653846153846,72.6923076923077,8.85000000000002,9.85000000000002,1,8,8,0,0,1,1,0
163,"Rhinolophus ferrumequinum",44.25459,0.05623,2022-05-24,"gbif","Warm Temperate","Moist","Forest","Hills","Warm Temperate Moist",47,146,24,"Warm Temperate Moist Forest on Hills","#2F9218",95,825,18.7192307692308,84.1538461538462,9.25000000000006,10.2500000000001,1,8,8,0,0,1,1,0
163,"Rhinolophus ferrumequinum",45.3521,0.76483,2022-12-16,"gbif","Warm Temperate","Moist","Forest","Hills","Warm Temperate Moist",47,146,24,"Warm Temperate Moist Forest on Hills","#2F9218",172,826,17.1807692307693,85.8461538461538,8.25000000000006,9.25000000000006,1,5,5,0,0,1,1,0
163,"Rhinolophus ferrumequinum",43.93514,4.744109,2022-11-10,"gbif","Warm Temperate","Moist","Forest","Hills","Warm Temperate Moist",47,146,24,"Warm Temperate Moist Forest on Hills","#2F9218",51,827,20.0423076923077,38.6923076923077,10.05,11.35,1.30000000000001,10,10,0,0,0.4375,0.4375,0
163,"Rhinolophus ferrumequinum",45.09106,1.28386,2022-09-23,"gbif","Warm Temperate","Moist","Forest","Hills","Warm Temperate Moist",47,146,24,"Warm Temperate Moist Forest on Hills","#2F9218",221,828,17.2115384615385,76.2307692307692,8.15000000000003,9.15000000000003,1,8,8,0,0,1,1,0
163,"Rhinolophus ferrumequinum",46.6346,2.6732,2022-08-02,"gbif","Warm Temperate","Moist","Forest","Hills","Warm Temperate Moist",47,146,24,"Warm Temperate Moist Forest on Hills","#2F9218",254,829,16.5961538461539,58.2307692307692,7.05000000000001,8.15000000000003,1.10000000000002,4,4,0,0,1,1,0
163,"Barbastella barbastellus",48.34514,2.79755,2023-07-19,"gbif","Warm Temperate","Moist","Forest","Hills","Warm Temperate Moist",47,146,24,"Warm Temperate Moist Forest on Hills","#2F9218",58,830,16.5423076923077,53.3846153846154,7.25000000000006,8.25000000000006,1,12,10,0,0,0.428571428571429,0.5,0.0714285714285715
163,"Rhinolophus ferrumequinum",44.0116771315,-0.265370809,2021-05-20,"inat","Warm Temperate","Moist","Forest","Hills","Warm Temperate Moist",47,146,24,"Warm Temperate Moist Forest on Hills","#2F9218",87,831,19.0346153846154,95,9.65000000000003,10.65,1,8,8,0,0,1,1,0
163,"Rhinolophus ferrumequinum",46.87372,0.30792,2022-01-23,"gbif","Warm Temperate","Moist","Forest","Hills","Warm Temperate Moist",47,146,24,"Warm Temperate Moist Forest on Hills","#2F9218",115,832,16.7961538461539,57.7692307692308,7.95000000000005,8.95000000000005,1,9,1,0,0,0.333333333333333,0.4,0.0666666666666667
163,"Rhinolophus ferrumequinum",45.09106,1.28386,2023-02-02,"gbif","Warm Temperate","Moist","Forest","Hills","Warm Temperate Moist",47,146,24,"Warm Temperate Moist Forest on Hills","#2F9218",221,833,17.2115384615385,76.2307692307692,8.15000000000003,9.15000000000003,1,8,8,0,0,1,1,0
163,"Rhinolophus ferrumequinum",45.3521,0.76483,2023-01-12,"gbif","Warm Temperate","Moist","Forest","Hills","Warm Temperate Moist",47,146,24,"Warm Temperate Moist Forest on Hills","#2F9218",172,834,17.1807692307693,85.8461538461538,8.25000000000006,9.25000000000006,1,5,5,0,0,1,1,0
163,"Rhinolophus ferrumequinum",44.90901,1.1627,2022-02-08,"gbif","Warm Temperate","Moist","Forest","Hills","Warm Temperate Moist",47,146,24,"Warm Temperate Moist Forest on Hills","#2F9218",203,835,17.4423076923077,78.6923076923077,8.45000000000005,9.45000000000005,1,4,4,0,0,1,1,0
163,"Rhinolophus ferrumequinum",46.6346,2.6732,2022-07-28,"gbif","Warm Temperate","Moist","Forest","Hills","Warm Temperate Moist",47,146,24,"Warm Temperate Moist Forest on Hills","#2F9218",254,836,16.5961538461539,58.2307692307692,7.05000000000001,8.15000000000003,1.10000000000002,4,4,0,0,1,1,0
163,"Rhinolophus ferrumequinum",44.64287,1.42364,2022-09-07,"gbif","Warm Temperate","Moist","Forest","Hills","Warm Temperate Moist",47,146,24,"Warm Temperate Moist Forest on Hills","#2F9218",278,837,17.4423076923077,63.8461538461538,8.45000000000005,9.45000000000005,1,9,8,0,0,1,1,0
163,"Rhinolophus ferrumequinum",45.43948,0.63335,2023-01-05,"gbif","Warm Temperate","Moist","Forest","Hills","Warm Temperate Moist",47,146,24,"Warm Temperate Moist Forest on Hills","#2F9218",172,838,17.0653846153846,89.9230769230769,8.15000000000003,9.15000000000003,1,8,8,0,0,1,1,0
163,"Rhinolophus ferrumequinum",48.429665,-1.908145,2025-05-22,"gbif","Warm Temperate","Moist","Forest","Hills","Warm Temperate Moist",47,146,24,"Warm Temperate Moist Forest on Hills","#2F9218",87,839,15.5961538461539,74.2307692307692,8.45000000000005,9.15000000000003,0.699999999999989,5,5,0,0,0.533333333333333,0.533333333333333,0
163,"Rhinolophus ferrumequinum",44.54454,0.92272,2022-07-21,"gbif","Warm Temperate","Moist","Forest","Hills","Warm Temperate Moist",47,146,24,"Warm Temperate Moist Forest on Hills","#2F9218",160,840,18.0653846153846,72.6923076923077,8.85000000000002,9.85000000000002,1,8,8,0,0,1,1,0
163,"Rhinolophus ferrumequinum",44.54454,0.92272,2022-11-22,"gbif","Warm Temperate","Moist","Forest","Hills","Warm Temperate Moist",47,146,24,"Warm Temperate Moist Forest on Hills","#2F9218",160,841,18.0653846153846,72.6923076923077,8.85000000000002,9.85000000000002,1,8,8,0,0,1,1,0
163,"Barbastella barbastellus",44.63683,1.04545,2023-02-03,"gbif","Warm Temperate","Moist","Forest","Hills","Warm Temperate Moist",47,146,24,"Warm Temperate Moist Forest on Hills","#2F9218",209,842,17.6653846153847,71.7692307692308,8.65000000000003,9.65000000000003,1,8,8,0,0,1,1,0
163,"Rhinolophus ferrumequinum",44.16792,0.18585,2022-10-19,"gbif","Warm Temperate","Moist","Forest","Hills","Warm Temperate Moist",47,146,24,"Warm Temperate Moist Forest on Hills","#2F9218",141,843,18.5884615384616,84.6923076923077,9.15000000000003,10.15,1,8,1,0,0,1,1,0
163,"Rhinolophus ferrumequinum",45.09106,1.28386,2023-05-26,"gbif","Warm Temperate","Moist","Forest","Hills","Warm Temperate Moist",47,146,24,"Warm Temperate Moist Forest on Hills","#2F9218",221,844,17.2115384615385,76.2307692307692,8.15000000000003,9.15000000000003,1,8,8,0,0,1,1,0
163,"Rhinolophus ferrumequinum",44.819,1.16564,2022-06-27,"gbif","Warm Temperate","Moist","Forest","Hills","Warm Temperate Moist",47,146,24,"Warm Temperate Moist Forest on Hills","#2F9218",62,845,18.2500000000001,62,9.05000000000001,10.05,1,9,9,0,0,0.857142857142857,0.928571428571429,0.0714285714285715
163,"Rhinolophus ferrumequinum",45.26456,0.89589,2023-01-30,"gbif","Warm Temperate","Moist","Forest","Hills","Warm Temperate Moist",47,146,24,"Warm Temperate Moist Forest on Hills","#2F9218",158,846,17.373076923077,83.3076923076923,8.35000000000002,9.35000000000002,1,9,8,0,0,1,1,0
163,"Rhinolophus ferrumequinum",44.90901,1.1627,2022-02-08,"gbif","Warm Temperate","Moist","Forest","Hills","Warm Temperate Moist",47,146,24,"Warm Temperate Moist Forest on Hills","#2F9218",203,847,17.4423076923077,78.6923076923077,8.45000000000005,9.45000000000005,1,4,4,0,0,1,1,0
163,"Rhinolophus ferrumequinum",45.07382,0.39455,2022-06-23,"gbif","Warm Temperate","Moist","Forest","Hills","Warm Temperate Moist",47,146,24,"Warm Temperate Moist Forest on Hills","#2F9218",122,848,17.95,77.5384615384615,8.95000000000005,9.95000000000005,1,8,5,0,0,1,1,0
163,"Rhinolophus ferrumequinum",44.64287,1.42364,2022-09-07,"gbif","Warm Temperate","Moist","Forest","Hills","Warm Temperate Moist",47,146,24,"Warm Temperate Moist Forest on Hills","#2F9218",278,849,17.4423076923077,63.8461538461538,8.45000000000005,9.45000000000005,1,9,8,0,0,1,1,0
163,"Rhinolophus ferrumequinum",45.34948,0.63718,2022-01-19,"gbif","Warm Temperate","Moist","Forest","Hills","Warm Temperate Moist",47,146,24,"Warm Temperate Moist Forest on Hills","#2F9218",132,850,17.4115384615385,82.8461538461538,8.45000000000005,9.45000000000005,1,8,8,0,0,1,1,0
163,"Rhinolophus ferrumequinum",45.07382,0.39455,2022-06-23,"gbif","Warm Temperate","Moist","Forest","Hills","Warm Temperate Moist",47,146,24,"Warm Temperate Moist Forest on Hills","#2F9218",122,851,17.95,77.5384615384615,8.95000000000005,9.95000000000005,1,8,5,0,0,1,1,0
163,"Rhinolophus ferrumequinum",45.09106,1.28386,2022-02-02,"gbif","Warm Temperate","Moist","Forest","Hills","Warm Temperate Moist",47,146,24,"Warm Temperate Moist Forest on Hills","#2F9218",221,852,17.2115384615385,76.2307692307692,8.15000000000003,9.15000000000003,1,8,8,0,0,1,1,0
163,"Rhinolophus ferrumequinum",45.3521,0.76483,2022-01-19,"gbif","Warm Temperate","Moist","Forest","Hills","Warm Temperate Moist",47,146,24,"Warm Temperate Moist Forest on Hills","#2F9218",172,853,17.1807692307693,85.8461538461538,8.25000000000006,9.25000000000006,1,5,5,0,0,1,1,0
163,"Barbastella barbastellus",43.4329349596,-1.4604904627,2025-08-01,"inat","Warm Temperate","Moist","Forest","Hills","Warm Temperate Moist",47,146,24,"Warm Temperate Moist Forest on Hills","#2F9218",0,854,18.0115384615385,157.846153846154,11.95,12.95,1,9,9,0,0,1,1,0
163,"Rhinolophus ferrumequinum",46.18334,2.4166,2022-07-20,"gbif","Warm Temperate","Moist","Forest","Hills","Warm Temperate Moist",47,146,24,"Warm Temperate Moist Forest on Hills","#2F9218",364,855,16.0269230769231,59.5384615384615,6.85000000000002,7.95000000000005,1.10000000000002,9,9,0,0,0.875,0.8125,-0.0625
163,"Rhinolophus ferrumequinum",44.876584,1.054962,2024-07-19,"gbif","Warm Temperate","Moist","Forest","Hills","Warm Temperate Moist",47,146,24,"Warm Temperate Moist Forest on Hills","#2F9218",148,856,17.85,73.6923076923077,8.75000000000006,9.75000000000006,1,8,8,0,0,1,1,0
163,"Rhinolophus ferrumequinum",44.99685,1.03289,2022-07-28,"gbif","Warm Temperate","Moist","Forest","Hills","Warm Temperate Moist",47,146,24,"Warm Temperate Moist Forest on Hills","#2F9218",167,857,17.5807692307692,76.6153846153846,8.55000000000001,9.55000000000001,1,8,4,0,0,1,1,0
163,"Rhinolophus ferrumequinum",45.34671,0.50954,2023-01-19,"gbif","Warm Temperate","Moist","Forest","Hills","Warm Temperate Moist",47,146,24,"Warm Temperate Moist Forest on Hills","#2F9218",143,858,17.3653846153846,83.1538461538462,8.45000000000005,9.45000000000005,1,14,14,0,0,0.357142857142857,0.428571428571429,0.0714285714285714
163,"Rhinolophus ferrumequinum",44.54454,0.92272,2023-01-30,"gbif","Warm Temperate","Moist","Forest","Hills","Warm Temperate Moist",47,146,24,"Warm Temperate Moist Forest on Hills","#2F9218",160,859,18.0653846153846,72.6923076923077,8.85000000000002,9.85000000000002,1,8,8,0,0,1,1,0
163,"Rhinolophus ferrumequinum",45.62696,1.01051,2022-01-01,"gbif","Warm Temperate","Moist","Forest","Hills","Warm Temperate Moist",47,146,24,"Warm Temperate Moist Forest on Hills","#2F9218",380,860,15.65,106.153846153846,7.15000000000003,8.15000000000003,1,9,9,0,0,1,1,0
163,"Rhinolophus ferrumequinum",44.64287,1.42364,2022-06-28,"gbif","Warm Temperate","Moist","Forest","Hills","Warm Temperate Moist",47,146,24,"Warm Temperate Moist Forest on Hills","#2F9218",278,861,17.4423076923077,63.8461538461538,8.45000000000005,9.45000000000005,1,9,8,0,0,1,1,0
163,"Rhinolophus ferrumequinum",45.26456,0.89589,2022-06-16,"gbif","Warm Temperate","Moist","Forest","Hills","Warm Temperate Moist",47,146,24,"Warm Temperate Moist Forest on Hills","#2F9218",158,862,17.373076923077,83.3076923076923,8.35000000000002,9.35000000000002,1,9,8,0,0,1,1,0
163,"Rhinolophus ferrumequinum",45.34671,0.50954,2022-01-18,"gbif","Warm Temperate","Moist","Forest","Hills","Warm Temperate Moist",47,146,24,"Warm Temperate Moist Forest on Hills","#2F9218",143,863,17.3653846153846,83.1538461538462,8.45000000000005,9.45000000000005,1,14,14,0,0,0.357142857142857,0.428571428571429,0.0714285714285714
163,"Rhinolophus ferrumequinum",44.90901,1.1627,2022-08-01,"gbif","Warm Temperate","Moist","Forest","Hills","Warm Temperate Moist",47,146,24,"Warm Temperate Moist Forest on Hills","#2F9218",203,864,17.4423076923077,78.6923076923077,8.45000000000005,9.45000000000005,1,4,4,0,0,1,1,0
163,"Rhinolophus ferrumequinum",46.87372,0.30792,2022-01-23,"gbif","Warm Temperate","Moist","Forest","Hills","Warm Temperate Moist",47,146,24,"Warm Temperate Moist Forest on Hills","#2F9218",115,865,16.7961538461539,57.7692307692308,7.95000000000005,8.95000000000005,1,9,1,0,0,0.333333333333333,0.4,0.0666666666666667
163,"Rhinolophus ferrumequinum",44.90901,1.1627,2022-02-08,"gbif","Warm Temperate","Moist","Forest","Hills","Warm Temperate Moist",47,146,24,"Warm Temperate Moist Forest on Hills","#2F9218",203,866,17.4423076923077,78.6923076923077,8.45000000000005,9.45000000000005,1,4,4,0,0,1,1,0
163,"Barbastella barbastellus",45.34948,0.63718,2023-01-12,"gbif","Warm Temperate","Moist","Forest","Hills","Warm Temperate Moist",47,146,24,"Warm Temperate Moist Forest on Hills","#2F9218",132,867,17.4115384615385,82.8461538461538,8.45000000000005,9.45000000000005,1,8,8,0,0,1,1,0
163,"Rhinolophus ferrumequinum",44.54454,0.92272,2022-09-29,"gbif","Warm Temperate","Moist","Forest","Hills","Warm Temperate Moist",47,146,24,"Warm Temperate Moist Forest on Hills","#2F9218",160,868,18.0653846153846,72.6923076923077,8.85000000000002,9.85000000000002,1,8,8,0,0,1,1,0
163,"Rhinolophus ferrumequinum",44.90901,1.1627,2022-08-01,"gbif","Warm Temperate","Moist","Forest","Hills","Warm Temperate Moist",47,146,24,"Warm Temperate Moist Forest on Hills","#2F9218",203,869,17.4423076923077,78.6923076923077,8.45000000000005,9.45000000000005,1,4,4,0,0,1,1,0
163,"Rhinolophus ferrumequinum",45.34948,0.63718,2022-01-19,"gbif","Warm Temperate","Moist","Forest","Hills","Warm Temperate Moist",47,146,24,"Warm Temperate Moist Forest on Hills","#2F9218",132,870,17.4115384615385,82.8461538461538,8.45000000000005,9.45000000000005,1,8,8,0,0,1,1,0
163,"Rhinolophus ferrumequinum",44.16792,0.18585,2022-10-19,"gbif","Warm Temperate","Moist","Forest","Hills","Warm Temperate Moist",47,146,24,"Warm Temperate Moist Forest on Hills","#2F9218",141,871,18.5884615384616,84.6923076923077,9.15000000000003,10.15,1,8,1,0,0,1,1,0
163,"Rhinolophus ferrumequinum",44.90901,1.1627,2022-07-04,"gbif","Warm Temperate","Moist","Forest","Hills","Warm Temperate Moist",47,146,24,"Warm Temperate Moist Forest on Hills","#2F9218",203,872,17.4423076923077,78.6923076923077,8.45000000000005,9.45000000000005,1,4,4,0,0,1,1,0
163,"Rhinolophus ferrumequinum",45.26456,0.89589,2023-06-21,"gbif","Warm Temperate","Moist","Forest","Hills","Warm Temperate Moist",47,146,24,"Warm Temperate Moist Forest on Hills","#2F9218",158,873,17.373076923077,83.3076923076923,8.35000000000002,9.35000000000002,1,9,8,0,0,1,1,0
163,"Rhinolophus ferrumequinum",45.08904,1.15679,2022-07-26,"gbif","Warm Temperate","Moist","Forest","Hills","Warm Temperate Moist",47,146,24,"Warm Temperate Moist Forest on Hills","#2F9218",111,874,17.7884615384615,72.6153846153846,8.65000000000003,9.65000000000003,1,9,9,0,0,0.857142857142857,0.928571428571429,0.0714285714285715
163,"Rhinolophus ferrumequinum",44.54454,0.92272,2022-07-21,"gbif","Warm Temperate","Moist","Forest","Hills","Warm Temperate Moist",47,146,24,"Warm Temperate Moist Forest on Hills","#2F9218",160,875,18.0653846153846,72.6923076923077,8.85000000000002,9.85000000000002,1,8,8,0,0,1,1,0
163,"Rhinolophus ferrumequinum",46.87372,0.30792,2022-02-09,"gbif","Warm Temperate","Moist","Forest","Hills","Warm Temperate Moist",47,146,24,"Warm Temperate Moist Forest on Hills","#2F9218",115,876,16.7961538461539,57.7692307692308,7.95000000000005,8.95000000000005,1,9,1,0,0,0.333333333333333,0.4,0.0666666666666667
163,"Rhinolophus ferrumequinum",49.05783,1.70018,2023-08-03,"gbif","Warm Temperate","Moist","Forest","Hills","Warm Temperate Moist",47,146,24,"Warm Temperate Moist Forest on Hills","#2F9218",30,877,15.5653846153846,56.4615384615385,7.05000000000001,7.95000000000005,0.900000000000034,10,4,0,0,0.466666666666667,0.466666666666667,0
163,"Rhinolophus ferrumequinum",45.62696,1.01051,2022-01-01,"gbif","Warm Temperate","Moist","Forest","Hills","Warm Temperate Moist",47,146,24,"Warm Temperate Moist Forest on Hills","#2F9218",380,878,15.65,106.153846153846,7.15000000000003,8.15000000000003,1,9,9,0,0,1,1,0
163,"Rhinolophus ferrumequinum",45.43948,0.63335,2022-01-18,"gbif","Warm Temperate","Moist","Forest","Hills","Warm Temperate Moist",47,146,24,"Warm Temperate Moist Forest on Hills","#2F9218",172,879,17.0653846153846,89.9230769230769,8.15000000000003,9.15000000000003,1,8,8,0,0,1,1,0
163,"Rhinolophus ferrumequinum",45.09106,1.28386,2022-07-21,"gbif","Warm Temperate","Moist","Forest","Hills","Warm Temperate Moist",47,146,24,"Warm Temperate Moist Forest on Hills","#2F9218",221,880,17.2115384615385,76.2307692307692,8.15000000000003,9.15000000000003,1,8,8,0,0,1,1,0
163,"Rhinolophus ferrumequinum",45.34671,0.50954,2023-01-05,"gbif","Warm Temperate","Moist","Forest","Hills","Warm Temperate Moist",47,146,24,"Warm Temperate Moist Forest on Hills","#2F9218",143,881,17.3653846153846,83.1538461538462,8.45000000000005,9.45000000000005,1,14,14,0,0,0.357142857142857,0.428571428571429,0.0714285714285714
163,"Rhinolophus ferrumequinum",44.25459,0.05623,2022-06-23,"gbif","Warm Temperate","Moist","Forest","Hills","Warm Temperate Moist",47,146,24,"Warm Temperate Moist Forest on Hills","#2F9218",95,882,18.7192307692308,84.1538461538462,9.25000000000006,10.2500000000001,1,8,8,0,0,1,1,0
163,"Rhinolophus ferrumequinum",45.26456,0.89589,2022-06-16,"gbif","Warm Temperate","Moist","Forest","Hills","Warm Temperate Moist",47,146,24,"Warm Temperate Moist Forest on Hills","#2F9218",158,883,17.373076923077,83.3076923076923,8.35000000000002,9.35000000000002,1,9,8,0,0,1,1,0
163,"Rhinolophus ferrumequinum",45.08686,1.02972,2022-06-29,"gbif","Warm Temperate","Moist","Forest","Hills","Warm Temperate Moist",47,146,24,"Warm Temperate Moist Forest on Hills","#2F9218",178,884,17.3653846153846,84.4615384615385,8.35000000000002,9.35000000000002,1,9,8,0,0,1,1,0
163,"Rhinolophus ferrumequinum",44.90901,1.1627,2022-02-09,"gbif","Warm Temperate","Moist","Forest","Hills","Warm Temperate Moist",47,146,24,"Warm Temperate Moist Forest on Hills","#2F9218",203,885,17.4423076923077,78.6923076923077,8.45000000000005,9.45000000000005,1,4,4,0,0,1,1,0
163,"Rhinolophus ferrumequinum",44.90901,1.1627,2022-02-09,"gbif","Warm Temperate","Moist","Forest","Hills","Warm Temperate Moist",47,146,24,"Warm Temperate Moist Forest on Hills","#2F9218",203,886,17.4423076923077,78.6923076923077,8.45000000000005,9.45000000000005,1,4,4,0,0,1,1,0
163,"Rhinolophus ferrumequinum",44.90901,1.1627,2022-02-09,"gbif","Warm Temperate","Moist","Forest","Hills","Warm Temperate Moist",47,146,24,"Warm Temperate Moist Forest on Hills","#2F9218",203,887,17.4423076923077,78.6923076923077,8.45000000000005,9.45000000000005,1,4,4,0,0,1,1,0
163,"Rhinolophus ferrumequinum",45.34948,0.63718,2023-01-12,"gbif","Warm Temperate","Moist","Forest","Hills","Warm Temperate Moist",47,146,24,"Warm Temperate Moist Forest on Hills","#2F9218",132,888,17.4115384615385,82.8461538461538,8.45000000000005,9.45000000000005,1,8,8,0,0,1,1,0
163,"Rhinolophus ferrumequinum",44.16792,0.18585,2023-06-29,"gbif","Warm Temperate","Moist","Forest","Hills","Warm Temperate Moist",47,146,24,"Warm Temperate Moist Forest on Hills","#2F9218",141,889,18.5884615384616,84.6923076923077,9.15000000000003,10.15,1,8,1,0,0,1,1,0
163,"Rhinolophus ferrumequinum",44.90901,1.1627,2022-02-08,"gbif","Warm Temperate","Moist","Forest","Hills","Warm Temperate Moist",47,146,24,"Warm Temperate Moist Forest on Hills","#2F9218",203,890,17.4423076923077,78.6923076923077,8.45000000000005,9.45000000000005,1,4,4,0,0,1,1,0
163,"Rhinolophus ferrumequinum",44.819,1.16564,2023-02-03,"gbif","Warm Temperate","Moist","Forest","Hills","Warm Temperate Moist",47,146,24,"Warm Temperate Moist Forest on Hills","#2F9218",62,891,18.2500000000001,62,9.05000000000001,10.05,1,9,9,0,0,0.857142857142857,0.928571428571429,0.0714285714285715
164,"Barbastella barbastellus",45.44211,0.76121,2022-01-19,"gbif","Warm Temperate","Moist","Grassland","Hills","Warm Temperate Moist",86,172,49,"Warm Temperate Moist Grassland on Hills","#56AC31",175,892,16.95,90.6923076923077,8.05000000000001,9.05000000000001,1,8,8,0,0,1,1,0
164,"Rhinolophus ferrumequinum",45.44211,0.76121,2022-01-19,"gbif","Warm Temperate","Moist","Grassland","Hills","Warm Temperate Moist",86,172,49,"Warm Temperate Moist Grassland on Hills","#56AC31",175,893,16.95,90.6923076923077,8.05000000000001,9.05000000000001,1,8,8,0,0,1,1,0
164,"Rhinolophus ferrumequinum",44.46759,1.80571,2022-02-04,"gbif","Warm Temperate","Moist","Grassland","Hills","Warm Temperate Moist",86,172,49,"Warm Temperate Moist Grassland on Hills","#56AC31",167,894,17.8269230769231,62.7692307692308,8.85000000000002,9.95000000000005,1.10000000000002,9,9,0,0,1,1,0
164,"Rhinolophus ferrumequinum",47.6865,0.40025,2022-02-10,"gbif","Warm Temperate","Moist","Grassland","Hills","Warm Temperate Moist",86,172,49,"Warm Temperate Moist Grassland on Hills","#56AC31",82,895,16.4038461538462,55.6923076923077,7.75000000000006,8.65000000000003,0.899999999999977,12,12,0,0,0,0,0
164,"Rhinolophus ferrumequinum",45.44211,0.76121,2022-01-19,"gbif","Warm Temperate","Moist","Grassland","Hills","Warm Temperate Moist",86,172,49,"Warm Temperate Moist Grassland on Hills","#56AC31",175,896,16.95,90.6923076923077,8.05000000000001,9.05000000000001,1,8,8,0,0,1,1,0
164,"Rhinolophus ferrumequinum",45.44211,0.76121,2023-01-12,"gbif","Warm Temperate","Moist","Grassland","Hills","Warm Temperate Moist",86,172,49,"Warm Temperate Moist Grassland on Hills","#56AC31",175,897,16.95,90.6923076923077,8.05000000000001,9.05000000000001,1,8,8,0,0,1,1,0
164,"Rhinolophus ferrumequinum",45.44211,0.76121,2022-01-19,"gbif","Warm Temperate","Moist","Grassland","Hills","Warm Temperate Moist",86,172,49,"Warm Temperate Moist Grassland on Hills","#56AC31",175,898,16.95,90.6923076923077,8.05000000000001,9.05000000000001,1,8,8,0,0,1,1,0
164,"Rhinolophus ferrumequinum",46.594108,-0.224211,2024-05-25,"gbif","Warm Temperate","Moist","Grassland","Hills","Warm Temperate Moist",86,172,49,"Warm Temperate Moist Grassland on Hills","#56AC31",188,899,16.1346153846154,70.1538461538462,7.65000000000003,8.55000000000001,0.899999999999977,12,12,0,0,0,0,0
164,"Rhinolophus ferrumequinum",45.44211,0.76121,2023-01-12,"gbif","Warm Temperate","Moist","Grassland","Hills","Warm Temperate Moist",86,172,49,"Warm Temperate Moist Grassland on Hills","#56AC31",175,900,16.95,90.6923076923077,8.05000000000001,9.05000000000001,1,8,8,0,0,1,1,0
164,"Rhinolophus ferrumequinum",45.3569,1.02016,2023-01-30,"gbif","Warm Temperate","Moist","Grassland","Hills","Warm Temperate Moist",86,172,49,"Warm Temperate Moist Grassland on Hills","#56AC31",195,901,16.9576923076924,93.5384615384615,8.15000000000003,9.15000000000003,1,9,8,0,0,1,1,0
164,"Barbastella barbastellus",48.389364,-0.030153,2024-01-25,"gbif","Warm Temperate","Moist","Grassland","Hills","Warm Temperate Moist",86,172,49,"Warm Temperate Moist Grassland on Hills","#56AC31",144,902,15.3653846153846,61,7.15000000000003,7.95000000000005,0.800000000000011,12,12,0,0,0,0,0
164,"Rhinolophus ferrumequinum",45.44211,0.76121,2023-01-12,"gbif","Warm Temperate","Moist","Grassland","Hills","Warm Temperate Moist",86,172,49,"Warm Temperate Moist Grassland on Hills","#56AC31",175,903,16.95,90.6923076923077,8.05000000000001,9.05000000000001,1,8,8,0,0,1,1,0
164,"Rhinolophus ferrumequinum",46.07927,1.12356,2022-05-19,"gbif","Warm Temperate","Moist","Grassland","Hills","Warm Temperate Moist",86,172,49,"Warm Temperate Moist Grassland on Hills","#56AC31",270,904,16.1038461538462,82.5384615384615,7.35000000000002,8.35000000000002,1,9,9,0,0,0.866666666666667,0.866666666666667,0
164,"Barbastella barbastellus",45.3569,1.02016,2022-01-27,"gbif","Warm Temperate","Moist","Grassland","Hills","Warm Temperate Moist",86,172,49,"Warm Temperate Moist Grassland on Hills","#56AC31",195,905,16.9576923076924,93.5384615384615,8.15000000000003,9.15000000000003,1,9,8,0,0,1,1,0
164,"Rhinolophus ferrumequinum",45.44211,0.76121,2022-01-19,"gbif","Warm Temperate","Moist","Grassland","Hills","Warm Temperate Moist",86,172,49,"Warm Temperate Moist Grassland on Hills","#56AC31",175,906,16.95,90.6923076923077,8.05000000000001,9.05000000000001,1,8,8,0,0,1,1,0
164,"Rhinolophus ferrumequinum",45.3569,1.02016,2022-01-27,"gbif","Warm Temperate","Moist","Grassland","Hills","Warm Temperate Moist",86,172,49,"Warm Temperate Moist Grassland on Hills","#56AC31",195,907,16.9576923076924,93.5384615384615,8.15000000000003,9.15000000000003,1,9,8,0,0,1,1,0
164,"Rhinolophus ferrumequinum",47.57985,-0.26017,2022-02-05,"gbif","Warm Temperate","Moist","Grassland","Hills","Warm Temperate Moist",86,172,49,"Warm Temperate Moist Grassland on Hills","#56AC31",58,908,16.6115384615385,63.8461538461538,8.05000000000001,8.85000000000002,0.800000000000011,14,14,0,0,0.571428571428571,0.642857142857143,0.0714285714285715
164,"Rhinolophus ferrumequinum",46.58662,-0.33136,2022-06-28,"gbif","Warm Temperate","Moist","Grassland","Hills","Warm Temperate Moist",86,172,49,"Warm Temperate Moist Grassland on Hills","#56AC31",224,909,15.9269230769231,73.5384615384615,7.55000000000001,8.45000000000005,0.900000000000034,12,12,0,0,0,0,0
164,"Rhinolophus ferrumequinum",45.44211,0.76121,2022-01-19,"gbif","Warm Temperate","Moist","Grassland","Hills","Warm Temperate Moist",86,172,49,"Warm Temperate Moist Grassland on Hills","#56AC31",175,910,16.95,90.6923076923077,8.05000000000001,9.05000000000001,1,8,8,0,0,1,1,0
164,"Rhinolophus ferrumequinum",46.07927,1.12356,2022-03-28,"gbif","Warm Temperate","Moist","Grassland","Hills","Warm Temperate Moist",86,172,49,"Warm Temperate Moist Grassland on Hills","#56AC31",270,911,16.1038461538462,82.5384615384615,7.35000000000002,8.35000000000002,1,9,9,0,0,0.866666666666667,0.866666666666667,0
164,"Rhinolophus ferrumequinum",47.6865,0.40025,2022-02-10,"gbif","Warm Temperate","Moist","Grassland","Hills","Warm Temperate Moist",86,172,49,"Warm Temperate Moist Grassland on Hills","#56AC31",82,912,16.4038461538462,55.6923076923077,7.75000000000006,8.65000000000003,0.899999999999977,12,12,0,0,0,0,0
165,"Rhinolophus ferrumequinum",45.26907,1.15083,2023-01-30,"gbif","Warm Temperate","Moist","Shrubland","Hills","Warm Temperate Moist",88,172,29,"Warm Temperate Moist Shrubland on Hills","#58AC1D",169,913,17.2269230769231,82.9230769230769,8.25000000000006,9.25000000000006,1,9,9,0,0,1,1,0
165,"Rhinolophus ferrumequinum",43.75004,3.93103,2022-01-14,"gbif","Warm Temperate","Moist","Shrubland","Hills","Warm Temperate Moist",88,172,29,"Warm Temperate Moist Shrubland on Hills","#58AC1D",147,914,18.973076923077,41.6923076923077,9.75000000000006,10.95,1.19999999999999,9,8,0,0,0.6875,1,0.3125
165,"Rhinolophus ferrumequinum",45.26907,1.15083,2023-06-21,"gbif","Warm Temperate","Moist","Shrubland","Hills","Warm Temperate Moist",88,172,29,"Warm Temperate Moist Shrubland on Hills","#58AC1D",169,915,17.2269230769231,82.9230769230769,8.25000000000006,9.25000000000006,1,9,9,0,0,1,1,0
165,"Rhinolophus ferrumequinum",45.26907,1.15083,2022-09-23,"gbif","Warm Temperate","Moist","Shrubland","Hills","Warm Temperate Moist",88,172,29,"Warm Temperate Moist Shrubland on Hills","#58AC1D",169,916,17.2269230769231,82.9230769230769,8.25000000000006,9.25000000000006,1,9,9,0,0,1,1,0
165,"Rhinolophus ferrumequinum",45.26907,1.15083,2022-05-20,"gbif","Warm Temperate","Moist","Shrubland","Hills","Warm Temperate Moist",88,172,29,"Warm Temperate Moist Shrubland on Hills","#58AC1D",169,917,17.2269230769231,82.9230769230769,8.25000000000006,9.25000000000006,1,9,9,0,0,1,1,0
165,"Rhinolophus ferrumequinum",43.92618,4.30749,2022-02-26,"gbif","Warm Temperate","Moist","Shrubland","Hills","Warm Temperate Moist",88,172,29,"Warm Temperate Moist Shrubland on Hills","#58AC1D",113,918,19.5961538461539,41,9.65000000000003,10.95,1.30000000000001,5,5,0,0,0.933333333333333,0.933333333333333,0
165,"Rhinolophus ferrumequinum",45.26907,1.15083,2022-05-20,"gbif","Warm Temperate","Moist","Shrubland","Hills","Warm Temperate Moist",88,172,29,"Warm Temperate Moist Shrubland on Hills","#58AC1D",169,919,17.2269230769231,82.9230769230769,8.25000000000006,9.25000000000006,1,9,9,0,0,1,1,0
165,"Rhinolophus ferrumequinum",43.92618,4.30749,2022-02-26,"gbif","Warm Temperate","Moist","Shrubland","Hills","Warm Temperate Moist",88,172,29,"Warm Temperate Moist Shrubland on Hills","#58AC1D",113,920,19.5961538461539,41,9.65000000000003,10.95,1.30000000000001,5,5,0,0,0.933333333333333,0.933333333333333,0
166,"Rhinolophus ferrumequinum",45.85497,-0.67415,2022-01-28,"gbif","Warm Temperate","Moist","Forest","Plains","Warm Temperate Moist",45,158,6,"Warm Temperate Moist Forest on Plains","#2D9E06",7,921,17.7884615384615,68.7692307692308,9.05000000000001,10.05,1,14,14,0,0,0,0,0
166,"Rhinolophus ferrumequinum",46.660428,0.457026,2025-01-11,"gbif","Warm Temperate","Moist","Forest","Plains","Warm Temperate Moist",45,158,6,"Warm Temperate Moist Forest on Plains","#2D9E06",106,922,16.8961538461539,57.7692307692308,7.95000000000005,8.95000000000005,1,10,10,0,0,0.3125,0.375,0.0625
166,"Barbastella barbastellus",45.76502,-0.66817,2022-01-29,"gbif","Warm Temperate","Moist","Forest","Plains","Warm Temperate Moist",45,158,6,"Warm Temperate Moist Forest on Plains","#2D9E06",48,923,17.6115384615385,72.3076923076923,8.95000000000005,9.95000000000005,1,14,14,0,0,0,0,0
166,"Rhinolophus ferrumequinum",43.74629,-1.08148,2023-06-08,"gbif","Warm Temperate","Moist","Forest","Plains","Warm Temperate Moist",45,158,6,"Warm Temperate Moist Forest on Plains","#2D9E06",22,924,18.7423076923077,115.769230769231,10.7500000000001,11.7500000000001,1,5,5,0,0,1,1,0
166,"Barbastella barbastellus",44.163605,0,2024-05-30,"gbif","Warm Temperate","Moist","Forest","Plains","Warm Temperate Moist",45,158,6,"Warm Temperate Moist Forest on Plains","#2D9E06",139,925,18.5884615384616,91.5384615384615,9.15000000000003,10.15,1,1,1,0,0,0.928571428571429,0.928571428571429,0
166,"Rhinolophus ferrumequinum",45.76502,-0.66817,2022-01-29,"gbif","Warm Temperate","Moist","Forest","Plains","Warm Temperate Moist",45,158,6,"Warm Temperate Moist Forest on Plains","#2D9E06",48,926,17.6115384615385,72.3076923076923,8.95000000000005,9.95000000000005,1,14,14,0,0,0,0,0
166,"Barbastella barbastellus",45.76502,-0.66817,2022-01-29,"gbif","Warm Temperate","Moist","Forest","Plains","Warm Temperate Moist",45,158,6,"Warm Temperate Moist Forest on Plains","#2D9E06",48,927,17.6115384615385,72.3076923076923,8.95000000000005,9.95000000000005,1,14,14,0,0,0,0,0
166,"Barbastella barbastellus",48.16519,2.79824,2023-07-18,"gbif","Warm Temperate","Moist","Forest","Plains","Warm Temperate Moist",45,158,6,"Warm Temperate Moist Forest on Plains","#2D9E06",114,928,16.2884615384615,57.0769230769231,7.15000000000003,8.15000000000003,1,12,14,0,0,0.142857142857143,0.142857142857143,0
166,"Rhinolophus ferrumequinum",47.4856328769,-0.1693573858,2026-01-31,"inat","Warm Temperate","Moist","Forest","Plains","Warm Temperate Moist",45,158,6,"Warm Temperate Moist Forest on Plains","#2D9E06",80,929,16.6269230769231,61.7692307692308,8.05000000000001,8.95000000000005,0.900000000000034,5,5,0,0,0.769230769230769,0.769230769230769,0
166,"Barbastella barbastellus",45.76502,-0.66817,2022-01-29,"gbif","Warm Temperate","Moist","Forest","Plains","Warm Temperate Moist",45,158,6,"Warm Temperate Moist Forest on Plains","#2D9E06",48,930,17.6115384615385,72.3076923076923,8.95000000000005,9.95000000000005,1,14,14,0,0,0,0,0
166,"Barbastella barbastellus",48.2179303482,-1.5352565525,2024-11-25,"inat","Warm Temperate","Moist","Forest","Plains","Warm Temperate Moist",45,158,6,"Warm Temperate Moist Forest on Plains","#2D9E06",104,931,15.6653846153847,73.7692307692308,8.05000000000001,8.75000000000006,0.700000000000045,5,5,0,0,1,1,0
166,"Rhinolophus ferrumequinum",45.85497,-0.67415,2022-05-02,"gbif","Warm Temperate","Moist","Forest","Plains","Warm Temperate Moist",45,158,6,"Warm Temperate Moist Forest on Plains","#2D9E06",7,932,17.7884615384615,68.7692307692308,9.05000000000001,10.05,1,14,14,0,0,0,0,0
166,"Rhinolophus ferrumequinum",45.85497,-0.67415,2022-07-15,"gbif","Warm Temperate","Moist","Forest","Plains","Warm Temperate Moist",45,158,6,"Warm Temperate Moist Forest on Plains","#2D9E06",7,933,17.7884615384615,68.7692307692308,9.05000000000001,10.05,1,14,14,0,0,0,0,0
166,"Rhinolophus ferrumequinum",47.485633,-0.169357,2026-01-31,"gbif","Warm Temperate","Moist","Forest","Plains","Warm Temperate Moist",45,158,6,"Warm Temperate Moist Forest on Plains","#2D9E06",80,934,16.6269230769231,61.7692307692308,8.05000000000001,8.95000000000005,0.900000000000034,5,5,0,0,0.769230769230769,0.769230769230769,0
166,"Barbastella barbastellus",46.882324,1.00409,2023-08-09,"gbif","Warm Temperate","Moist","Forest","Plains","Warm Temperate Moist",45,158,6,"Warm Temperate Moist Forest on Plains","#2D9E06",140,935,16.7653846153847,61.6153846153846,7.65000000000003,8.65000000000003,1,5,5,0,0,0.714285714285714,0.785714285714286,0.0714285714285714
166,"Rhinolophus ferrumequinum",45.85497,-0.67415,2023-01-23,"gbif","Warm Temperate","Moist","Forest","Plains","Warm Temperate Moist",45,158,6,"Warm Temperate Moist Forest on Plains","#2D9E06",7,936,17.7884615384615,68.7692307692308,9.05000000000001,10.05,1,14,14,0,0,0,0,0
166,"Rhinolophus ferrumequinum",47.413787,0.522488,2024-03-04,"gbif","Warm Temperate","Moist","Forest","Plains","Warm Temperate Moist",45,158,6,"Warm Temperate Moist Forest on Plains","#2D9E06",73,937,16.6423076923077,57.3846153846154,7.85000000000002,8.75000000000006,0.900000000000034,5,5,0,0,1,1,0
166,"Rhinolophus ferrumequinum",44.16122,-0.06406,2022-07-07,"gbif","Warm Temperate","Moist","Forest","Plains","Warm Temperate Moist",45,158,6,"Warm Temperate Moist Forest on Plains","#2D9E06",147,938,18.5730769230769,93.6153846153846,9.15000000000003,10.15,1,1,1,0,0,1,1,0
166,"Rhinolophus ferrumequinum",45.76502,-0.66817,2022-01-29,"gbif","Warm Temperate","Moist","Forest","Plains","Warm Temperate Moist",45,158,6,"Warm Temperate Moist Forest on Plains","#2D9E06",48,939,17.6115384615385,72.3076923076923,8.95000000000005,9.95000000000005,1,14,14,0,0,0,0,0
166,"Rhinolophus ferrumequinum",45.76502,-0.66817,2022-01-29,"gbif","Warm Temperate","Moist","Forest","Plains","Warm Temperate Moist",45,158,6,"Warm Temperate Moist Forest on Plains","#2D9E06",48,940,17.6115384615385,72.3076923076923,8.95000000000005,9.95000000000005,1,14,14,0,0,0,0,0
166,"Rhinolophus ferrumequinum",45.76502,-0.66817,2022-01-30,"gbif","Warm Temperate","Moist","Forest","Plains","Warm Temperate Moist",45,158,6,"Warm Temperate Moist Forest on Plains","#2D9E06",48,941,17.6115384615385,72.3076923076923,8.95000000000005,9.95000000000005,1,14,14,0,0,0,0,0
166,"Rhinolophus ferrumequinum",45.20759,-1.14164,2022-06-30,"gbif","Warm Temperate","Moist","Forest","Plains","Warm Temperate Moist",45,158,6,"Warm Temperate Moist Forest on Plains","#2D9E06",42,942,17.1038461538462,85.0769230769231,10.55,11.45,0.900000000000034,2,2,0,0,1,1,0
166,"Barbastella barbastellus",48.25517,2.7979,2023-09-05,"gbif","Warm Temperate","Moist","Forest","Plains","Warm Temperate Moist",45,158,6,"Warm Temperate Moist Forest on Plains","#2D9E06",124,943,16.1192307692308,56.3076923076923,7.05000000000001,8.05000000000001,1,8,5,0,0,0.714285714285714,0.785714285714286,0.0714285714285714
166,"Rhinolophus ferrumequinum",44.24388,-0.31916,2023-05-26,"gbif","Warm Temperate","Moist","Forest","Plains","Warm Temperate Moist",45,158,6,"Warm Temperate Moist Forest on Plains","#2D9E06",119,944,18.6576923076923,99.3076923076923,9.35000000000002,10.35,1,8,8,0,0,0.8125,0.875,0.0625
166,"Rhinolophus ferrumequinum",47.9964938145,0.0336497085,2021-02-13,"inat","Warm Temperate","Moist","Forest","Plains","Warm Temperate Moist",45,158,6,"Warm Temperate Moist Forest on Plains","#2D9E06",118,945,16.0269230769231,61.3846153846154,7.55000000000001,8.45000000000005,0.900000000000034,8,8,0,0,0.4,0.4,0
166,"Rhinolophus ferrumequinum",46.762481,0.85475,2024-05-04,"gbif","Warm Temperate","Moist","Forest","Plains","Warm Temperate Moist",45,158,6,"Warm Temperate Moist Forest on Plains","#2D9E06",111,946,17.1038461538462,54.6923076923077,7.95000000000005,8.95000000000005,1,14,14,0,0,0.25,0.25,0
166,"Rhinolophus ferrumequinum",46.60062,0.19072,2022-06-08,"gbif","Warm Temperate","Moist","Forest","Plains","Warm Temperate Moist",45,158,6,"Warm Temperate Moist Forest on Plains","#2D9E06",141,947,16.5576923076923,59,7.85000000000002,8.85000000000002,1,14,14,0,0,0.625,0.625,0
166,"Barbastella barbastellus",44.39841,-1.08239,2023-05-16,"gbif","Warm Temperate","Moist","Forest","Plains","Warm Temperate Moist",45,158,6,"Warm Temperate Moist Forest on Plains","#2D9E06",45,948,18.0192307692308,96.3076923076923,10.7500000000001,11.65,0.899999999999977,8,8,0,0,1,1,0
166,"Rhinolophus ferrumequinum",45.85497,-0.67415,2022-01-29,"gbif","Warm Temperate","Moist","Forest","Plains","Warm Temperate Moist",45,158,6,"Warm Temperate Moist Forest on Plains","#2D9E06",7,949,17.7884615384615,68.7692307692308,9.05000000000001,10.05,1,14,14,0,0,0,0,0
166,"Rhinolophus ferrumequinum",43.97411,-0.30345,2022-07-20,"gbif","Warm Temperate","Moist","Forest","Plains","Warm Temperate Moist",45,158,6,"Warm Temperate Moist Forest on Plains","#2D9E06",119,950,18.8653846153846,99.2307692307692,9.55000000000001,10.55,1,8,8,0,0,1,1,0
166,"Barbastella barbastellus",44.24388,-0.31916,2023-05-26,"gbif","Warm Temperate","Moist","Forest","Plains","Warm Temperate Moist",45,158,6,"Warm Temperate Moist Forest on Plains","#2D9E06",119,951,18.6576923076923,99.3076923076923,9.35000000000002,10.35,1,8,8,0,0,0.8125,0.875,0.0625
166,"Rhinolophus ferrumequinum",45.76502,-0.66817,2022-01-29,"gbif","Warm Temperate","Moist","Forest","Plains","Warm Temperate Moist",45,158,6,"Warm Temperate Moist Forest on Plains","#2D9E06",48,952,17.6115384615385,72.3076923076923,8.95000000000005,9.95000000000005,1,14,14,0,0,0,0,0
166,"Rhinolophus ferrumequinum",45.76502,-0.66817,2022-01-29,"gbif","Warm Temperate","Moist","Forest","Plains","Warm Temperate Moist",45,158,6,"Warm Temperate Moist Forest on Plains","#2D9E06",48,953,17.6115384615385,72.3076923076923,8.95000000000005,9.95000000000005,1,14,14,0,0,0,0,0
166,"Rhinolophus ferrumequinum",45.76502,-0.66817,2022-01-29,"gbif","Warm Temperate","Moist","Forest","Plains","Warm Temperate Moist",45,158,6,"Warm Temperate Moist Forest on Plains","#2D9E06",48,954,17.6115384615385,72.3076923076923,8.95000000000005,9.95000000000005,1,14,14,0,0,0,0,0
166,"Rhinolophus ferrumequinum",45.76502,-0.66817,2022-01-29,"gbif","Warm Temperate","Moist","Forest","Plains","Warm Temperate Moist",45,158,6,"Warm Temperate Moist Forest on Plains","#2D9E06",48,955,17.6115384615385,72.3076923076923,8.95000000000005,9.95000000000005,1,14,14,0,0,0,0,0
166,"Rhinolophus ferrumequinum",45.85497,-0.67415,2022-01-16,"gbif","Warm Temperate","Moist","Forest","Plains","Warm Temperate Moist",45,158,6,"Warm Temperate Moist Forest on Plains","#2D9E06",7,956,17.7884615384615,68.7692307692308,9.05000000000001,10.05,1,14,14,0,0,0,0,0
166,"Barbastella barbastellus",48.21793,-1.535257,2024-11-25,"gbif","Warm Temperate","Moist","Forest","Plains","Warm Temperate Moist",45,158,6,"Warm Temperate Moist Forest on Plains","#2D9E06",104,957,15.6653846153847,73.7692307692308,8.05000000000001,8.75000000000006,0.700000000000045,5,5,0,0,1,1,0
166,"Rhinolophus ferrumequinum",45.85497,-0.67415,2022-11-07,"gbif","Warm Temperate","Moist","Forest","Plains","Warm Temperate Moist",45,158,6,"Warm Temperate Moist Forest on Plains","#2D9E06",7,958,17.7884615384615,68.7692307692308,9.05000000000001,10.05,1,14,14,0,0,0,0,0
166,"Rhinolophus ferrumequinum",46.783802,0.338186,2025-01-10,"gbif","Warm Temperate","Moist","Forest","Plains","Warm Temperate Moist",45,158,6,"Warm Temperate Moist Forest on Plains","#2D9E06",73,959,17.0269230769231,53.2307692307692,8.05000000000001,9.05000000000001,1,9,1,0,0,0.333333333333333,0.4,0.0666666666666667
166,"Rhinolophus ferrumequinum",46.530972,0.312483,2025-01-20,"gbif","Warm Temperate","Moist","Forest","Plains","Warm Temperate Moist",45,158,6,"Warm Temperate Moist Forest on Plains","#2D9E06",115,960,16.7576923076924,58.5384615384615,7.95000000000005,8.95000000000005,1,4,4,0,0,0.866666666666667,0.866666666666667,0
166,"Barbastella barbastellus",45.85497,-0.67415,2022-01-27,"gbif","Warm Temperate","Moist","Forest","Plains","Warm Temperate Moist",45,158,6,"Warm Temperate Moist Forest on Plains","#2D9E06",7,961,17.7884615384615,68.7692307692308,9.05000000000001,10.05,1,14,14,0,0,0,0,0
166,"Rhinolophus ferrumequinum",45.85497,-0.67415,2022-06-21,"gbif","Warm Temperate","Moist","Forest","Plains","Warm Temperate Moist",45,158,6,"Warm Temperate Moist Forest on Plains","#2D9E06",7,962,17.7884615384615,68.7692307692308,9.05000000000001,10.05,1,14,14,0,0,0,0,0
166,"Barbastella barbastellus",45.85497,-0.67415,2022-01-29,"gbif","Warm Temperate","Moist","Forest","Plains","Warm Temperate Moist",45,158,6,"Warm Temperate Moist Forest on Plains","#2D9E06",7,963,17.7884615384615,68.7692307692308,9.05000000000001,10.05,1,14,14,0,0,0,0,0
166,"Rhinolophus ferrumequinum",46.882324,1.00409,2023-08-09,"gbif","Warm Temperate","Moist","Forest","Plains","Warm Temperate Moist",45,158,6,"Warm Temperate Moist Forest on Plains","#2D9E06",140,964,16.7653846153847,61.6153846153846,7.65000000000003,8.65000000000003,1,5,5,0,0,0.714285714285714,0.785714285714286,0.0714285714285714
166,"Rhinolophus ferrumequinum",45.76502,-0.66817,2022-01-29,"gbif","Warm Temperate","Moist","Forest","Plains","Warm Temperate Moist",45,158,6,"Warm Temperate Moist Forest on Plains","#2D9E06",48,965,17.6115384615385,72.3076923076923,8.95000000000005,9.95000000000005,1,14,14,0,0,0,0,0
166,"Barbastella barbastellus",46.60062,0.19072,2022-02-04,"gbif","Warm Temperate","Moist","Forest","Plains","Warm Temperate Moist",45,158,6,"Warm Temperate Moist Forest on Plains","#2D9E06",141,966,16.5576923076923,59,7.85000000000002,8.85000000000002,1,14,14,0,0,0.625,0.625,0
166,"Barbastella barbastellus",45.85497,-0.67415,2022-01-26,"gbif","Warm Temperate","Moist","Forest","Plains","Warm Temperate Moist",45,158,6,"Warm Temperate Moist Forest on Plains","#2D9E06",7,967,17.7884615384615,68.7692307692308,9.05000000000001,10.05,1,14,14,0,0,0,0,0
166,"Rhinolophus ferrumequinum",44.3688011711,-0.6973430184,2010-07-21,"inat","Warm Temperate","Moist","Forest","Plains","Warm Temperate Moist",45,158,6,"Warm Temperate Moist Forest on Plains","#2D9E06",52,968,19.0653846153846,100.769230769231,9.75000000000006,10.7500000000001,1,8,8,0,0,1,1,0
166,"Barbastella barbastellus",45.85497,-0.67415,2022-01-28,"gbif","Warm Temperate","Moist","Forest","Plains","Warm Temperate Moist",45,158,6,"Warm Temperate Moist Forest on Plains","#2D9E06",7,969,17.7884615384615,68.7692307692308,9.05000000000001,10.05,1,14,14,0,0,0,0,0
166,"Rhinolophus ferrumequinum",45.85497,-0.67415,2022-02-14,"gbif","Warm Temperate","Moist","Forest","Plains","Warm Temperate Moist",45,158,6,"Warm Temperate Moist Forest on Plains","#2D9E06",7,970,17.7884615384615,68.7692307692308,9.05000000000001,10.05,1,14,14,0,0,0,0,0
166,"Rhinolophus ferrumequinum",45.85497,-0.67415,2022-01-27,"gbif","Warm Temperate","Moist","Forest","Plains","Warm Temperate Moist",45,158,6,"Warm Temperate Moist Forest on Plains","#2D9E06",7,971,17.7884615384615,68.7692307692308,9.05000000000001,10.05,1,14,14,0,0,0,0,0
166,"Barbastella barbastellus",47.6004162704,1.7495682492,2025-08-07,"inat","Warm Temperate","Moist","Forest","Plains","Warm Temperate Moist",45,158,6,"Warm Temperate Moist Forest on Plains","#2D9E06",118,972,16.7038461538462,56.6153846153846,7.35000000000002,8.35000000000002,1,5,5,0,0,1,1,0
166,"Rhinolophus ferrumequinum",45.85497,-0.67415,2022-10-17,"gbif","Warm Temperate","Moist","Forest","Plains","Warm Temperate Moist",45,158,6,"Warm Temperate Moist Forest on Plains","#2D9E06",7,973,17.7884615384615,68.7692307692308,9.05000000000001,10.05,1,14,14,0,0,0,0,0
166,"Rhinolophus ferrumequinum",45.85497,-0.67415,2022-01-29,"gbif","Warm Temperate","Moist","Forest","Plains","Warm Temperate Moist",45,158,6,"Warm Temperate Moist Forest on Plains","#2D9E06",7,974,17.7884615384615,68.7692307692308,9.05000000000001,10.05,1,14,14,0,0,0,0,0
166,"Rhinolophus ferrumequinum",48.16519,2.79824,2022-02-12,"gbif","Warm Temperate","Moist","Forest","Plains","Warm Temperate Moist",45,158,6,"Warm Temperate Moist Forest on Plains","#2D9E06",114,975,16.2884615384615,57.0769230769231,7.15000000000003,8.15000000000003,1,12,14,0,0,0.142857142857143,0.142857142857143,0
166,"Rhinolophus ferrumequinum",45.85497,-0.67415,2022-01-28,"gbif","Warm Temperate","Moist","Forest","Plains","Warm Temperate Moist",45,158,6,"Warm Temperate Moist Forest on Plains","#2D9E06",7,976,17.7884615384615,68.7692307692308,9.05000000000001,10.05,1,14,14,0,0,0,0,0
166,"Barbastella barbastellus",44.24388,-0.31916,2023-05-26,"gbif","Warm Temperate","Moist","Forest","Plains","Warm Temperate Moist",45,158,6,"Warm Temperate Moist Forest on Plains","#2D9E06",119,977,18.6576923076923,99.3076923076923,9.35000000000002,10.35,1,8,8,0,0,0.8125,0.875,0.0625
166,"Rhinolophus ferrumequinum",45.85497,-0.67415,2022-05-18,"gbif","Warm Temperate","Moist","Forest","Plains","Warm Temperate Moist",45,158,6,"Warm Temperate Moist Forest on Plains","#2D9E06",7,978,17.7884615384615,68.7692307692308,9.05000000000001,10.05,1,14,14,0,0,0,0,0
166,"Rhinolophus ferrumequinum",45.03688,-0.87469,2022-01-15,"gbif","Warm Temperate","Moist","Forest","Plains","Warm Temperate Moist",45,158,6,"Warm Temperate Moist Forest on Plains","#2D9E06",38,979,17.5884615384616,87.0769230769231,10.05,11.05,1,1,1,0,0,1,1,0
166,"Rhinolophus ferrumequinum",45.76502,-0.66817,2022-01-29,"gbif","Warm Temperate","Moist","Forest","Plains","Warm Temperate Moist",45,158,6,"Warm Temperate Moist Forest on Plains","#2D9E06",48,980,17.6115384615385,72.3076923076923,8.95000000000005,9.95000000000005,1,14,14,0,0,0,0,0
166,"Rhinolophus ferrumequinum",47.033067,0.0027,2025-01-30,"gbif","Warm Temperate","Moist","Forest","Plains","Warm Temperate Moist",45,158,6,"Warm Temperate Moist Forest on Plains","#2D9E06",81,981,16.9115384615385,60.2307692307692,8.05000000000001,8.95000000000005,0.900000000000034,12,12,0,0,0.1875,0.1875,0
166,"Barbastella barbastellus",44.05208,-0.68272,2023-03-07,"gbif","Warm Temperate","Moist","Forest","Plains","Warm Temperate Moist",45,158,6,"Warm Temperate Moist Forest on Plains","#2D9E06",102,982,19.2346153846154,107.384615384615,9.55000000000001,10.65,1.10000000000002,8,5,0,0,1,1,0
166,"Rhinolophus ferrumequinum",45.85497,-0.67415,2022-01-29,"gbif","Warm Temperate","Moist","Forest","Plains","Warm Temperate Moist",45,158,6,"Warm Temperate Moist Forest on Plains","#2D9E06",7,983,17.7884615384615,68.7692307692308,9.05000000000001,10.05,1,14,14,0,0,0,0,0
166,"Rhinolophus ferrumequinum",45.85497,-0.67415,2022-01-29,"gbif","Warm Temperate","Moist","Forest","Plains","Warm Temperate Moist",45,158,6,"Warm Temperate Moist Forest on Plains","#2D9E06",7,984,17.7884615384615,68.7692307692308,9.05000000000001,10.05,1,14,14,0,0,0,0,0
166,"Rhinolophus ferrumequinum",45.76502,-0.66817,2022-01-29,"gbif","Warm Temperate","Moist","Forest","Plains","Warm Temperate Moist",45,158,6,"Warm Temperate Moist Forest on Plains","#2D9E06",48,985,17.6115384615385,72.3076923076923,8.95000000000005,9.95000000000005,1,14,14,0,0,0,0,0
166,"Barbastella barbastellus",45.03688,-0.87469,2022-01-15,"gbif","Warm Temperate","Moist","Forest","Plains","Warm Temperate Moist",45,158,6,"Warm Temperate Moist Forest on Plains","#2D9E06",38,986,17.5884615384616,87.0769230769231,10.05,11.05,1,1,1,0,0,1,1,0
166,"Barbastella barbastellus",47.600416,1.749568,2025-08-07,"gbif","Warm Temperate","Moist","Forest","Plains","Warm Temperate Moist",45,158,6,"Warm Temperate Moist Forest on Plains","#2D9E06",118,987,16.7038461538462,56.6153846153846,7.35000000000002,8.35000000000002,1,5,5,0,0,1,1,0
166,"Rhinolophus ferrumequinum",46.60062,0.19072,2022-02-04,"gbif","Warm Temperate","Moist","Forest","Plains","Warm Temperate Moist",45,158,6,"Warm Temperate Moist Forest on Plains","#2D9E06",141,988,16.5576923076923,59,7.85000000000002,8.85000000000002,1,14,14,0,0,0.625,0.625,0
166,"Rhinolophus ferrumequinum",46.60062,0.19072,2022-02-04,"gbif","Warm Temperate","Moist","Forest","Plains","Warm Temperate Moist",45,158,6,"Warm Temperate Moist Forest on Plains","#2D9E06",141,989,16.5576923076923,59,7.85000000000002,8.85000000000002,1,14,14,0,0,0.625,0.625,0
166,"Rhinolophus ferrumequinum",44.06403,-0.30867,2023-04-17,"gbif","Warm Temperate","Moist","Forest","Plains","Warm Temperate Moist",45,158,6,"Warm Temperate Moist Forest on Plains","#2D9E06",90,990,19.0807692307692,92.9230769230769,9.65000000000003,10.65,1,8,8,0,0,1,1,0
166,"Rhinolophus ferrumequinum",47.8533,-0.14313,2022-02-14,"gbif","Warm Temperate","Moist","Forest","Plains","Warm Temperate Moist",45,158,6,"Warm Temperate Moist Forest on Plains","#2D9E06",69,991,16.3807692307693,58.9230769230769,7.85000000000002,8.75000000000006,0.900000000000034,5,5,0,0,0.785714285714286,0.857142857142857,0.0714285714285714
166,"Barbastella barbastellus",48.25517,2.7979,2023-06-13,"gbif","Warm Temperate","Moist","Forest","Plains","Warm Temperate Moist",45,158,6,"Warm Temperate Moist Forest on Plains","#2D9E06",124,992,16.1192307692308,56.3076923076923,7.05000000000001,8.05000000000001,1,8,5,0,0,0.714285714285714,0.785714285714286,0.0714285714285714
166,"Rhinolophus ferrumequinum",47.413787,0.522488,2024-03-04,"gbif","Warm Temperate","Moist","Forest","Plains","Warm Temperate Moist",45,158,6,"Warm Temperate Moist Forest on Plains","#2D9E06",73,993,16.6423076923077,57.3846153846154,7.85000000000002,8.75000000000006,0.900000000000034,5,5,0,0,1,1,0
167,"Rhinolophus ferrumequinum",45.02776,-1.12832,2022-07-10,"gbif","Warm Temperate","Moist","Shrubland","Plains","Warm Temperate Moist",101,184,9,"Warm Temperate Moist Shrubland on Plains","#65B809",13,994,16.8346153846154,85,10.95,11.85,0.899999999999977,8,8,0,0,0.933333333333333,0.933333333333333,0
168,"Rhinolophus ferrumequinum",43.791006,0.392854,2025-01-10,"gbif","Warm Temperate","Moist","Cropland","Hills","Warm Temperate Moist",112,198,86,"Warm Temperate Moist Cropland on Hills","#70C656",100,995,18.7115384615385,70.0769230769231,9.55000000000001,10.65,1.10000000000002,12,12,0,0,0,0,0
168,"Rhinolophus ferrumequinum",45.85909,-0.54541,2022-01-29,"gbif","Warm Temperate","Moist","Cropland","Hills","Warm Temperate Moist",112,198,86,"Warm Temperate Moist Cropland on Hills","#70C656",52,996,17.5346153846154,72.5384615384615,8.95000000000005,9.95000000000005,1,12,14,0,0,0,0,0
168,"Rhinolophus ferrumequinum",45.7095,5.37821,2022-05-10,"gbif","Warm Temperate","Moist","Cropland","Hills","Warm Temperate Moist",112,198,86,"Warm Temperate Moist Cropland on Hills","#70C656",268,997,16.8346153846154,82.3076923076923,6.85000000000002,8.15000000000003,1.30000000000001,14,14,0,0,0.428571428571429,0.0714285714285714,-0.357142857142857
168,"Rhinolophus ferrumequinum",45.3438,0.38191,2023-01-19,"gbif","Warm Temperate","Moist","Cropland","Hills","Warm Temperate Moist",112,198,86,"Warm Temperate Moist Cropland on Hills","#70C656",120,998,17.5115384615385,81.6923076923077,8.65000000000003,9.65000000000003,1,12,12,0,0,0,0,0
168,"Rhinolophus ferrumequinum",47.04722,0.03566,2022-01-25,"gbif","Warm Temperate","Moist","Cropland","Hills","Warm Temperate Moist",112,198,86,"Warm Temperate Moist Cropland on Hills","#70C656",82,999,16.9115384615385,56.4615384615385,8.05000000000001,8.95000000000005,0.900000000000034,12,12,0,0,0.0714285714285714,0.0714285714285714,0
168,"Rhinolophus ferrumequinum",44.45211,0.8004,2022-10-05,"gbif","Warm Temperate","Moist","Cropland","Hills","Warm Temperate Moist",112,198,86,"Warm Temperate Moist Cropland on Hills","#70C656",120,1000,18.3115384615385,71.3846153846154,8.95000000000005,9.95000000000005,1,12,14,0,0,0,0,0
168,"Rhinolophus ferrumequinum",43.98803,0.19473,2022-10-17,"gbif","Warm Temperate","Moist","Cropland","Hills","Warm Temperate Moist",112,198,86,"Warm Temperate Moist Cropland on Hills","#70C656",132,1001,18.8269230769231,77,9.35000000000002,10.45,1.10000000000002,12,12,0,0,0,0,0
168,"Rhinolophus ferrumequinum",45.3438,0.38191,2022-09-19,"gbif","Warm Temperate","Moist","Cropland","Hills","Warm Temperate Moist",112,198,86,"Warm Temperate Moist Cropland on Hills","#70C656",120,1002,17.5115384615385,81.6923076923077,8.65000000000003,9.65000000000003,1,12,12,0,0,0,0,0
168,"Rhinolophus ferrumequinum",46.84438,-0.74129,2022-06-09,"gbif","Warm Temperate","Moist","Cropland","Hills","Warm Temperate Moist",112,198,86,"Warm Temperate Moist Cropland on Hills","#70C656",176,1003,16.0346153846154,75.6923076923077,7.75000000000006,8.65000000000003,0.899999999999977,12,12,0,0,0,0,0
168,"Rhinolophus ferrumequinum",45.43379,0.37767,2023-01-05,"gbif","Warm Temperate","Moist","Cropland","Hills","Warm Temperate Moist",112,198,86,"Warm Temperate Moist Cropland on Hills","#70C656",131,1004,17.3346153846154,82.4615384615385,8.45000000000005,9.45000000000005,1,12,12,0,0,0,0,0
168,"Barbastella barbastellus",48.859454,-0.117132,2024-06-28,"gbif","Warm Temperate","Moist","Cropland","Hills","Warm Temperate Moist",112,198,86,"Warm Temperate Moist Cropland on Hills","#70C656",151,1005,15.1653846153847,62,7.35000000000002,8.15000000000003,0.800000000000011,12,12,0,0,0.125,0.0625,-0.0625
168,"Rhinolophus ferrumequinum",44.43779,0.17242,2023-02-11,"gbif","Warm Temperate","Moist","Cropland","Hills","Warm Temperate Moist",112,198,86,"Warm Temperate Moist Cropland on Hills","#70C656",66,1006,18.6807692307693,75.5384615384615,9.35000000000002,10.35,1,12,12,0,0,0,0,0
168,"Rhinolophus ferrumequinum",45.6075,0.1127,2022-02-04,"gbif","Warm Temperate","Moist","Cropland","Hills","Warm Temperate Moist",112,198,86,"Warm Temperate Moist Cropland on Hills","#70C656",62,1007,17.6346153846154,75.2307692307692,8.65000000000003,9.65000000000003,1,13,13,0,0,0.285714285714286,0.357142857142857,0.0714285714285715
168,"Rhinolophus ferrumequinum",46.78956,0.57442,2022-01-22,"gbif","Warm Temperate","Moist","Cropland","Hills","Warm Temperate Moist",112,198,86,"Warm Temperate Moist Cropland on Hills","#70C656",91,1008,17.1346153846154,53.8461538461538,8.05000000000001,8.95000000000005,0.900000000000034,12,12,0,0,0,0,0
168,"Rhinolophus ferrumequinum",43.98803,0.19473,2023-01-18,"gbif","Warm Temperate","Moist","Cropland","Hills","Warm Temperate Moist",112,198,86,"Warm Temperate Moist Cropland on Hills","#70C656",132,1009,18.8269230769231,77,9.35000000000002,10.45,1.10000000000002,12,12,0,0,0,0,0
168,"Rhinolophus ferrumequinum",45.31527,-0.63853,2022-01-28,"gbif","Warm Temperate","Moist","Cropland","Hills","Warm Temperate Moist",112,198,86,"Warm Temperate Moist Cropland on Hills","#70C656",7,1010,17.8576923076923,79.7692307692308,9.75000000000006,10.7500000000001,1,14,14,0,0,0,0,0
168,"Rhinolophus ferrumequinum",44.0811,0.31507,2022-12-12,"gbif","Warm Temperate","Moist","Cropland","Hills","Warm Temperate Moist",112,198,86,"Warm Temperate Moist Cropland on Hills","#70C656",88,1011,19.1269230769231,71.9230769230769,9.55000000000001,10.65,1.10000000000002,12,12,0,0,0,0,0
168,"Rhinolophus ferrumequinum",44.42375,-0.32972,2022-06-25,"gbif","Warm Temperate","Moist","Cropland","Hills","Warm Temperate Moist",112,198,86,"Warm Temperate Moist Cropland on Hills","#70C656",60,1012,18.7653846153847,92.8461538461538,9.45000000000005,10.45,1,8,8,0,0,1,1,0
168,"Rhinolophus ferrumequinum",44.0811,0.31507,2022-01-24,"gbif","Warm Temperate","Moist","Cropland","Hills","Warm Temperate Moist",112,198,86,"Warm Temperate Moist Cropland on Hills","#70C656",88,1013,19.1269230769231,71.9230769230769,9.55000000000001,10.65,1.10000000000002,12,12,0,0,0,0,0
168,"Rhinolophus ferrumequinum",45.769819,0.049483,2026-02-17,"gbif","Warm Temperate","Moist","Cropland","Hills","Warm Temperate Moist",112,198,86,"Warm Temperate Moist Cropland on Hills","#70C656",76,1014,17.4423076923077,75.2307692307692,8.45000000000005,9.45000000000005,1,12,12,0,0,0,0,0
168,"Rhinolophus ferrumequinum",45.76913,-0.53964,2022-01-29,"gbif","Warm Temperate","Moist","Cropland","Hills","Warm Temperate Moist",112,198,86,"Warm Temperate Moist Cropland on Hills","#70C656",71,1015,17.3961538461539,75.6153846153846,8.85000000000002,9.85000000000002,1,12,12,0,0,0.0666666666666667,0,-0.0666666666666667
168,"Rhinolophus ferrumequinum",46.78956,0.57442,2022-01-22,"gbif","Warm Temperate","Moist","Cropland","Hills","Warm Temperate Moist",112,198,86,"Warm Temperate Moist Cropland on Hills","#70C656",91,1016,17.1346153846154,53.8461538461538,8.05000000000001,8.95000000000005,0.900000000000034,12,12,0,0,0,0,0
168,"Rhinolophus ferrumequinum",44.36213,0.80389,2023-03-09,"gbif","Warm Temperate","Moist","Cropland","Hills","Warm Temperate Moist",112,198,86,"Warm Temperate Moist Cropland on Hills","#70C656",111,1017,18.473076923077,67.3076923076923,9.15000000000003,10.15,1,14,9,0,0,0.2,0.266666666666667,0.0666666666666667
168,"Rhinolophus ferrumequinum",43.41865,-0.76573,2023-04-19,"gbif","Warm Temperate","Moist","Cropland","Hills","Warm Temperate Moist",112,198,86,"Warm Temperate Moist Cropland on Hills","#70C656",142,1018,18.5807692307692,117,10.05,11.15,1.10000000000002,14,14,0,0,0.153846153846154,0.153846153846154,0
168,"Rhinolophus ferrumequinum",44.17106,0.31082,2022-12-13,"gbif","Warm Temperate","Moist","Cropland","Hills","Warm Temperate Moist",112,198,86,"Warm Temperate Moist Cropland on Hills","#70C656",60,1019,19.0192307692308,72.9230769230769,9.55000000000001,10.65,1.10000000000002,12,12,0,0,0,0,0
168,"Rhinolophus ferrumequinum",45.6075,0.1127,2022-01-10,"gbif","Warm Temperate","Moist","Cropland","Hills","Warm Temperate Moist",112,198,86,"Warm Temperate Moist Cropland on Hills","#70C656",62,1020,17.6346153846154,75.2307692307692,8.65000000000003,9.65000000000003,1,13,13,0,0,0.285714285714286,0.357142857142857,0.0714285714285715
168,"Rhinolophus ferrumequinum",44.17106,0.31082,2023-01-09,"gbif","Warm Temperate","Moist","Cropland","Hills","Warm Temperate Moist",112,198,86,"Warm Temperate Moist Cropland on Hills","#70C656",60,1021,19.0192307692308,72.9230769230769,9.55000000000001,10.65,1.10000000000002,12,12,0,0,0,0,0
168,"Barbastella barbastellus",48.0240827,-2.9796482952,2024-12-03,"inat","Warm Temperate","Moist","Cropland","Hills","Warm Temperate Moist",112,198,86,"Warm Temperate Moist Cropland on Hills","#70C656",73,1022,15.6423076923077,73.0769230769231,8.65000000000003,9.35000000000002,0.699999999999989,14,14,0,0,0,0,0
168,"Barbastella barbastellus",44.01759,4.18486,2022-03-31,"gbif","Warm Temperate","Moist","Cropland","Hills","Warm Temperate Moist",112,198,86,"Warm Temperate Moist Cropland on Hills","#70C656",120,1023,19.2038461538462,48.7692307692308,9.25000000000006,10.55,1.29999999999995,14,9,0,0,0.642857142857143,0.714285714285714,0.0714285714285714
168,"Rhinolophus ferrumequinum",44.45211,0.8004,2023-02-08,"gbif","Warm Temperate","Moist","Cropland","Hills","Warm Temperate Moist",112,198,86,"Warm Temperate Moist Cropland on Hills","#70C656",120,1024,18.3115384615385,71.3846153846154,8.95000000000005,9.95000000000005,1,12,14,0,0,0,0,0
168,"Rhinolophus ferrumequinum",44.45211,0.8004,2022-10-05,"gbif","Warm Temperate","Moist","Cropland","Hills","Warm Temperate Moist",112,198,86,"Warm Temperate Moist Cropland on Hills","#70C656",120,1025,18.3115384615385,71.3846153846154,8.95000000000005,9.95000000000005,1,12,14,0,0,0,0,0
168,"Rhinolophus ferrumequinum",48.36489,-3.436,2022-05-14,"gbif","Warm Temperate","Moist","Cropland","Hills","Warm Temperate Moist",112,198,86,"Warm Temperate Moist Cropland on Hills","#70C656",187,1026,14.673076923077,92.2307692307692,8.25000000000006,8.95000000000005,0.699999999999989,14,14,0,0,0,0,0
168,"Rhinolophus ferrumequinum",46.543723,-0.600443,2025-12-27,"gbif","Warm Temperate","Moist","Cropland","Hills","Warm Temperate Moist",112,198,86,"Warm Temperate Moist Cropland on Hills","#70C656",83,1027,16.65,75.5384615384615,8.25000000000006,9.15000000000003,0.899999999999977,12,12,0,0,0.0625,0.0625,0
168,"Rhinolophus ferrumequinum",47.209289,-0.027893,2026-03-08,"gbif","Warm Temperate","Moist","Cropland","Hills","Warm Temperate Moist",112,198,86,"Warm Temperate Moist Cropland on Hills","#70C656",60,1028,16.8423076923077,60.5384615384615,8.15000000000003,9.05000000000001,0.899999999999977,14,9,0,0,0.133333333333333,0.333333333333333,0.2
168,"Rhinolophus ferrumequinum",44.77964,-0.47733,2022-01-29,"gbif","Warm Temperate","Moist","Cropland","Hills","Warm Temperate Moist",112,198,86,"Warm Temperate Moist Cropland on Hills","#70C656",59,1029,18.3115384615385,92.0769230769231,9.45000000000005,10.45,1,9,9,0,0,0.857142857142857,0.928571428571429,0.0714285714285715
168,"Rhinolophus ferrumequinum",44.17106,0.31082,2022-01-24,"gbif","Warm Temperate","Moist","Cropland","Hills","Warm Temperate Moist",112,198,86,"Warm Temperate Moist Cropland on Hills","#70C656",60,1030,19.0192307692308,72.9230769230769,9.55000000000001,10.65,1.10000000000002,12,12,0,0,0,0,0
168,"Rhinolophus ferrumequinum",46.674578,0.849229,2024-10-26,"gbif","Warm Temperate","Moist","Cropland","Hills","Warm Temperate Moist",112,198,86,"Warm Temperate Moist Cropland on Hills","#70C656",101,1031,17.1038461538462,56.4615384615385,7.95000000000005,8.95000000000005,1,12,12,0,0,0,0,0
168,"Rhinolophus ferrumequinum",45.77309,-0.41108,2022-01-18,"gbif","Warm Temperate","Moist","Cropland","Hills","Warm Temperate Moist",112,198,86,"Warm Temperate Moist Cropland on Hills","#70C656",52,1032,17.5653846153846,71.1538461538462,8.95000000000005,9.95000000000005,1,14,14,0,0,0.1875,0,-0.1875
168,"Rhinolophus ferrumequinum",44.87348,-0.3564,2022-01-30,"gbif","Warm Temperate","Moist","Cropland","Hills","Warm Temperate Moist",112,198,86,"Warm Temperate Moist Cropland on Hills","#70C656",48,1033,18.2192307692308,85.2307692307692,9.45000000000005,10.45,1,14,14,0,0,0.8,0.6,-0.2
168,"Rhinolophus ferrumequinum",44.0338,4.1367,2025-07-25,"gbif","Warm Temperate","Moist","Cropland","Hills","Warm Temperate Moist",112,198,86,"Warm Temperate Moist Cropland on Hills","#70C656",92,1034,19.4038461538462,50.5384615384615,9.45000000000005,10.7500000000001,1.30000000000001,14,10,0,0,0.785714285714286,0.785714285714286,0
168,"Rhinolophus ferrumequinum",48.43434,3.47318,2022-01-25,"gbif","Warm Temperate","Moist","Cropland","Hills","Warm Temperate Moist",112,198,86,"Warm Temperate Moist Cropland on Hills","#70C656",104,1035,16.3038461538462,52.8461538461538,6.95000000000005,7.95000000000005,1,12,12,0,0,0,0,0
168,"Rhinolophus ferrumequinum",46.23046,-0.17984,2022-01-20,"gbif","Warm Temperate","Moist","Cropland","Hills","Warm Temperate Moist",112,198,86,"Warm Temperate Moist Cropland on Hills","#70C656",122,1036,16.7576923076923,76.3076923076923,8.15000000000003,9.15000000000003,1,12,12,0,0,0,0,0
168,"Rhinolophus ferrumequinum",46.2969653066,0.238983104,2026-02-05,"inat","Warm Temperate","Moist","Cropland","Hills","Warm Temperate Moist",112,198,86,"Warm Temperate Moist Cropland on Hills","#70C656",133,1037,16.7115384615385,67,7.95000000000005,8.95000000000005,1,12,12,0,0,0,0,0
168,"Barbastella barbastellus",47.8157350743,-2.7170217919,2025-04-23,"inat","Warm Temperate","Moist","Cropland","Hills","Warm Temperate Moist",112,198,86,"Warm Temperate Moist Cropland on Hills","#70C656",114,1038,15.3961538461539,74.2307692307692,8.65000000000003,9.35000000000002,0.699999999999989,14,14,0,0,0,0,0
168,"Rhinolophus ferrumequinum",44.0811,0.31507,2022-04-05,"gbif","Warm Temperate","Moist","Cropland","Hills","Warm Temperate Moist",112,198,86,"Warm Temperate Moist Cropland on Hills","#70C656",88,1039,19.1269230769231,71.9230769230769,9.55000000000001,10.65,1.10000000000002,12,12,0,0,0,0,0
168,"Rhinolophus ferrumequinum",43.319216,0.680015,2022-09-30,"gbif","Warm Temperate","Moist","Cropland","Hills","Warm Temperate Moist",112,198,86,"Warm Temperate Moist Cropland on Hills","#70C656",272,1040,17.9961538461539,73.6153846153846,9.15000000000003,10.2500000000001,1.10000000000002,12,12,0,0,0,0,0
168,"Barbastella barbastellus",46.82598,0.352908,2025-01-19,"gbif","Warm Temperate","Moist","Cropland","Hills","Warm Temperate Moist",112,198,86,"Warm Temperate Moist Cropland on Hills","#70C656",102,1041,16.8807692307693,57.9230769230769,7.95000000000005,8.95000000000005,1,14,14,0,0,0,0.0714285714285714,0.0714285714285714
168,"Rhinolophus ferrumequinum",43.21419,2.93851,2022-09-06,"gbif","Warm Temperate","Moist","Cropland","Hills","Warm Temperate Moist",112,198,86,"Warm Temperate Moist Cropland on Hills","#70C656",39,1042,19.3807692307693,46.3076923076923,10.95,12.05,1.09999999999997,9,9,0,0,0.8,0.733333333333333,-0.0666666666666668
168,"Rhinolophus ferrumequinum",45.3438,0.38191,2023-01-19,"gbif","Warm Temperate","Moist","Cropland","Hills","Warm Temperate Moist",112,198,86,"Warm Temperate Moist Cropland on Hills","#70C656",120,1043,17.5115384615385,81.6923076923077,8.65000000000003,9.65000000000003,1,12,12,0,0,0,0,0
168,"Rhinolophus ferrumequinum",44.88431,0.02318,2022-01-30,"gbif","Warm Temperate","Moist","Cropland","Hills","Warm Temperate Moist",112,198,86,"Warm Temperate Moist Cropland on Hills","#70C656",28,1044,18.45,77.6153846153846,9.45000000000005,10.45,1,9,9,0,0,1,1,0
168,"Rhinolophus ferrumequinum",44.17106,0.31082,2022-01-10,"gbif","Warm Temperate","Moist","Cropland","Hills","Warm Temperate Moist",112,198,86,"Warm Temperate Moist Cropland on Hills","#70C656",60,1045,19.0192307692308,72.9230769230769,9.55000000000001,10.65,1.10000000000002,12,12,0,0,0,0,0
168,"Rhinolophus ferrumequinum",44.89384,0.40291,2022-07-19,"gbif","Warm Temperate","Moist","Cropland","Hills","Warm Temperate Moist",112,198,86,"Warm Temperate Moist Cropland on Hills","#70C656",90,1046,18.1269230769231,81.9230769230769,9.05000000000001,10.05,1,9,9,0,0,1,1,0
168,"Rhinolophus ferrumequinum",47.77341,0.26241,2022-02-12,"gbif","Warm Temperate","Moist","Cropland","Hills","Warm Temperate Moist",112,198,86,"Warm Temperate Moist Cropland on Hills","#70C656",67,1047,16.3884615384616,57.3846153846154,7.75000000000006,8.65000000000003,0.899999999999977,14,14,0,0,0.533333333333333,0.6,0.0666666666666667
168,"Rhinolophus ferrumequinum",43.154887,2.160371,2026-04-16,"gbif","Warm Temperate","Moist","Cropland","Hills","Warm Temperate Moist",112,198,86,"Warm Temperate Moist Cropland on Hills","#70C656",335,1048,17.2038461538462,70.0769230769231,8.95000000000005,10.05,1.09999999999997,8,8,0,0,0.5,0.714285714285714,0.214285714285714
168,"Rhinolophus ferrumequinum",47.8094894038,0.5616164554,2026-02-07,"inat","Warm Temperate","Moist","Cropland","Hills","Warm Temperate Moist",112,198,86,"Warm Temperate Moist Cropland on Hills","#70C656",100,1049,16.2115384615385,56.6153846153846,7.55000000000001,8.45000000000005,0.900000000000034,12,12,0,0,0,0,0
168,"Rhinolophus ferrumequinum",45.3438,0.38191,2023-01-19,"gbif","Warm Temperate","Moist","Cropland","Hills","Warm Temperate Moist",112,198,86,"Warm Temperate Moist Cropland on Hills","#70C656",120,1050,17.5115384615385,81.6923076923077,8.65000000000003,9.65000000000003,1,12,12,0,0,0,0,0
168,"Rhinolophus ferrumequinum",45.3438,0.38191,2023-01-19,"gbif","Warm Temperate","Moist","Cropland","Hills","Warm Temperate Moist",112,198,86,"Warm Temperate Moist Cropland on Hills","#70C656",120,1051,17.5115384615385,81.6923076923077,8.65000000000003,9.65000000000003,1,12,12,0,0,0,0,0
168,"Rhinolophus ferrumequinum",45.76913,-0.53964,2022-01-29,"gbif","Warm Temperate","Moist","Cropland","Hills","Warm Temperate Moist",112,198,86,"Warm Temperate Moist Cropland on Hills","#70C656",71,1052,17.3961538461539,75.6153846153846,8.85000000000002,9.85000000000002,1,12,12,0,0,0.0666666666666667,0,-0.0666666666666667
168,"Rhinolophus ferrumequinum",46.23046,-0.17984,2022-01-21,"gbif","Warm Temperate","Moist","Cropland","Hills","Warm Temperate Moist",112,198,86,"Warm Temperate Moist Cropland on Hills","#70C656",122,1053,16.7576923076923,76.3076923076923,8.15000000000003,9.15000000000003,1,12,12,0,0,0,0,0
168,"Rhinolophus ferrumequinum",45.7095,5.37821,2022-05-10,"gbif","Warm Temperate","Moist","Cropland","Hills","Warm Temperate Moist",112,198,86,"Warm Temperate Moist Cropland on Hills","#70C656",268,1054,16.8346153846154,82.3076923076923,6.85000000000002,8.15000000000003,1.30000000000001,14,14,0,0,0.428571428571429,0.0714285714285714,-0.357142857142857
168,"Rhinolophus ferrumequinum",46.709539,0.353493,2025-01-10,"gbif","Warm Temperate","Moist","Cropland","Hills","Warm Temperate Moist",112,198,86,"Warm Temperate Moist Cropland on Hills","#70C656",81,1055,17.0192307692308,54.2307692307692,8.05000000000001,9.05000000000001,1,12,12,0,0,0,0,0
168,"Rhinolophus ferrumequinum",45.95302,-0.42224,2022-06-21,"gbif","Warm Temperate","Moist","Cropland","Hills","Warm Temperate Moist",112,198,86,"Warm Temperate Moist Cropland on Hills","#70C656",43,1056,17.4115384615385,71.0769230769231,8.85000000000002,9.85000000000002,1,12,12,0,0,0,0,0
168,"Rhinolophus ferrumequinum",44.53952,0.67107,2023-02-08,"gbif","Warm Temperate","Moist","Cropland","Hills","Warm Temperate Moist",112,198,86,"Warm Temperate Moist Cropland on Hills","#70C656",99,1057,18.45,72.3076923076923,9.05000000000001,10.05,1,12,12,0,0,0,0,0
168,"Rhinolophus ferrumequinum",44.87348,-0.3564,2022-01-29,"gbif","Warm Temperate","Moist","Cropland","Hills","Warm Temperate Moist",112,198,86,"Warm Temperate Moist Cropland on Hills","#70C656",48,1058,18.2192307692308,85.2307692307692,9.45000000000005,10.45,1,14,14,0,0,0.8,0.6,-0.2
168,"Rhinolophus ferrumequinum",47.206048,0.072314,2025-07-02,"gbif","Warm Temperate","Moist","Cropland","Hills","Warm Temperate Moist",112,198,86,"Warm Temperate Moist Cropland on Hills","#70C656",81,1059,16.773076923077,56.3076923076923,8.05000000000001,8.95000000000005,0.900000000000034,12,12,0,0,0,0,0
168,"Rhinolophus ferrumequinum",44.53952,0.67107,2022-10-05,"gbif","Warm Temperate","Moist","Cropland","Hills","Warm Temperate Moist",112,198,86,"Warm Temperate Moist Cropland on Hills","#70C656",99,1060,18.45,72.3076923076923,9.05000000000001,10.05,1,12,12,0,0,0,0,0
168,"Rhinolophus ferrumequinum",44.43779,0.17242,2022-03-20,"gbif","Warm Temperate","Moist","Cropland","Hills","Warm Temperate Moist",112,198,86,"Warm Temperate Moist Cropland on Hills","#70C656",66,1061,18.6807692307693,75.5384615384615,9.35000000000002,10.35,1,12,12,0,0,0,0,0
168,"Rhinolophus ferrumequinum",44.69732,-0.21957,2022-01-30,"gbif","Warm Temperate","Moist","Cropland","Hills","Warm Temperate Moist",112,198,86,"Warm Temperate Moist Cropland on Hills","#70C656",75,1062,18.2500000000001,88.5384615384615,9.35000000000002,10.35,1,14,14,0,0,0,0,0
168,"Rhinolophus ferrumequinum",43.17554,0.11119,2022-04-10,"gbif","Warm Temperate","Moist","Cropland","Hills","Warm Temperate Moist",112,198,86,"Warm Temperate Moist Cropland on Hills","#70C656",377,1063,17.1192307692308,122.153846153846,8.85000000000002,9.95000000000005,1.10000000000002,14,14,0,0,0,0,0
168,"Rhinolophus ferrumequinum",48.015376,-2.896338,2024-12-03,"gbif","Warm Temperate","Moist","Cropland","Hills","Warm Temperate Moist",112,198,86,"Warm Temperate Moist Cropland on Hills","#70C656",92,1064,15.4807692307692,75.3846153846154,8.45000000000005,9.15000000000003,0.699999999999989,14,14,0,0,0,0,0
168,"Rhinolophus ferrumequinum",45.76913,-0.53964,2022-01-29,"gbif","Warm Temperate","Moist","Cropland","Hills","Warm Temperate Moist",112,198,86,"Warm Temperate Moist Cropland on Hills","#70C656",71,1065,17.3961538461539,75.6153846153846,8.85000000000002,9.85000000000002,1,12,12,0,0,0.0666666666666667,0,-0.0666666666666667
168,"Barbastella barbastellus",44.0115323371,4.2359194659,2026-04-01,"inat","Warm Temperate","Moist","Cropland","Hills","Warm Temperate Moist",112,198,86,"Warm Temperate Moist Cropland on Hills","#70C656",146,1066,19.2576923076923,48.6923076923077,9.35000000000002,10.65,1.30000000000001,9,14,0,0,0.5,0.571428571428571,0.0714285714285714
168,"Rhinolophus ferrumequinum",45.96745,0.09382,2022-01-22,"gbif","Warm Temperate","Moist","Cropland","Hills","Warm Temperate Moist",112,198,86,"Warm Temperate Moist Cropland on Hills","#70C656",109,1067,17.1346153846154,75.4615384615385,8.35000000000002,9.35000000000002,1,12,12,0,0,0,0,0
168,"Rhinolophus ferrumequinum",45.3438,0.38191,2023-01-18,"gbif","Warm Temperate","Moist","Cropland","Hills","Warm Temperate Moist",112,198,86,"Warm Temperate Moist Cropland on Hills","#70C656",120,1068,17.5115384615385,81.6923076923077,8.65000000000003,9.65000000000003,1,12,12,0,0,0,0,0
168,"Rhinolophus ferrumequinum",45.7095,5.37821,2022-05-10,"gbif","Warm Temperate","Moist","Cropland","Hills","Warm Temperate Moist",112,198,86,"Warm Temperate Moist Cropland on Hills","#70C656",268,1069,16.8346153846154,82.3076923076923,6.85000000000002,8.15000000000003,1.30000000000001,14,14,0,0,0.428571428571429,0.0714285714285714,-0.357142857142857
168,"Rhinolophus ferrumequinum",47.2060481509,0.0723137215,2025-07-02,"inat","Warm Temperate","Moist","Cropland","Hills","Warm Temperate Moist",112,198,86,"Warm Temperate Moist Cropland on Hills","#70C656",81,1070,16.773076923077,56.3076923076923,8.05000000000001,8.95000000000005,0.900000000000034,12,12,0,0,0,0,0
168,"Rhinolophus ferrumequinum",46.78956,0.57442,2022-01-22,"gbif","Warm Temperate","Moist","Cropland","Hills","Warm Temperate Moist",112,198,86,"Warm Temperate Moist Cropland on Hills","#70C656",91,1071,17.1346153846154,53.8461538461538,8.05000000000001,8.95000000000005,0.900000000000034,12,12,0,0,0,0,0
168,"Rhinolophus ferrumequinum",45.3438,0.38191,2023-01-18,"gbif","Warm Temperate","Moist","Cropland","Hills","Warm Temperate Moist",112,198,86,"Warm Temperate Moist Cropland on Hills","#70C656",120,1072,17.5115384615385,81.6923076923077,8.65000000000003,9.65000000000003,1,12,12,0,0,0,0,0
168,"Rhinolophus ferrumequinum",44.77964,-0.47733,2022-02-02,"gbif","Warm Temperate","Moist","Cropland","Hills","Warm Temperate Moist",112,198,86,"Warm Temperate Moist Cropland on Hills","#70C656",59,1073,18.3115384615385,92.0769230769231,9.45000000000005,10.45,1,9,9,0,0,0.857142857142857,0.928571428571429,0.0714285714285715
168,"Rhinolophus ferrumequinum",45.43379,0.37767,2023-01-05,"gbif","Warm Temperate","Moist","Cropland","Hills","Warm Temperate Moist",112,198,86,"Warm Temperate Moist Cropland on Hills","#70C656",131,1074,17.3346153846154,82.4615384615385,8.45000000000005,9.45000000000005,1,12,12,0,0,0,0,0
168,"Rhinolophus ferrumequinum",46.78956,0.57442,2022-01-22,"gbif","Warm Temperate","Moist","Cropland","Hills","Warm Temperate Moist",112,198,86,"Warm Temperate Moist Cropland on Hills","#70C656",91,1075,17.1346153846154,53.8461538461538,8.05000000000001,8.95000000000005,0.900000000000034,12,12,0,0,0,0,0
168,"Rhinolophus ferrumequinum",44.17106,0.31082,2022-03-01,"gbif","Warm Temperate","Moist","Cropland","Hills","Warm Temperate Moist",112,198,86,"Warm Temperate Moist Cropland on Hills","#70C656",60,1076,19.0192307692308,72.9230769230769,9.55000000000001,10.65,1.10000000000002,12,12,0,0,0,0,0
168,"Rhinolophus ferrumequinum",44.69732,-0.21957,2022-01-30,"gbif","Warm Temperate","Moist","Cropland","Hills","Warm Temperate Moist",112,198,86,"Warm Temperate Moist Cropland on Hills","#70C656",75,1077,18.2500000000001,88.5384615384615,9.35000000000002,10.35,1,14,14,0,0,0,0,0
168,"Rhinolophus ferrumequinum",44.77964,-0.47733,2022-09-22,"gbif","Warm Temperate","Moist","Cropland","Hills","Warm Temperate Moist",112,198,86,"Warm Temperate Moist Cropland on Hills","#70C656",59,1078,18.3115384615385,92.0769230769231,9.45000000000005,10.45,1,9,9,0,0,0.857142857142857,0.928571428571429,0.0714285714285715
168,"Rhinolophus ferrumequinum",46.60956,0.58245,2022-01-26,"gbif","Warm Temperate","Moist","Cropland","Hills","Warm Temperate Moist",112,198,86,"Warm Temperate Moist Cropland on Hills","#70C656",109,1079,16.973076923077,55.7692307692308,7.95000000000005,8.95000000000005,1,12,12,0,0,0,0,0
168,"Rhinolophus ferrumequinum",44.17106,0.31082,2023-04-27,"gbif","Warm Temperate","Moist","Cropland","Hills","Warm Temperate Moist",112,198,86,"Warm Temperate Moist Cropland on Hills","#70C656",60,1080,19.0192307692308,72.9230769230769,9.55000000000001,10.65,1.10000000000002,12,12,0,0,0,0,0
168,"Rhinolophus ferrumequinum",46.78373,0.31239,2022-01-26,"gbif","Warm Temperate","Moist","Cropland","Hills","Warm Temperate Moist",112,198,86,"Warm Temperate Moist Cropland on Hills","#70C656",83,1081,16.9423076923077,53.7692307692308,7.95000000000005,8.95000000000005,1,14,14,0,0,0,0,0
168,"Rhinolophus ferrumequinum",45.70379,0.36487,2022-07-07,"gbif","Warm Temperate","Moist","Cropland","Hills","Warm Temperate Moist",112,198,86,"Warm Temperate Moist Cropland on Hills","#70C656",114,1082,17.2269230769231,78.2307692307692,8.45000000000005,9.45000000000005,1,9,9,0,0,0.928571428571429,0.928571428571429,0
168,"Rhinolophus ferrumequinum",44.71675,0.53741,2023-01-27,"gbif","Warm Temperate","Moist","Cropland","Hills","Warm Temperate Moist",112,198,86,"Warm Temperate Moist Cropland on Hills","#70C656",122,1083,18.0884615384616,83.2307692307692,8.95000000000005,9.95000000000005,1,14,14,0,0,0,0,0
168,"Rhinolophus ferrumequinum",47.04377,-0.09596,2022-01-25,"gbif","Warm Temperate","Moist","Cropland","Hills","Warm Temperate Moist",112,198,86,"Warm Temperate Moist Cropland on Hills","#70C656",42,1084,17.0807692307692,56.4615384615385,8.25000000000006,9.15000000000003,0.899999999999977,12,12,0,0,0,0,0
168,"Rhinolophus ferrumequinum",45.96745,0.09382,2022-01-22,"gbif","Warm Temperate","Moist","Cropland","Hills","Warm Temperate Moist",112,198,86,"Warm Temperate Moist Cropland on Hills","#70C656",109,1085,17.1346153846154,75.4615384615385,8.35000000000002,9.35000000000002,1,12,12,0,0,0,0,0
168,"Barbastella barbastellus",48.024083,-2.979648,2024-12-03,"gbif","Warm Temperate","Moist","Cropland","Hills","Warm Temperate Moist",112,198,86,"Warm Temperate Moist Cropland on Hills","#70C656",73,1086,15.6423076923077,73.0769230769231,8.65000000000003,9.35000000000002,0.699999999999989,14,14,0,0,0,0,0
168,"Rhinolophus ferrumequinum",46.94256,-0.48489,2022-06-22,"gbif","Warm Temperate","Moist","Cropland","Hills","Warm Temperate Moist",112,198,86,"Warm Temperate Moist Cropland on Hills","#70C656",129,1087,16.3653846153846,62.9230769230769,7.95000000000005,8.85000000000002,0.899999999999977,12,12,0,0,0.0666666666666667,0,-0.0666666666666667
168,"Rhinolophus ferrumequinum",44.90453,0.90939,2023-06-06,"gbif","Warm Temperate","Moist","Cropland","Hills","Warm Temperate Moist",112,198,86,"Warm Temperate Moist Cropland on Hills","#70C656",78,1088,18.2576923076924,72.3076923076923,9.15000000000003,10.15,1,9,9,0,0,0.8,0.866666666666667,0.0666666666666667
168,"Rhinolophus ferrumequinum",45.31527,-0.63853,2022-01-28,"gbif","Warm Temperate","Moist","Cropland","Hills","Warm Temperate Moist",112,198,86,"Warm Temperate Moist Cropland on Hills","#70C656",7,1089,17.8576923076923,79.7692307692308,9.75000000000006,10.7500000000001,1,14,14,0,0,0,0,0
168,"Rhinolophus ferrumequinum",45.43379,0.37767,2022-01-18,"gbif","Warm Temperate","Moist","Cropland","Hills","Warm Temperate Moist",112,198,86,"Warm Temperate Moist Cropland on Hills","#70C656",131,1090,17.3346153846154,82.4615384615385,8.45000000000005,9.45000000000005,1,12,12,0,0,0,0,0
168,"Barbastella barbastellus",45.6075,0.1127,2022-01-16,"gbif","Warm Temperate","Moist","Cropland","Hills","Warm Temperate Moist",112,198,86,"Warm Temperate Moist Cropland on Hills","#70C656",62,1091,17.6346153846154,75.2307692307692,8.65000000000003,9.65000000000003,1,13,13,0,0,0.285714285714286,0.357142857142857,0.0714285714285715
168,"Rhinolophus ferrumequinum",47.04377,-0.09596,2022-01-20,"gbif","Warm Temperate","Moist","Cropland","Hills","Warm Temperate Moist",112,198,86,"Warm Temperate Moist Cropland on Hills","#70C656",42,1092,17.0807692307692,56.4615384615385,8.25000000000006,9.15000000000003,0.899999999999977,12,12,0,0,0,0,0
168,"Barbastella barbastellus",48.49283,0.22488,2023-05-16,"gbif","Warm Temperate","Moist","Cropland","Hills","Warm Temperate Moist",112,198,86,"Warm Temperate Moist Cropland on Hills","#70C656",144,1093,15.2269230769231,59.4615384615385,7.05000000000001,7.85000000000002,0.800000000000011,14,14,0,0,0.357142857142857,0.357142857142857,0
168,"Rhinolophus ferrumequinum",44.17106,0.31082,2023-02-24,"gbif","Warm Temperate","Moist","Cropland","Hills","Warm Temperate Moist",112,198,86,"Warm Temperate Moist Cropland on Hills","#70C656",60,1094,19.0192307692308,72.9230769230769,9.55000000000001,10.65,1.10000000000002,12,12,0,0,0,0,0
168,"Barbastella barbastellus",48.49283,0.22488,2023-08-31,"gbif","Warm Temperate","Moist","Cropland","Hills","Warm Temperate Moist",112,198,86,"Warm Temperate Moist Cropland on Hills","#70C656",144,1095,15.2269230769231,59.4615384615385,7.05000000000001,7.85000000000002,0.800000000000011,14,14,0,0,0.357142857142857,0.357142857142857,0
168,"Rhinolophus ferrumequinum",46.40283,-0.45043,2022-01-18,"gbif","Warm Temperate","Moist","Cropland","Hills","Warm Temperate Moist",112,198,86,"Warm Temperate Moist Cropland on Hills","#70C656",46,1096,17.0269230769231,71.5384615384615,8.45000000000005,9.35000000000002,0.899999999999977,12,12,0,0,0,0,0
168,"Rhinolophus ferrumequinum",46.23046,-0.17984,2022-01-20,"gbif","Warm Temperate","Moist","Cropland","Hills","Warm Temperate Moist",112,198,86,"Warm Temperate Moist Cropland on Hills","#70C656",122,1097,16.7576923076923,76.3076923076923,8.15000000000003,9.15000000000003,1,12,12,0,0,0,0,0
168,"Rhinolophus ferrumequinum",45.76913,-0.53964,2022-01-29,"gbif","Warm Temperate","Moist","Cropland","Hills","Warm Temperate Moist",112,198,86,"Warm Temperate Moist Cropland on Hills","#70C656",71,1098,17.3961538461539,75.6153846153846,8.85000000000002,9.85000000000002,1,12,12,0,0,0.0666666666666667,0,-0.0666666666666667
168,"Rhinolophus ferrumequinum",45.97069,0.22288,2022-02-07,"gbif","Warm Temperate","Moist","Cropland","Hills","Warm Temperate Moist",112,198,86,"Warm Temperate Moist Cropland on Hills","#70C656",99,1099,17.1423076923077,74.6923076923077,8.35000000000002,9.35000000000002,1,12,12,0,0,0,0,0
168,"Rhinolophus ferrumequinum",44.0811,0.31507,2022-08-09,"gbif","Warm Temperate","Moist","Cropland","Hills","Warm Temperate Moist",112,198,86,"Warm Temperate Moist Cropland on Hills","#70C656",88,1100,19.1269230769231,71.9230769230769,9.55000000000001,10.65,1.10000000000002,12,12,0,0,0,0,0
168,"Rhinolophus ferrumequinum",45.7095,5.37821,2022-05-10,"gbif","Warm Temperate","Moist","Cropland","Hills","Warm Temperate Moist",112,198,86,"Warm Temperate Moist Cropland on Hills","#70C656",268,1101,16.8346153846154,82.3076923076923,6.85000000000002,8.15000000000003,1.30000000000001,14,14,0,0,0.428571428571429,0.0714285714285714,-0.357142857142857
168,"Rhinolophus ferrumequinum",44.90453,0.90939,2022-07-11,"gbif","Warm Temperate","Moist","Cropland","Hills","Warm Temperate Moist",112,198,86,"Warm Temperate Moist Cropland on Hills","#70C656",78,1102,18.2576923076924,72.3076923076923,9.15000000000003,10.15,1,9,9,0,0,0.8,0.866666666666667,0.0666666666666667
168,"Rhinolophus ferrumequinum",46.730782,0.306901,2024-12-29,"gbif","Warm Temperate","Moist","Cropland","Hills","Warm Temperate Moist",112,198,86,"Warm Temperate Moist Cropland on Hills","#70C656",90,1103,16.9423076923077,54.3846153846154,7.95000000000005,8.95000000000005,1,12,12,0,0,0.0666666666666667,0,-0.0666666666666667
168,"Rhinolophus ferrumequinum",44.88431,0.02318,2022-07-22,"gbif","Warm Temperate","Moist","Cropland","Hills","Warm Temperate Moist",112,198,86,"Warm Temperate Moist Cropland on Hills","#70C656",28,1104,18.45,77.6153846153846,9.45000000000005,10.45,1,9,9,0,0,1,1,0
168,"Rhinolophus ferrumequinum",47.56802,-0.65884,2022-05-24,"gbif","Warm Temperate","Moist","Cropland","Hills","Warm Temperate Moist",112,198,86,"Warm Temperate Moist Cropland on Hills","#70C656",48,1105,16.55,64.3846153846154,8.15000000000003,8.95000000000005,0.800000000000011,12,12,0,0,0,0,0
168,"Rhinolophus ferrumequinum",47.04722,0.03566,2022-02-02,"gbif","Warm Temperate","Moist","Cropland","Hills","Warm Temperate Moist",112,198,86,"Warm Temperate Moist Cropland on Hills","#70C656",82,1106,16.9115384615385,56.4615384615385,8.05000000000001,8.95000000000005,0.900000000000034,12,12,0,0,0.0714285714285714,0.0714285714285714,0
168,"Rhinolophus ferrumequinum",43.98476,0.07016,2022-07-01,"gbif","Warm Temperate","Moist","Cropland","Hills","Warm Temperate Moist",112,198,86,"Warm Temperate Moist Cropland on Hills","#70C656",122,1107,18.9038461538462,81.3076923076923,9.35000000000002,10.35,1,9,9,0,0,0.5,0.571428571428571,0.0714285714285714
168,"Rhinolophus ferrumequinum",46.892691,3.721597,2024-04-05,"gbif","Warm Temperate","Moist","Cropland","Hills","Warm Temperate Moist",112,198,86,"Warm Temperate Moist Cropland on Hills","#70C656",212,1108,16.5884615384616,63.9230769230769,6.85000000000002,7.95000000000005,1.10000000000002,10,10,0,0,0.466666666666667,0.466666666666667,0
168,"Rhinolophus ferrumequinum",44.878773,1.572485,2025-02-19,"gbif","Warm Temperate","Moist","Cropland","Hills","Warm Temperate Moist",112,198,86,"Warm Temperate Moist Cropland on Hills","#70C656",107,1109,18.0115384615385,65,8.65000000000003,9.65000000000003,1,9,9,0,0,0.8,0.8,0
168,"Rhinolophus ferrumequinum",45.76913,-0.53964,2022-01-29,"gbif","Warm Temperate","Moist","Cropland","Hills","Warm Temperate Moist",112,198,86,"Warm Temperate Moist Cropland on Hills","#70C656",71,1110,17.3961538461539,75.6153846153846,8.85000000000002,9.85000000000002,1,12,12,0,0,0.0666666666666667,0,-0.0666666666666667
168,"Rhinolophus ferrumequinum",44.69732,-0.21957,2023-04-28,"gbif","Warm Temperate","Moist","Cropland","Hills","Warm Temperate Moist",112,198,86,"Warm Temperate Moist Cropland on Hills","#70C656",75,1111,18.2500000000001,88.5384615384615,9.35000000000002,10.35,1,14,14,0,0,0,0,0
168,"Rhinolophus ferrumequinum",46.94256,-0.48489,2022-06-22,"gbif","Warm Temperate","Moist","Cropland","Hills","Warm Temperate Moist",112,198,86,"Warm Temperate Moist Cropland on Hills","#70C656",129,1112,16.3653846153846,62.9230769230769,7.95000000000005,8.85000000000002,0.899999999999977,12,12,0,0,0.0666666666666667,0,-0.0666666666666667
168,"Rhinolophus ferrumequinum",48.663878,-3.828929,2025-03-16,"gbif","Warm Temperate","Moist","Cropland","Hills","Warm Temperate Moist",112,198,86,"Warm Temperate Moist Cropland on Hills","#70C656",60,1113,13.7192307692308,106.769230769231,10.35,11.05,0.699999999999989,14,14,0,0,0.214285714285714,0.214285714285714,0
168,"Rhinolophus ferrumequinum",49.10795,-0.35627,2023-01-10,"gbif","Warm Temperate","Moist","Cropland","Hills","Warm Temperate Moist",112,198,86,"Warm Temperate Moist Cropland on Hills","#70C656",74,1114,15.5730769230769,65.9230769230769,7.95000000000005,8.75000000000006,0.800000000000011,12,12,0,0,0,0,0
168,"Rhinolophus ferrumequinum",45.3438,0.38191,2022-02-07,"gbif","Warm Temperate","Moist","Cropland","Hills","Warm Temperate Moist",112,198,86,"Warm Temperate Moist Cropland on Hills","#70C656",120,1115,17.5115384615385,81.6923076923077,8.65000000000003,9.65000000000003,1,12,12,0,0,0,0,0
168,"Rhinolophus ferrumequinum",44.45211,0.8004,2022-09-29,"gbif","Warm Temperate","Moist","Cropland","Hills","Warm Temperate Moist",112,198,86,"Warm Temperate Moist Cropland on Hills","#70C656",120,1116,18.3115384615385,71.3846153846154,8.95000000000005,9.95000000000005,1,12,14,0,0,0,0,0
168,"Barbastella barbastellus",43.833408,2.222873,2026-02-15,"gbif","Warm Temperate","Moist","Cropland","Hills","Warm Temperate Moist",112,198,86,"Warm Temperate Moist Cropland on Hills","#70C656",271,1117,17.25,88.1538461538462,8.65000000000003,9.65000000000003,1,12,12,0,0,0,0,0
168,"Rhinolophus ferrumequinum",44.0811,0.31507,2023-04-18,"gbif","Warm Temperate","Moist","Cropland","Hills","Warm Temperate Moist",112,198,86,"Warm Temperate Moist Cropland on Hills","#70C656",88,1118,19.1269230769231,71.9230769230769,9.55000000000001,10.65,1.10000000000002,12,12,0,0,0,0,0
168,"Rhinolophus ferrumequinum",44.0811,0.31507,2023-01-26,"gbif","Warm Temperate","Moist","Cropland","Hills","Warm Temperate Moist",112,198,86,"Warm Temperate Moist Cropland on Hills","#70C656",88,1119,19.1269230769231,71.9230769230769,9.55000000000001,10.65,1.10000000000002,12,12,0,0,0,0,0
168,"Rhinolophus ferrumequinum",44.87348,-0.3564,2022-01-30,"gbif","Warm Temperate","Moist","Cropland","Hills","Warm Temperate Moist",112,198,86,"Warm Temperate Moist Cropland on Hills","#70C656",48,1120,18.2192307692308,85.2307692307692,9.45000000000005,10.45,1,14,14,0,0,0.8,0.6,-0.2
168,"Barbastella barbastellus",49.05627,1.56339,2022-02-08,"gbif","Warm Temperate","Moist","Cropland","Hills","Warm Temperate Moist",112,198,86,"Warm Temperate Moist Cropland on Hills","#70C656",71,1121,15.7807692307692,50,7.25000000000006,8.15000000000003,0.899999999999977,12,12,0,0,0.125,0.1875,0.0625
168,"Rhinolophus ferrumequinum",45.6075,0.1127,2022-02-04,"gbif","Warm Temperate","Moist","Cropland","Hills","Warm Temperate Moist",112,198,86,"Warm Temperate Moist Cropland on Hills","#70C656",62,1122,17.6346153846154,75.2307692307692,8.65000000000003,9.65000000000003,1,13,13,0,0,0.285714285714286,0.357142857142857,0.0714285714285715
168,"Barbastella barbastellus",46.8259795995,0.3529083023,2025-01-19,"inat","Warm Temperate","Moist","Cropland","Hills","Warm Temperate Moist",112,198,86,"Warm Temperate Moist Cropland on Hills","#70C656",102,1123,16.8807692307693,57.9230769230769,7.95000000000005,8.95000000000005,1,14,14,0,0,0,0.0714285714285714,0.0714285714285714
168,"Rhinolophus ferrumequinum",46.771889,0.215991,2024-10-27,"gbif","Warm Temperate","Moist","Cropland","Hills","Warm Temperate Moist",112,198,86,"Warm Temperate Moist Cropland on Hills","#70C656",123,1124,16.7884615384615,58.1538461538462,7.95000000000005,8.95000000000005,1,12,12,0,0,0,0,0
168,"Rhinolophus ferrumequinum",46.8565,-0.34797,2022-06-15,"gbif","Warm Temperate","Moist","Cropland","Hills","Warm Temperate Moist",112,198,86,"Warm Temperate Moist Cropland on Hills","#70C656",161,1125,16.2653846153847,65.4615384615385,7.75000000000006,8.65000000000003,0.899999999999977,12,12,0,0,0,0,0
168,"Rhinolophus ferrumequinum",45.3438,0.38191,2023-01-19,"gbif","Warm Temperate","Moist","Cropland","Hills","Warm Temperate Moist",112,198,86,"Warm Temperate Moist Cropland on Hills","#70C656",120,1126,17.5115384615385,81.6923076923077,8.65000000000003,9.65000000000003,1,12,12,0,0,0,0,0
168,"Rhinolophus ferrumequinum",48.198053,-2.256039,2025-05-04,"gbif","Warm Temperate","Moist","Cropland","Hills","Warm Temperate Moist",112,198,86,"Warm Temperate Moist Cropland on Hills","#70C656",123,1127,15.4884615384616,69.0769230769231,8.15000000000003,8.85000000000002,0.699999999999989,14,14,0,0,0,0,0
168,"Rhinolophus ferrumequinum",46.57873,-0.5923,2022-06-17,"gbif","Warm Temperate","Moist","Cropland","Hills","Warm Temperate Moist",112,198,86,"Warm Temperate Moist Cropland on Hills","#70C656",112,1128,16.5269230769231,76.2307692307692,8.15000000000003,9.05000000000001,0.899999999999977,12,12,0,0,0,0,0
168,"Barbastella barbastellus",45.836686,1.31904,2025-04-06,"gbif","Warm Temperate","Moist","Cropland","Hills","Warm Temperate Moist",112,198,86,"Warm Temperate Moist Cropland on Hills","#70C656",309,1129,15.9346153846154,90.6153846153846,7.15000000000003,8.15000000000003,1,9,9,0,0,0.933333333333333,0.933333333333333,0
168,"Rhinolophus ferrumequinum",44.17106,0.31082,2023-05-24,"gbif","Warm Temperate","Moist","Cropland","Hills","Warm Temperate Moist",112,198,86,"Warm Temperate Moist Cropland on Hills","#70C656",60,1130,19.0192307692308,72.9230769230769,9.55000000000001,10.65,1.10000000000002,12,12,0,0,0,0,0
168,"Rhinolophus ferrumequinum",49.05627,1.56339,2023-09-03,"gbif","Warm Temperate","Moist","Cropland","Hills","Warm Temperate Moist",112,198,86,"Warm Temperate Moist Cropland on Hills","#70C656",71,1131,15.7807692307692,50,7.25000000000006,8.15000000000003,0.899999999999977,12,12,0,0,0.125,0.1875,0.0625
168,"Rhinolophus ferrumequinum",43.02928,1.95795,2022-02-17,"gbif","Warm Temperate","Moist","Cropland","Hills","Warm Temperate Moist",112,198,86,"Warm Temperate Moist Cropland on Hills","#70C656",394,1132,17.1269230769231,78.3846153846154,8.85000000000002,9.95000000000005,1.10000000000002,8,8,0,0,1,1,0
168,"Rhinolophus ferrumequinum",45.688574,0.186977,2023-09-14,"gbif","Warm Temperate","Moist","Cropland","Hills","Warm Temperate Moist",112,198,86,"Warm Temperate Moist Cropland on Hills","#70C656",59,1133,17.6576923076923,74.4615384615385,8.65000000000003,9.65000000000003,1,14,14,0,0,0,0,0
168,"Rhinolophus ferrumequinum",44.45211,0.8004,2022-10-05,"gbif","Warm Temperate","Moist","Cropland","Hills","Warm Temperate Moist",112,198,86,"Warm Temperate Moist Cropland on Hills","#70C656",120,1134,18.3115384615385,71.3846153846154,8.95000000000005,9.95000000000005,1,12,14,0,0,0,0,0
168,"Rhinolophus ferrumequinum",44.7118074608,-0.3849070532,2026-01-31,"inat","Warm Temperate","Moist","Cropland","Hills","Warm Temperate Moist",112,198,86,"Warm Temperate Moist Cropland on Hills","#70C656",58,1135,18.4192307692308,91.1538461538462,9.45000000000005,10.45,1,14,14,0,0,0.285714285714286,0.571428571428571,0.285714285714286
168,"Barbastella barbastellus",48.49283,0.22488,2023-05-16,"gbif","Warm Temperate","Moist","Cropland","Hills","Warm Temperate Moist",112,198,86,"Warm Temperate Moist Cropland on Hills","#70C656",144,1136,15.2269230769231,59.4615384615385,7.05000000000001,7.85000000000002,0.800000000000011,14,14,0,0,0.357142857142857,0.357142857142857,0
168,"Rhinolophus ferrumequinum",48.97492,2.9317,2022-08-11,"gbif","Warm Temperate","Moist","Cropland","Hills","Warm Temperate Moist",112,198,86,"Warm Temperate Moist Cropland on Hills","#70C656",61,1137,16.1653846153847,54.5384615384615,7.05000000000001,8.05000000000001,1,12,12,0,0,0,0,0
168,"Rhinolophus ferrumequinum",45.3438,0.38191,2023-01-19,"gbif","Warm Temperate","Moist","Cropland","Hills","Warm Temperate Moist",112,198,86,"Warm Temperate Moist Cropland on Hills","#70C656",120,1138,17.5115384615385,81.6923076923077,8.65000000000003,9.65000000000003,1,12,12,0,0,0,0,0
168,"Rhinolophus ferrumequinum",44.77964,-0.47733,2022-01-29,"gbif","Warm Temperate","Moist","Cropland","Hills","Warm Temperate Moist",112,198,86,"Warm Temperate Moist Cropland on Hills","#70C656",59,1139,18.3115384615385,92.0769230769231,9.45000000000005,10.45,1,9,9,0,0,0.857142857142857,0.928571428571429,0.0714285714285715
168,"Rhinolophus ferrumequinum",45.6075,0.1127,2022-02-04,"gbif","Warm Temperate","Moist","Cropland","Hills","Warm Temperate Moist",112,198,86,"Warm Temperate Moist Cropland on Hills","#70C656",62,1140,17.6346153846154,75.2307692307692,8.65000000000003,9.65000000000003,1,13,13,0,0,0.285714285714286,0.357142857142857,0.0714285714285715
168,"Rhinolophus ferrumequinum",49.05627,1.56339,2022-08-19,"gbif","Warm Temperate","Moist","Cropland","Hills","Warm Temperate Moist",112,198,86,"Warm Temperate Moist Cropland on Hills","#70C656",71,1141,15.7807692307692,50,7.25000000000006,8.15000000000003,0.899999999999977,12,12,0,0,0.125,0.1875,0.0625
168,"Rhinolophus ferrumequinum",43.619574,0.380787,2024-03-08,"gbif","Warm Temperate","Moist","Cropland","Hills","Warm Temperate Moist",112,198,86,"Warm Temperate Moist Cropland on Hills","#70C656",194,1142,18.3269230769231,73.7692307692308,9.25000000000006,10.35,1.09999999999997,12,12,0,0,0,0,0
168,"Rhinolophus ferrumequinum",44.88431,0.02318,2022-01-30,"gbif","Warm Temperate","Moist","Cropland","Hills","Warm Temperate Moist",112,198,86,"Warm Temperate Moist Cropland on Hills","#70C656",28,1143,18.45,77.6153846153846,9.45000000000005,10.45,1,9,9,0,0,1,1,0
168,"Rhinolophus ferrumequinum",44.0811,0.31507,2022-07-01,"gbif","Warm Temperate","Moist","Cropland","Hills","Warm Temperate Moist",112,198,86,"Warm Temperate Moist Cropland on Hills","#70C656",88,1144,19.1269230769231,71.9230769230769,9.55000000000001,10.65,1.10000000000002,12,12,0,0,0,0,0
168,"Rhinolophus ferrumequinum",43.564667,1.037114,2022-09-22,"gbif","Warm Temperate","Moist","Cropland","Hills","Warm Temperate Moist",112,198,86,"Warm Temperate Moist Cropland on Hills","#70C656",174,1145,18.5653846153846,57.6923076923077,9.45000000000005,10.45,1,12,12,0,0,0,0,0
168,"Rhinolophus ferrumequinum",45.76913,-0.53964,2022-01-29,"gbif","Warm Temperate","Moist","Cropland","Hills","Warm Temperate Moist",112,198,86,"Warm Temperate Moist Cropland on Hills","#70C656",71,1146,17.3961538461539,75.6153846153846,8.85000000000002,9.85000000000002,1,12,12,0,0,0.0666666666666667,0,-0.0666666666666667
168,"Barbastella barbastellus",45.829985473,1.2807173649,2025-04-13,"inat","Warm Temperate","Moist","Cropland","Hills","Warm Temperate Moist",112,198,86,"Warm Temperate Moist Cropland on Hills","#70C656",245,1147,16.2961538461539,87.2307692307692,7.45000000000005,8.45000000000005,1,13,13,0,0,0.0666666666666667,0.0666666666666667,0
168,"Rhinolophus ferrumequinum",47.02425,-0.75376,2022-09-15,"gbif","Warm Temperate","Moist","Cropland","Hills","Warm Temperate Moist",112,198,86,"Warm Temperate Moist Cropland on Hills","#70C656",147,1148,16.1961538461539,72.4615384615385,7.85000000000002,8.75000000000006,0.900000000000034,12,12,0,0,0,0,0
168,"Rhinolophus ferrumequinum",45.6075,0.1127,2022-01-10,"gbif","Warm Temperate","Moist","Cropland","Hills","Warm Temperate Moist",112,198,86,"Warm Temperate Moist Cropland on Hills","#70C656",62,1149,17.6346153846154,75.2307692307692,8.65000000000003,9.65000000000003,1,13,13,0,0,0.285714285714286,0.357142857142857,0.0714285714285715
168,"Rhinolophus ferrumequinum",47.04377,-0.09596,2022-02-08,"gbif","Warm Temperate","Moist","Cropland","Hills","Warm Temperate Moist",112,198,86,"Warm Temperate Moist Cropland on Hills","#70C656",42,1150,17.0807692307692,56.4615384615385,8.25000000000006,9.15000000000003,0.899999999999977,12,12,0,0,0,0,0
168,"Rhinolophus ferrumequinum",46.84438,-0.74129,2022-06-13,"gbif","Warm Temperate","Moist","Cropland","Hills","Warm Temperate Moist",112,198,86,"Warm Temperate Moist Cropland on Hills","#70C656",176,1151,16.0346153846154,75.6923076923077,7.75000000000006,8.65000000000003,0.899999999999977,12,12,0,0,0,0,0
168,"Rhinolophus ferrumequinum",44.45455,0.92603,2023-01-20,"gbif","Warm Temperate","Moist","Cropland","Hills","Warm Temperate Moist",112,198,86,"Warm Temperate Moist Cropland on Hills","#70C656",79,1152,18.5423076923077,62.7692307692308,9.25000000000006,10.2500000000001,1,14,14,0,0,0,0.0714285714285714,0.0714285714285714
168,"Rhinolophus ferrumequinum",44.87348,-0.3564,2022-01-30,"gbif","Warm Temperate","Moist","Cropland","Hills","Warm Temperate Moist",112,198,86,"Warm Temperate Moist Cropland on Hills","#70C656",48,1153,18.2192307692308,85.2307692307692,9.45000000000005,10.45,1,14,14,0,0,0.8,0.6,-0.2
168,"Rhinolophus ferrumequinum",43.58005,-1.27203,2022-03-25,"gbif","Warm Temperate","Moist","Cropland","Hills","Warm Temperate Moist",112,198,86,"Warm Temperate Moist Cropland on Hills","#70C656",41,1154,18.2576923076924,141.307692307692,11.15,12.15,1,14,14,0,0,0.428571428571429,0.428571428571429,0
168,"Rhinolophus ferrumequinum",45.43379,0.37767,2022-01-18,"gbif","Warm Temperate","Moist","Cropland","Hills","Warm Temperate Moist",112,198,86,"Warm Temperate Moist Cropland on Hills","#70C656",131,1155,17.3346153846154,82.4615384615385,8.45000000000005,9.45000000000005,1,12,12,0,0,0,0,0
168,"Barbastella barbastellus",43.537753,-0.119628,2025-09-03,"gbif","Warm Temperate","Moist","Cropland","Hills","Warm Temperate Moist",112,198,86,"Warm Temperate Moist Cropland on Hills","#70C656",147,1156,18.4653846153847,105,9.65000000000003,10.7500000000001,1.10000000000002,14,14,0,0,0,0,0
168,"Rhinolophus ferrumequinum",46.85261,-0.4791,2022-07-08,"gbif","Warm Temperate","Moist","Cropland","Hills","Warm Temperate Moist",112,198,86,"Warm Temperate Moist Cropland on Hills","#70C656",171,1157,16.1115384615385,66.0769230769231,7.75000000000006,8.65000000000003,0.899999999999977,12,12,0,0,0.133333333333333,0.0666666666666667,-0.0666666666666667
168,"Rhinolophus ferrumequinum",45.3438,0.38191,2022-01-31,"gbif","Warm Temperate","Moist","Cropland","Hills","Warm Temperate Moist",112,198,86,"Warm Temperate Moist Cropland on Hills","#70C656",120,1158,17.5115384615385,81.6923076923077,8.65000000000003,9.65000000000003,1,12,12,0,0,0,0,0
168,"Rhinolophus ferrumequinum",45.43379,0.37767,2022-01-18,"gbif","Warm Temperate","Moist","Cropland","Hills","Warm Temperate Moist",112,198,86,"Warm Temperate Moist Cropland on Hills","#70C656",131,1159,17.3346153846154,82.4615384615385,8.45000000000005,9.45000000000005,1,12,12,0,0,0,0,0
168,"Barbastella barbastellus",45.58921,-0.52814,2022-01-30,"gbif","Warm Temperate","Moist","Cropland","Hills","Warm Temperate Moist",112,198,86,"Warm Temperate Moist Cropland on Hills","#70C656",18,1160,17.7961538461539,69.5384615384615,9.25000000000006,10.2500000000001,1,12,12,0,0,0,0,0
168,"Rhinolophus ferrumequinum",43.40979,-1.01225,2022-02-09,"gbif","Warm Temperate","Moist","Cropland","Hills","Warm Temperate Moist",112,198,86,"Warm Temperate Moist Cropland on Hills","#70C656",66,1161,18.7192307692308,119.076923076923,10.45,11.45,1,9,9,0,0,0.266666666666667,0.266666666666667,0
168,"Rhinolophus ferrumequinum",46.40283,-0.45043,2022-01-26,"gbif","Warm Temperate","Moist","Cropland","Hills","Warm Temperate Moist",112,198,86,"Warm Temperate Moist Cropland on Hills","#70C656",46,1162,17.0269230769231,71.5384615384615,8.45000000000005,9.35000000000002,0.899999999999977,12,12,0,0,0,0,0
168,"Rhinolophus ferrumequinum",45.3438,0.38191,2022-01-31,"gbif","Warm Temperate","Moist","Cropland","Hills","Warm Temperate Moist",112,198,86,"Warm Temperate Moist Cropland on Hills","#70C656",120,1163,17.5115384615385,81.6923076923077,8.65000000000003,9.65000000000003,1,12,12,0,0,0,0,0
168,"Rhinolophus ferrumequinum",48.13823,-2.70208,2022-06-07,"gbif","Warm Temperate","Moist","Cropland","Hills","Warm Temperate Moist",112,198,86,"Warm Temperate Moist Cropland on Hills","#70C656",131,1164,15.2423076923077,72.6153846153846,8.15000000000003,8.85000000000002,0.699999999999989,14,12,0,0,0,0,0
168,"Rhinolophus ferrumequinum",45.3438,0.38191,2022-01-31,"gbif","Warm Temperate","Moist","Cropland","Hills","Warm Temperate Moist",112,198,86,"Warm Temperate Moist Cropland on Hills","#70C656",120,1165,17.5115384615385,81.6923076923077,8.65000000000003,9.65000000000003,1,12,12,0,0,0,0,0
168,"Rhinolophus ferrumequinum",48.43051,-2.10661,2023-09-17,"gbif","Warm Temperate","Moist","Cropland","Hills","Warm Temperate Moist",112,198,86,"Warm Temperate Moist Cropland on Hills","#70C656",95,1166,15.5115384615385,72.8461538461538,8.55000000000001,9.25000000000006,0.700000000000045,14,14,0,0,0,0,0
168,"Barbastella barbastellus",48.43051,-2.10661,2023-09-17,"gbif","Warm Temperate","Moist","Cropland","Hills","Warm Temperate Moist",112,198,86,"Warm Temperate Moist Cropland on Hills","#70C656",95,1167,15.5115384615385,72.8461538461538,8.55000000000001,9.25000000000006,0.700000000000045,14,14,0,0,0,0,0
168,"Rhinolophus ferrumequinum",46.769166,0.480063,2024-01-07,"gbif","Warm Temperate","Moist","Cropland","Hills","Warm Temperate Moist",112,198,86,"Warm Temperate Moist Cropland on Hills","#70C656",74,1168,17.0423076923078,53.2307692307692,8.05000000000001,9.05000000000001,1,12,12,0,0,0.0666666666666667,0.133333333333333,0.0666666666666667
168,"Barbastella barbastellus",45.76913,-0.53964,2022-01-29,"gbif","Warm Temperate","Moist","Cropland","Hills","Warm Temperate Moist",112,198,86,"Warm Temperate Moist Cropland on Hills","#70C656",71,1169,17.3961538461539,75.6153846153846,8.85000000000002,9.85000000000002,1,12,12,0,0,0.0666666666666667,0,-0.0666666666666667
168,"Barbastella barbastellus",45.829985,1.280717,2025-04-13,"gbif","Warm Temperate","Moist","Cropland","Hills","Warm Temperate Moist",112,198,86,"Warm Temperate Moist Cropland on Hills","#70C656",245,1170,16.2961538461539,87.2307692307692,7.45000000000005,8.45000000000005,1,13,13,0,0,0.0666666666666667,0.0666666666666667,0
168,"Rhinolophus ferrumequinum",49.05627,1.56339,2022-02-08,"gbif","Warm Temperate","Moist","Cropland","Hills","Warm Temperate Moist",112,198,86,"Warm Temperate Moist Cropland on Hills","#70C656",71,1171,15.7807692307692,50,7.25000000000006,8.15000000000003,0.899999999999977,12,12,0,0,0.125,0.1875,0.0625
168,"Rhinolophus ferrumequinum",48.13823,-2.70208,2022-09-14,"gbif","Warm Temperate","Moist","Cropland","Hills","Warm Temperate Moist",112,198,86,"Warm Temperate Moist Cropland on Hills","#70C656",131,1172,15.2423076923077,72.6153846153846,8.15000000000003,8.85000000000002,0.699999999999989,14,12,0,0,0,0,0
168,"Barbastella barbastellus",44.578413,0.818133,2023-10-13,"gbif","Warm Temperate","Moist","Cropland","Hills","Warm Temperate Moist",112,198,86,"Warm Temperate Moist Cropland on Hills","#70C656",130,1173,18.2423076923077,73.4615384615385,8.95000000000005,9.95000000000005,1,14,14,0,0,0.214285714285714,0.285714285714286,0.0714285714285714
168,"Rhinolophus ferrumequinum",45.3438,0.38191,2023-01-19,"gbif","Warm Temperate","Moist","Cropland","Hills","Warm Temperate Moist",112,198,86,"Warm Temperate Moist Cropland on Hills","#70C656",120,1174,17.5115384615385,81.6923076923077,8.65000000000003,9.65000000000003,1,12,12,0,0,0,0,0
168,"Rhinolophus ferrumequinum",45.51751,0.11739,2022-08-08,"gbif","Warm Temperate","Moist","Cropland","Hills","Warm Temperate Moist",112,198,86,"Warm Temperate Moist Cropland on Hills","#70C656",132,1175,17.4192307692308,77.2307692307692,8.45000000000005,9.45000000000005,1,12,14,0,0,0,0,0
168,"Barbastella barbastellus",44.0526,4.1364,2025-07-27,"gbif","Warm Temperate","Moist","Cropland","Hills","Warm Temperate Moist",112,198,86,"Warm Temperate Moist Cropland on Hills","#70C656",176,1176,18.9576923076924,52.4615384615385,9.15000000000003,10.45,1.30000000000001,9,9,0,0,0.866666666666667,0.933333333333333,0.0666666666666667
168,"Rhinolophus ferrumequinum",43.630109,2.216994,2023-02-22,"gbif","Warm Temperate","Moist","Cropland","Hills","Warm Temperate Moist",112,198,86,"Warm Temperate Moist Cropland on Hills","#70C656",253,1177,17.1807692307693,86.2307692307692,8.75000000000006,9.85000000000002,1.09999999999997,12,14,0,0,0,0,0
168,"Rhinolophus ferrumequinum",46.40283,-0.45043,2022-01-18,"gbif","Warm Temperate","Moist","Cropland","Hills","Warm Temperate Moist",112,198,86,"Warm Temperate Moist Cropland on Hills","#70C656",46,1178,17.0269230769231,71.5384615384615,8.45000000000005,9.35000000000002,0.899999999999977,12,12,0,0,0,0,0
168,"Rhinolophus ferrumequinum",43.86865,4.596408,2025-07-15,"gbif","Warm Temperate","Moist","Cropland","Hills","Warm Temperate Moist",112,198,86,"Warm Temperate Moist Cropland on Hills","#70C656",10,1179,20.4269230769231,36.6153846153846,10.45,11.7500000000001,1.30000000000001,12,12,0,0,0.466666666666667,0.4,-0.0666666666666667
168,"Rhinolophus ferrumequinum",43.98476,0.07016,2023-06-26,"gbif","Warm Temperate","Moist","Cropland","Hills","Warm Temperate Moist",112,198,86,"Warm Temperate Moist Cropland on Hills","#70C656",122,1180,18.9038461538462,81.3076923076923,9.35000000000002,10.35,1,9,9,0,0,0.5,0.571428571428571,0.0714285714285714
168,"Rhinolophus ferrumequinum",48.0153764735,-2.896338392,2024-12-03,"inat","Warm Temperate","Moist","Cropland","Hills","Warm Temperate Moist",112,198,86,"Warm Temperate Moist Cropland on Hills","#70C656",92,1181,15.4807692307692,75.3846153846154,8.45000000000005,9.15000000000003,0.699999999999989,14,14,0,0,0,0,0
168,"Rhinolophus ferrumequinum",43.98476,0.07016,2022-07-01,"gbif","Warm Temperate","Moist","Cropland","Hills","Warm Temperate Moist",112,198,86,"Warm Temperate Moist Cropland on Hills","#70C656",122,1182,18.9038461538462,81.3076923076923,9.35000000000002,10.35,1,9,9,0,0,0.5,0.571428571428571,0.0714285714285714
168,"Rhinolophus ferrumequinum",46.34474,0.85432,2022-02-03,"gbif","Warm Temperate","Moist","Cropland","Hills","Warm Temperate Moist",112,198,86,"Warm Temperate Moist Cropland on Hills","#70C656",158,1183,16.8576923076923,64.3076923076923,7.85000000000002,8.85000000000002,1,12,14,0,0,0,0,0
168,"Rhinolophus ferrumequinum",44.69732,-0.21957,2022-01-30,"gbif","Warm Temperate","Moist","Cropland","Hills","Warm Temperate Moist",112,198,86,"Warm Temperate Moist Cropland on Hills","#70C656",75,1184,18.2500000000001,88.5384615384615,9.35000000000002,10.35,1,14,14,0,0,0,0,0
168,"Rhinolophus ferrumequinum",44.42748,-0.20421,2022-06-16,"gbif","Warm Temperate","Moist","Cropland","Hills","Warm Temperate Moist",112,198,86,"Warm Temperate Moist Cropland on Hills","#70C656",85,1185,18.6038461538462,91,9.35000000000002,10.35,1,9,9,0,0,0.857142857142857,0.857142857142857,0
168,"Rhinolophus ferrumequinum",43.1548869906,2.1603706179,2026-04-16,"inat","Warm Temperate","Moist","Cropland","Hills","Warm Temperate Moist",112,198,86,"Warm Temperate Moist Cropland on Hills","#70C656",335,1186,17.2038461538462,70.0769230769231,8.95000000000005,10.05,1.09999999999997,8,8,0,0,0.5,0.714285714285714,0.214285714285714
168,"Rhinolophus ferrumequinum",44.53952,0.67107,2022-04-26,"gbif","Warm Temperate","Moist","Cropland","Hills","Warm Temperate Moist",112,198,86,"Warm Temperate Moist Cropland on Hills","#70C656",99,1187,18.45,72.3076923076923,9.05000000000001,10.05,1,12,12,0,0,0,0,0
168,"Barbastella barbastellus",46.78956,0.57442,2022-01-22,"gbif","Warm Temperate","Moist","Cropland","Hills","Warm Temperate Moist",112,198,86,"Warm Temperate Moist Cropland on Hills","#70C656",91,1188,17.1346153846154,53.8461538461538,8.05000000000001,8.95000000000005,0.900000000000034,12,12,0,0,0,0,0
168,"Rhinolophus ferrumequinum",44.69732,-0.21957,2022-01-30,"gbif","Warm Temperate","Moist","Cropland","Hills","Warm Temperate Moist",112,198,86,"Warm Temperate Moist Cropland on Hills","#70C656",75,1189,18.2500000000001,88.5384615384615,9.35000000000002,10.35,1,14,14,0,0,0,0,0
168,"Rhinolophus ferrumequinum",45.6075,0.1127,2022-01-10,"gbif","Warm Temperate","Moist","Cropland","Hills","Warm Temperate Moist",112,198,86,"Warm Temperate Moist Cropland on Hills","#70C656",62,1190,17.6346153846154,75.2307692307692,8.65000000000003,9.65000000000003,1,13,13,0,0,0.285714285714286,0.357142857142857,0.0714285714285715
168,"Rhinolophus ferrumequinum",44.90453,0.90939,2022-06-28,"gbif","Warm Temperate","Moist","Cropland","Hills","Warm Temperate Moist",112,198,86,"Warm Temperate Moist Cropland on Hills","#70C656",78,1191,18.2576923076924,72.3076923076923,9.15000000000003,10.15,1,9,9,0,0,0.8,0.866666666666667,0.0666666666666667
168,"Rhinolophus ferrumequinum",44.77964,-0.47733,2022-01-30,"gbif","Warm Temperate","Moist","Cropland","Hills","Warm Temperate Moist",112,198,86,"Warm Temperate Moist Cropland on Hills","#70C656",59,1192,18.3115384615385,92.0769230769231,9.45000000000005,10.45,1,9,9,0,0,0.857142857142857,0.928571428571429,0.0714285714285715
168,"Rhinolophus ferrumequinum",44.87348,-0.3564,2022-01-30,"gbif","Warm Temperate","Moist","Cropland","Hills","Warm Temperate Moist",112,198,86,"Warm Temperate Moist Cropland on Hills","#70C656",48,1193,18.2192307692308,85.2307692307692,9.45000000000005,10.45,1,14,14,0,0,0.8,0.6,-0.2
168,"Rhinolophus ferrumequinum",44.17106,0.31082,2022-04-14,"gbif","Warm Temperate","Moist","Cropland","Hills","Warm Temperate Moist",112,198,86,"Warm Temperate Moist Cropland on Hills","#70C656",60,1194,19.0192307692308,72.9230769230769,9.55000000000001,10.65,1.10000000000002,12,12,0,0,0,0,0
168,"Rhinolophus ferrumequinum",46.69673,0.44764,2022-06-17,"gbif","Warm Temperate","Moist","Cropland","Hills","Warm Temperate Moist",112,198,86,"Warm Temperate Moist Cropland on Hills","#70C656",85,1195,16.9653846153847,55.5384615384615,7.95000000000005,8.95000000000005,1,12,12,0,0,0.0714285714285714,0.285714285714286,0.214285714285714
168,"Rhinolophus ferrumequinum",44.0811,0.31507,2022-06-29,"gbif","Warm Temperate","Moist","Cropland","Hills","Warm Temperate Moist",112,198,86,"Warm Temperate Moist Cropland on Hills","#70C656",88,1196,19.1269230769231,71.9230769230769,9.55000000000001,10.65,1.10000000000002,12,12,0,0,0,0,0
168,"Rhinolophus ferrumequinum",44.711807,-0.384907,2026-01-31,"gbif","Warm Temperate","Moist","Cropland","Hills","Warm Temperate Moist",112,198,86,"Warm Temperate Moist Cropland on Hills","#70C656",58,1197,18.4192307692308,91.1538461538462,9.45000000000005,10.45,1,14,14,0,0,0.285714285714286,0.571428571428571,0.285714285714286
168,"Rhinolophus ferrumequinum",45.6075,0.1127,2022-01-12,"gbif","Warm Temperate","Moist","Cropland","Hills","Warm Temperate Moist",112,198,86,"Warm Temperate Moist Cropland on Hills","#70C656",62,1198,17.6346153846154,75.2307692307692,8.65000000000003,9.65000000000003,1,13,13,0,0,0.285714285714286,0.357142857142857,0.0714285714285715
168,"Rhinolophus ferrumequinum",44.77964,-0.47733,2022-09-22,"gbif","Warm Temperate","Moist","Cropland","Hills","Warm Temperate Moist",112,198,86,"Warm Temperate Moist Cropland on Hills","#70C656",59,1199,18.3115384615385,92.0769230769231,9.45000000000005,10.45,1,9,9,0,0,0.857142857142857,0.928571428571429,0.0714285714285715
168,"Rhinolophus ferrumequinum",46.70479,0.84009,2022-02-12,"gbif","Warm Temperate","Moist","Cropland","Hills","Warm Temperate Moist",112,198,86,"Warm Temperate Moist Cropland on Hills","#70C656",91,1200,17.1038461538462,54.8461538461538,7.95000000000005,8.95000000000005,1,14,14,0,0,0.285714285714286,0.285714285714286,0
168,"Rhinolophus ferrumequinum",46.23046,-0.17984,2022-01-21,"gbif","Warm Temperate","Moist","Cropland","Hills","Warm Temperate Moist",112,198,86,"Warm Temperate Moist Cropland on Hills","#70C656",122,1201,16.7576923076923,76.3076923076923,8.15000000000003,9.15000000000003,1,12,12,0,0,0,0,0
168,"Barbastella barbastellus",47.77341,0.26241,2022-02-12,"gbif","Warm Temperate","Moist","Cropland","Hills","Warm Temperate Moist",112,198,86,"Warm Temperate Moist Cropland on Hills","#70C656",67,1202,16.3884615384616,57.3846153846154,7.75000000000006,8.65000000000003,0.899999999999977,14,14,0,0,0.533333333333333,0.6,0.0666666666666667
168,"Rhinolophus ferrumequinum",47.809489,0.561616,2026-02-07,"gbif","Warm Temperate","Moist","Cropland","Hills","Warm Temperate Moist",112,198,86,"Warm Temperate Moist Cropland on Hills","#70C656",100,1203,16.2115384615385,56.6153846153846,7.55000000000001,8.45000000000005,0.900000000000034,12,12,0,0,0,0,0
168,"Rhinolophus ferrumequinum",44.87348,-0.3564,2022-01-29,"gbif","Warm Temperate","Moist","Cropland","Hills","Warm Temperate Moist",112,198,86,"Warm Temperate Moist Cropland on Hills","#70C656",48,1204,18.2192307692308,85.2307692307692,9.45000000000005,10.45,1,14,14,0,0,0.8,0.6,-0.2
168,"Rhinolophus ferrumequinum",48.1980532065,-2.2560393237,2025-05-04,"inat","Warm Temperate","Moist","Cropland","Hills","Warm Temperate Moist",112,198,86,"Warm Temperate Moist Cropland on Hills","#70C656",123,1205,15.4884615384616,69.0769230769231,8.15000000000003,8.85000000000002,0.699999999999989,14,14,0,0,0,0,0
168,"Rhinolophus ferrumequinum",45.45305,1.40065,2022-01-01,"gbif","Warm Temperate","Moist","Cropland","Hills","Warm Temperate Moist",112,198,86,"Warm Temperate Moist Cropland on Hills","#70C656",366,1206,15.8423076923077,98.0769230769231,7.25000000000006,8.25000000000006,1,9,9,0,0,1,1,0
168,"Rhinolophus ferrumequinum",46.74891,0.310572,2024-10-27,"gbif","Warm Temperate","Moist","Cropland","Hills","Warm Temperate Moist",112,198,86,"Warm Temperate Moist Cropland on Hills","#70C656",109,1207,16.7730769230769,54.7692307692308,7.85000000000002,8.85000000000002,1,12,12,0,0,0,0,0
168,"Barbastella barbastellus",47.096919,-1.20573,2024-04-30,"gbif","Warm Temperate","Moist","Cropland","Hills","Warm Temperate Moist",112,198,86,"Warm Temperate Moist Cropland on Hills","#70C656",50,1208,16.5884615384616,83.6153846153846,8.45000000000005,9.25000000000006,0.800000000000011,14,14,0,0,0.0714285714285714,0.0714285714285714,0
168,"Rhinolophus ferrumequinum",43.530493,3.470122,2025-06-28,"gbif","Warm Temperate","Moist","Cropland","Hills","Warm Temperate Moist",112,198,86,"Warm Temperate Moist Cropland on Hills","#70C656",26,1209,18.5192307692308,32.6923076923077,11.2500000000001,12.45,1.19999999999999,9,9,0,0,0.785714285714286,0.714285714285714,-0.0714285714285714
168,"Rhinolophus ferrumequinum",45.7698194106,0.0494825345,2026-02-17,"inat","Warm Temperate","Moist","Cropland","Hills","Warm Temperate Moist",112,198,86,"Warm Temperate Moist Cropland on Hills","#70C656",76,1210,17.4423076923077,75.2307692307692,8.45000000000005,9.45000000000005,1,12,12,0,0,0,0,0
168,"Rhinolophus ferrumequinum",47.11515,0.395167,2021-01-25,"gbif","Warm Temperate","Moist","Cropland","Hills","Warm Temperate Moist",112,198,86,"Warm Temperate Moist Cropland on Hills","#70C656",69,1211,16.8961538461539,56.6153846153846,8.05000000000001,8.95000000000005,0.900000000000034,12,12,0,0,0,0,0
168,"Rhinolophus ferrumequinum",45.70379,0.36487,2022-01-18,"gbif","Warm Temperate","Moist","Cropland","Hills","Warm Temperate Moist",112,198,86,"Warm Temperate Moist Cropland on Hills","#70C656",114,1212,17.2269230769231,78.2307692307692,8.45000000000005,9.45000000000005,1,9,9,0,0,0.928571428571429,0.928571428571429,0
168,"Rhinolophus ferrumequinum",45.31527,-0.63853,2022-06-22,"gbif","Warm Temperate","Moist","Cropland","Hills","Warm Temperate Moist",112,198,86,"Warm Temperate Moist Cropland on Hills","#70C656",7,1213,17.8576923076923,79.7692307692308,9.75000000000006,10.7500000000001,1,14,14,0,0,0,0,0
168,"Barbastella barbastellus",43.122104,0.931098,2023-10-16,"gbif","Warm Temperate","Moist","Cropland","Hills","Warm Temperate Moist",112,198,86,"Warm Temperate Moist Cropland on Hills","#70C656",302,1214,17.973076923077,87.0769230769231,9.15000000000003,10.2500000000001,1.10000000000002,9,10,0,0,0.642857142857143,0.642857142857143,0
168,"Barbastella barbastellus",48.49283,0.22488,2023-05-16,"gbif","Warm Temperate","Moist","Cropland","Hills","Warm Temperate Moist",112,198,86,"Warm Temperate Moist Cropland on Hills","#70C656",144,1215,15.2269230769231,59.4615384615385,7.05000000000001,7.85000000000002,0.800000000000011,14,14,0,0,0.357142857142857,0.357142857142857,0
168,"Rhinolophus ferrumequinum",45.7095,5.37821,2022-05-10,"gbif","Warm Temperate","Moist","Cropland","Hills","Warm Temperate Moist",112,198,86,"Warm Temperate Moist Cropland on Hills","#70C656",268,1216,16.8346153846154,82.3076923076923,6.85000000000002,8.15000000000003,1.30000000000001,14,14,0,0,0.428571428571429,0.0714285714285714,-0.357142857142857
168,"Rhinolophus ferrumequinum",45.7095,5.37821,2022-05-10,"gbif","Warm Temperate","Moist","Cropland","Hills","Warm Temperate Moist",112,198,86,"Warm Temperate Moist Cropland on Hills","#70C656",268,1217,16.8346153846154,82.3076923076923,6.85000000000002,8.15000000000003,1.30000000000001,14,14,0,0,0.428571428571429,0.0714285714285714,-0.357142857142857
168,"Barbastella barbastellus",45.3438,0.38191,2022-01-31,"gbif","Warm Temperate","Moist","Cropland","Hills","Warm Temperate Moist",112,198,86,"Warm Temperate Moist Cropland on Hills","#70C656",120,1218,17.5115384615385,81.6923076923077,8.65000000000003,9.65000000000003,1,12,12,0,0,0,0,0
168,"Rhinolophus ferrumequinum",44.69732,-0.21957,2022-02-08,"gbif","Warm Temperate","Moist","Cropland","Hills","Warm Temperate Moist",112,198,86,"Warm Temperate Moist Cropland on Hills","#70C656",75,1219,18.2500000000001,88.5384615384615,9.35000000000002,10.35,1,14,14,0,0,0,0,0
168,"Rhinolophus ferrumequinum",44.0811,0.31507,2022-07-29,"gbif","Warm Temperate","Moist","Cropland","Hills","Warm Temperate Moist",112,198,86,"Warm Temperate Moist Cropland on Hills","#70C656",88,1220,19.1269230769231,71.9230769230769,9.55000000000001,10.65,1.10000000000002,12,12,0,0,0,0,0
168,"Rhinolophus ferrumequinum",45.60413,-0.0155,2022-01-23,"gbif","Warm Temperate","Moist","Cropland","Hills","Warm Temperate Moist",112,198,86,"Warm Temperate Moist Cropland on Hills","#70C656",40,1221,17.8115384615385,70.8461538461538,8.75000000000006,9.75000000000006,1,14,14,0,0,0,0,0
168,"Barbastella barbastellus",48.49283,0.22488,2023-08-31,"gbif","Warm Temperate","Moist","Cropland","Hills","Warm Temperate Moist",112,198,86,"Warm Temperate Moist Cropland on Hills","#70C656",144,1222,15.2269230769231,59.4615384615385,7.05000000000001,7.85000000000002,0.800000000000011,14,14,0,0,0.357142857142857,0.357142857142857,0
168,"Rhinolophus ferrumequinum",43.9222816788,4.5738119255,2026-04-21,"inat","Warm Temperate","Moist","Cropland","Hills","Warm Temperate Moist",112,198,86,"Warm Temperate Moist Cropland on Hills","#70C656",17,1223,20.2653846153847,37.7692307692308,10.35,11.65,1.30000000000001,12,12,0,0,0.307692307692308,0.307692307692308,0
168,"Rhinolophus ferrumequinum",44.82102,1.29211,2022-02-09,"gbif","Warm Temperate","Moist","Cropland","Hills","Warm Temperate Moist",112,198,86,"Warm Temperate Moist Cropland on Hills","#70C656",102,1224,18.0115384615385,60.4615384615385,8.85000000000002,9.85000000000002,1,9,9,0,0,1,1,0
168,"Barbastella barbastellus",48.283045,-0.182233,2024-09-28,"gbif","Warm Temperate","Moist","Cropland","Hills","Warm Temperate Moist",112,198,86,"Warm Temperate Moist Cropland on Hills","#70C656",129,1225,15.5346153846154,58.9230769230769,7.35000000000002,8.15000000000003,0.800000000000011,12,12,0,0,0,0,0
168,"Rhinolophus ferrumequinum",43.562491,3.451415,2025-04-17,"gbif","Warm Temperate","Moist","Cropland","Hills","Warm Temperate Moist",112,198,86,"Warm Temperate Moist Cropland on Hills","#70C656",83,1226,18.3192307692308,35,10.65,11.85,1.19999999999999,9,9,0,0,1,1,0
168,"Rhinolophus ferrumequinum",46.5437227211,-0.6004426038,2025-12-27,"inat","Warm Temperate","Moist","Cropland","Hills","Warm Temperate Moist",112,198,86,"Warm Temperate Moist Cropland on Hills","#70C656",83,1227,16.65,75.5384615384615,8.25000000000006,9.15000000000003,0.899999999999977,12,12,0,0,0.0625,0.0625,0
168,"Rhinolophus ferrumequinum",45.3438,0.38191,2023-01-19,"gbif","Warm Temperate","Moist","Cropland","Hills","Warm Temperate Moist",112,198,86,"Warm Temperate Moist Cropland on Hills","#70C656",120,1228,17.5115384615385,81.6923076923077,8.65000000000003,9.65000000000003,1,12,12,0,0,0,0,0
168,"Rhinolophus ferrumequinum",45.61379,0.36915,2022-01-09,"gbif","Warm Temperate","Moist","Cropland","Hills","Warm Temperate Moist",112,198,86,"Warm Temperate Moist Cropland on Hills","#70C656",128,1229,17.1961538461539,78.5384615384615,8.35000000000002,9.35000000000002,1,9,9,0,0,1,1,0
168,"Rhinolophus ferrumequinum",44.77964,-0.47733,2022-01-29,"gbif","Warm Temperate","Moist","Cropland","Hills","Warm Temperate Moist",112,198,86,"Warm Temperate Moist Cropland on Hills","#70C656",59,1230,18.3115384615385,92.0769230769231,9.45000000000005,10.45,1,9,9,0,0,0.857142857142857,0.928571428571429,0.0714285714285715
168,"Rhinolophus ferrumequinum",43.98803,0.19473,2022-04-20,"gbif","Warm Temperate","Moist","Cropland","Hills","Warm Temperate Moist",112,198,86,"Warm Temperate Moist Cropland on Hills","#70C656",132,1231,18.8269230769231,77,9.35000000000002,10.45,1.10000000000002,12,12,0,0,0,0,0
168,"Rhinolophus ferrumequinum",47.77341,0.26241,2022-02-12,"gbif","Warm Temperate","Moist","Cropland","Hills","Warm Temperate Moist",112,198,86,"Warm Temperate Moist Cropland on Hills","#70C656",67,1232,16.3884615384616,57.3846153846154,7.75000000000006,8.65000000000003,0.899999999999977,14,14,0,0,0.533333333333333,0.6,0.0666666666666667
168,"Rhinolophus ferrumequinum",46.48878,-0.58637,2022-01-19,"gbif","Warm Temperate","Moist","Cropland","Hills","Warm Temperate Moist",112,198,86,"Warm Temperate Moist Cropland on Hills","#70C656",82,1233,16.7269230769231,75.6923076923077,8.35000000000002,9.25000000000006,0.900000000000034,12,12,0,0,0,0,0
168,"Rhinolophus ferrumequinum",46.66868,-0.59825,2022-06-16,"gbif","Warm Temperate","Moist","Cropland","Hills","Warm Temperate Moist",112,198,86,"Warm Temperate Moist Cropland on Hills","#70C656",188,1234,16.0192307692308,76.4615384615385,7.75000000000006,8.65000000000003,0.899999999999977,12,12,0,0,0,0,0
168,"Rhinolophus ferrumequinum",44.90453,0.90939,2022-06-28,"gbif","Warm Temperate","Moist","Cropland","Hills","Warm Temperate Moist",112,198,86,"Warm Temperate Moist Cropland on Hills","#70C656",78,1235,18.2576923076924,72.3076923076923,9.15000000000003,10.15,1,9,9,0,0,0.8,0.866666666666667,0.0666666666666667
168,"Rhinolophus ferrumequinum",45.3438,0.38191,2022-01-31,"gbif","Warm Temperate","Moist","Cropland","Hills","Warm Temperate Moist",112,198,86,"Warm Temperate Moist Cropland on Hills","#70C656",120,1236,17.5115384615385,81.6923076923077,8.65000000000003,9.65000000000003,1,12,12,0,0,0,0,0
168,"Rhinolophus ferrumequinum",46.94256,-0.48489,2022-01-20,"gbif","Warm Temperate","Moist","Cropland","Hills","Warm Temperate Moist",112,198,86,"Warm Temperate Moist Cropland on Hills","#70C656",129,1237,16.3653846153846,62.9230769230769,7.95000000000005,8.85000000000002,0.899999999999977,12,12,0,0,0.0666666666666667,0,-0.0666666666666667
168,"Barbastella barbastellus",48.8927112522,-0.0200723608,2022-12-07,"inat","Warm Temperate","Moist","Cropland","Hills","Warm Temperate Moist",112,198,86,"Warm Temperate Moist Cropland on Hills","#70C656",85,1238,15.5038461538462,59.8461538461538,7.55000000000001,8.35000000000002,0.800000000000011,12,12,0,0,0,0,0
168,"Rhinolophus ferrumequinum",44.69732,-0.21957,2022-01-27,"gbif","Warm Temperate","Moist","Cropland","Hills","Warm Temperate Moist",112,198,86,"Warm Temperate Moist Cropland on Hills","#70C656",75,1239,18.2500000000001,88.5384615384615,9.35000000000002,10.35,1,14,14,0,0,0,0,0
168,"Barbastella barbastellus",48.78948,1.843,2023-07-11,"gbif","Warm Temperate","Moist","Cropland","Hills","Warm Temperate Moist",112,198,86,"Warm Temperate Moist Cropland on Hills","#70C656",83,1240,15.9576923076924,46.7692307692308,7.15000000000003,8.05000000000001,0.899999999999977,12,12,0,0,0,0,0
168,"Rhinolophus ferrumequinum",45.43379,0.37767,2022-01-18,"gbif","Warm Temperate","Moist","Cropland","Hills","Warm Temperate Moist",112,198,86,"Warm Temperate Moist Cropland on Hills","#70C656",131,1241,17.3346153846154,82.4615384615385,8.45000000000005,9.45000000000005,1,12,12,0,0,0,0,0
168,"Rhinolophus ferrumequinum",45.97069,0.22288,2022-06-16,"gbif","Warm Temperate","Moist","Cropland","Hills","Warm Temperate Moist",112,198,86,"Warm Temperate Moist Cropland on Hills","#70C656",99,1242,17.1423076923077,74.6923076923077,8.35000000000002,9.35000000000002,1,12,12,0,0,0,0,0
168,"Rhinolophus ferrumequinum",47.2092894958,-0.0278932256,2026-03-08,"inat","Warm Temperate","Moist","Cropland","Hills","Warm Temperate Moist",112,198,86,"Warm Temperate Moist Cropland on Hills","#70C656",60,1243,16.8423076923077,60.5384615384615,8.15000000000003,9.05000000000001,0.899999999999977,14,9,0,0,0.133333333333333,0.333333333333333,0.2
168,"Rhinolophus ferrumequinum",44.77964,-0.47733,2022-06-13,"gbif","Warm Temperate","Moist","Cropland","Hills","Warm Temperate Moist",112,198,86,"Warm Temperate Moist Cropland on Hills","#70C656",59,1244,18.3115384615385,92.0769230769231,9.45000000000005,10.45,1,9,9,0,0,0.857142857142857,0.928571428571429,0.0714285714285715
168,"Rhinolophus ferrumequinum",44.43779,0.17242,2023-02-11,"gbif","Warm Temperate","Moist","Cropland","Hills","Warm Temperate Moist",112,198,86,"Warm Temperate Moist Cropland on Hills","#70C656",66,1245,18.6807692307693,75.5384615384615,9.35000000000002,10.35,1,12,12,0,0,0,0,0
168,"Barbastella barbastellus",47.04377,-0.09596,2022-02-08,"gbif","Warm Temperate","Moist","Cropland","Hills","Warm Temperate Moist",112,198,86,"Warm Temperate Moist Cropland on Hills","#70C656",42,1246,17.0807692307692,56.4615384615385,8.25000000000006,9.15000000000003,0.899999999999977,12,12,0,0,0,0,0
168,"Rhinolophus ferrumequinum",47.115191,0.394907,2021-01-25,"gbif","Warm Temperate","Moist","Cropland","Hills","Warm Temperate Moist",112,198,86,"Warm Temperate Moist Cropland on Hills","#70C656",66,1247,16.8961538461539,56.6153846153846,8.05000000000001,8.95000000000005,0.900000000000034,12,12,0,0,0,0,0
168,"Rhinolophus ferrumequinum",46.892756,3.721682,2025-05-04,"gbif","Warm Temperate","Moist","Cropland","Hills","Warm Temperate Moist",112,198,86,"Warm Temperate Moist Cropland on Hills","#70C656",212,1248,16.5884615384616,63.9230769230769,6.85000000000002,7.95000000000005,1.10000000000002,10,10,0,0,0.466666666666667,0.466666666666667,0
168,"Barbastella barbastellus",47.815735,-2.717022,2025-04-23,"gbif","Warm Temperate","Moist","Cropland","Hills","Warm Temperate Moist",112,198,86,"Warm Temperate Moist Cropland on Hills","#70C656",114,1249,15.3961538461539,74.2307692307692,8.65000000000003,9.35000000000002,0.699999999999989,14,14,0,0,0,0,0
168,"Barbastella barbastellus",44.17106,0.31082,2023-02-24,"gbif","Warm Temperate","Moist","Cropland","Hills","Warm Temperate Moist",112,198,86,"Warm Temperate Moist Cropland on Hills","#70C656",60,1250,19.0192307692308,72.9230769230769,9.55000000000001,10.65,1.10000000000002,12,12,0,0,0,0,0
168,"Rhinolophus ferrumequinum",47.04377,-0.09596,2022-02-02,"gbif","Warm Temperate","Moist","Cropland","Hills","Warm Temperate Moist",112,198,86,"Warm Temperate Moist Cropland on Hills","#70C656",42,1251,17.0807692307692,56.4615384615385,8.25000000000006,9.15000000000003,0.899999999999977,12,12,0,0,0,0,0
168,"Rhinolophus ferrumequinum",44.89384,0.40291,2022-07-19,"gbif","Warm Temperate","Moist","Cropland","Hills","Warm Temperate Moist",112,198,86,"Warm Temperate Moist Cropland on Hills","#70C656",90,1252,18.1269230769231,81.9230769230769,9.05000000000001,10.05,1,9,9,0,0,1,1,0
168,"Barbastella barbastellus",47.2856631749,1.1646481015,2005-08-27,"inat","Warm Temperate","Moist","Cropland","Hills","Warm Temperate Moist",112,198,86,"Warm Temperate Moist Cropland on Hills","#70C656",132,1253,16.6192307692308,55.6923076923077,7.55000000000001,8.55000000000001,1,12,12,0,0,0.0666666666666667,0.133333333333333,0.0666666666666667
168,"Barbastella barbastellus",45.8366858303,1.3190397609,2025-04-06,"inat","Warm Temperate","Moist","Cropland","Hills","Warm Temperate Moist",112,198,86,"Warm Temperate Moist Cropland on Hills","#70C656",309,1254,15.9346153846154,90.6153846153846,7.15000000000003,8.15000000000003,1,9,9,0,0,0.933333333333333,0.933333333333333,0
168,"Rhinolophus ferrumequinum",43.98803,0.19473,2022-07-01,"gbif","Warm Temperate","Moist","Cropland","Hills","Warm Temperate Moist",112,198,86,"Warm Temperate Moist Cropland on Hills","#70C656",132,1255,18.8269230769231,77,9.35000000000002,10.45,1.10000000000002,12,12,0,0,0,0,0
168,"Barbastella barbastellus",48.49283,0.22488,2023-05-16,"gbif","Warm Temperate","Moist","Cropland","Hills","Warm Temperate Moist",112,198,86,"Warm Temperate Moist Cropland on Hills","#70C656",144,1256,15.2269230769231,59.4615384615385,7.05000000000001,7.85000000000002,0.800000000000011,14,14,0,0,0.357142857142857,0.357142857142857,0
168,"Rhinolophus ferrumequinum",46.06068,0.21833,2022-01-22,"gbif","Warm Temperate","Moist","Cropland","Hills","Warm Temperate Moist",112,198,86,"Warm Temperate Moist Cropland on Hills","#70C656",121,1257,16.8961538461539,74.7692307692308,8.15000000000003,9.15000000000003,1,12,12,0,0,0.0625,0.0625,0
168,"Rhinolophus ferrumequinum",46.23046,-0.17984,2022-01-20,"gbif","Warm Temperate","Moist","Cropland","Hills","Warm Temperate Moist",112,198,86,"Warm Temperate Moist Cropland on Hills","#70C656",122,1258,16.7576923076923,76.3076923076923,8.15000000000003,9.15000000000003,1,12,12,0,0,0,0,0
168,"Rhinolophus ferrumequinum",44.0811,0.31507,2023-06-26,"gbif","Warm Temperate","Moist","Cropland","Hills","Warm Temperate Moist",112,198,86,"Warm Temperate Moist Cropland on Hills","#70C656",88,1259,19.1269230769231,71.9230769230769,9.55000000000001,10.65,1.10000000000002,12,12,0,0,0,0,0
168,"Barbastella barbastellus",43.58005,-1.27203,2022-03-25,"gbif","Warm Temperate","Moist","Cropland","Hills","Warm Temperate Moist",112,198,86,"Warm Temperate Moist Cropland on Hills","#70C656",41,1260,18.2576923076924,141.307692307692,11.15,12.15,1,14,14,0,0,0.428571428571429,0.428571428571429,0
168,"Rhinolophus ferrumequinum",48.97492,2.9317,2022-08-11,"gbif","Warm Temperate","Moist","Cropland","Hills","Warm Temperate Moist",112,198,86,"Warm Temperate Moist Cropland on Hills","#70C656",61,1261,16.1653846153847,54.5384615384615,7.05000000000001,8.05000000000001,1,12,12,0,0,0,0,0
168,"Rhinolophus ferrumequinum",44.32201,1.178338,2025-01-12,"gbif","Warm Temperate","Moist","Cropland","Hills","Warm Temperate Moist",112,198,86,"Warm Temperate Moist Cropland on Hills","#70C656",137,1262,18.2961538461539,65.2307692307692,9.05000000000001,10.05,1,12,14,0,0,0,0,0
168,"Rhinolophus ferrumequinum",45.7095,5.37821,2022-05-10,"gbif","Warm Temperate","Moist","Cropland","Hills","Warm Temperate Moist",112,198,86,"Warm Temperate Moist Cropland on Hills","#70C656",268,1263,16.8346153846154,82.3076923076923,6.85000000000002,8.15000000000003,1.30000000000001,14,14,0,0,0.428571428571429,0.0714285714285714,-0.357142857142857
168,"Rhinolophus ferrumequinum",46.85261,-0.4791,2022-01-19,"gbif","Warm Temperate","Moist","Cropland","Hills","Warm Temperate Moist",112,198,86,"Warm Temperate Moist Cropland on Hills","#70C656",171,1264,16.1115384615385,66.0769230769231,7.75000000000006,8.65000000000003,0.899999999999977,12,12,0,0,0.133333333333333,0.0666666666666667,-0.0666666666666667
168,"Rhinolophus ferrumequinum",44.45211,0.8004,2022-10-05,"gbif","Warm Temperate","Moist","Cropland","Hills","Warm Temperate Moist",112,198,86,"Warm Temperate Moist Cropland on Hills","#70C656",120,1265,18.3115384615385,71.3846153846154,8.95000000000005,9.95000000000005,1,12,14,0,0,0,0,0
168,"Rhinolophus ferrumequinum",47.066678,0.018931,2025-01-29,"gbif","Warm Temperate","Moist","Cropland","Hills","Warm Temperate Moist",112,198,86,"Warm Temperate Moist Cropland on Hills","#70C656",46,1266,17.0961538461539,55.2307692307692,8.25000000000006,9.15000000000003,0.899999999999977,12,12,0,0,0,0,0
168,"Rhinolophus ferrumequinum",45.31527,-0.63853,2022-01-28,"gbif","Warm Temperate","Moist","Cropland","Hills","Warm Temperate Moist",112,198,86,"Warm Temperate Moist Cropland on Hills","#70C656",7,1267,17.8576923076923,79.7692307692308,9.75000000000006,10.7500000000001,1,14,14,0,0,0,0,0
168,"Rhinolophus ferrumequinum",44.17106,0.31082,2022-04-14,"gbif","Warm Temperate","Moist","Cropland","Hills","Warm Temperate Moist",112,198,86,"Warm Temperate Moist Cropland on Hills","#70C656",60,1268,19.0192307692308,72.9230769230769,9.55000000000001,10.65,1.10000000000002,12,12,0,0,0,0,0
168,"Rhinolophus ferrumequinum",46.23046,-0.17984,2022-06-13,"gbif","Warm Temperate","Moist","Cropland","Hills","Warm Temperate Moist",112,198,86,"Warm Temperate Moist Cropland on Hills","#70C656",122,1269,16.7576923076923,76.3076923076923,8.15000000000003,9.15000000000003,1,12,12,0,0,0,0,0
168,"Rhinolophus ferrumequinum",43.98476,0.07016,2022-04-21,"gbif","Warm Temperate","Moist","Cropland","Hills","Warm Temperate Moist",112,198,86,"Warm Temperate Moist Cropland on Hills","#70C656",122,1270,18.9038461538462,81.3076923076923,9.35000000000002,10.35,1,9,9,0,0,0.5,0.571428571428571,0.0714285714285714
168,"Rhinolophus ferrumequinum",46.8565,-0.34797,2022-06-15,"gbif","Warm Temperate","Moist","Cropland","Hills","Warm Temperate Moist",112,198,86,"Warm Temperate Moist Cropland on Hills","#70C656",161,1271,16.2653846153847,65.4615384615385,7.75000000000006,8.65000000000003,0.899999999999977,12,12,0,0,0,0,0
168,"Rhinolophus ferrumequinum",45.76913,-0.53964,2022-01-29,"gbif","Warm Temperate","Moist","Cropland","Hills","Warm Temperate Moist",112,198,86,"Warm Temperate Moist Cropland on Hills","#70C656",71,1272,17.3961538461539,75.6153846153846,8.85000000000002,9.85000000000002,1,12,12,0,0,0.0666666666666667,0,-0.0666666666666667
168,"Barbastella barbastellus",43.8334076876,2.2228730325,2026-02-15,"inat","Warm Temperate","Moist","Cropland","Hills","Warm Temperate Moist",112,198,86,"Warm Temperate Moist Cropland on Hills","#70C656",271,1273,17.25,88.1538461538462,8.65000000000003,9.65000000000003,1,12,12,0,0,0,0,0
168,"Rhinolophus ferrumequinum",43.98803,0.19473,2022-03-01,"gbif","Warm Temperate","Moist","Cropland","Hills","Warm Temperate Moist",112,198,86,"Warm Temperate Moist Cropland on Hills","#70C656",132,1274,18.8269230769231,77,9.35000000000002,10.45,1.10000000000002,12,12,0,0,0,0,0
168,"Rhinolophus ferrumequinum",46.78956,0.57442,2022-01-22,"gbif","Warm Temperate","Moist","Cropland","Hills","Warm Temperate Moist",112,198,86,"Warm Temperate Moist Cropland on Hills","#70C656",91,1275,17.1346153846154,53.8461538461538,8.05000000000001,8.95000000000005,0.900000000000034,12,12,0,0,0,0,0
168,"Rhinolophus ferrumequinum",45.43379,0.37767,2022-09-13,"gbif","Warm Temperate","Moist","Cropland","Hills","Warm Temperate Moist",112,198,86,"Warm Temperate Moist Cropland on Hills","#70C656",131,1276,17.3346153846154,82.4615384615385,8.45000000000005,9.45000000000005,1,12,12,0,0,0,0,0
168,"Barbastella barbastellus",48.49283,0.22488,2023-08-31,"gbif","Warm Temperate","Moist","Cropland","Hills","Warm Temperate Moist",112,198,86,"Warm Temperate Moist Cropland on Hills","#70C656",144,1277,15.2269230769231,59.4615384615385,7.05000000000001,7.85000000000002,0.800000000000011,14,14,0,0,0.357142857142857,0.357142857142857,0
168,"Rhinolophus ferrumequinum",45.7095,5.37821,2022-05-10,"gbif","Warm Temperate","Moist","Cropland","Hills","Warm Temperate Moist",112,198,86,"Warm Temperate Moist Cropland on Hills","#70C656",268,1278,16.8346153846154,82.3076923076923,6.85000000000002,8.15000000000003,1.30000000000001,14,14,0,0,0.428571428571429,0.0714285714285714,-0.357142857142857
168,"Rhinolophus ferrumequinum",43.73314,0.416167,2024-02-10,"gbif","Warm Temperate","Moist","Cropland","Hills","Warm Temperate Moist",112,198,86,"Warm Temperate Moist Cropland on Hills","#70C656",157,1279,18.3961538461539,74.2307692307692,9.35000000000002,10.45,1.10000000000002,12,12,0,0,0,0,0
168,"Rhinolophus ferrumequinum",44.17106,0.31082,2023-03-16,"gbif","Warm Temperate","Moist","Cropland","Hills","Warm Temperate Moist",112,198,86,"Warm Temperate Moist Cropland on Hills","#70C656",60,1280,19.0192307692308,72.9230769230769,9.55000000000001,10.65,1.10000000000002,12,12,0,0,0,0,0
168,"Rhinolophus ferrumequinum",45.31527,-0.63853,2022-06-22,"gbif","Warm Temperate","Moist","Cropland","Hills","Warm Temperate Moist",112,198,86,"Warm Temperate Moist Cropland on Hills","#70C656",7,1281,17.8576923076923,79.7692307692308,9.75000000000006,10.7500000000001,1,14,14,0,0,0,0,0
168,"Barbastella barbastellus",44.0811,0.31507,2023-06-26,"gbif","Warm Temperate","Moist","Cropland","Hills","Warm Temperate Moist",112,198,86,"Warm Temperate Moist Cropland on Hills","#70C656",88,1282,19.1269230769231,71.9230769230769,9.55000000000001,10.65,1.10000000000002,12,12,0,0,0,0,0
168,"Barbastella barbastellus",44.0811,0.31507,2023-01-26,"gbif","Warm Temperate","Moist","Cropland","Hills","Warm Temperate Moist",112,198,86,"Warm Temperate Moist Cropland on Hills","#70C656",88,1283,19.1269230769231,71.9230769230769,9.55000000000001,10.65,1.10000000000002,12,12,0,0,0,0,0
168,"Rhinolophus ferrumequinum",46.70479,0.84009,2022-07-01,"gbif","Warm Temperate","Moist","Cropland","Hills","Warm Temperate Moist",112,198,86,"Warm Temperate Moist Cropland on Hills","#70C656",91,1284,17.1038461538462,54.8461538461538,7.95000000000005,8.95000000000005,1,14,14,0,0,0.285714285714286,0.285714285714286,0
168,"Rhinolophus ferrumequinum",44.45455,0.92603,2022-04-21,"gbif","Warm Temperate","Moist","Cropland","Hills","Warm Temperate Moist",112,198,86,"Warm Temperate Moist Cropland on Hills","#70C656",79,1285,18.5423076923077,62.7692307692308,9.25000000000006,10.2500000000001,1,14,14,0,0,0,0.0714285714285714,0.0714285714285714
168,"Rhinolophus ferrumequinum",45.60413,-0.0155,2022-01-23,"gbif","Warm Temperate","Moist","Cropland","Hills","Warm Temperate Moist",112,198,86,"Warm Temperate Moist Cropland on Hills","#70C656",40,1286,17.8115384615385,70.8461538461538,8.75000000000006,9.75000000000006,1,14,14,0,0,0,0,0
168,"Rhinolophus ferrumequinum",45.58921,-0.52814,2022-01-30,"gbif","Warm Temperate","Moist","Cropland","Hills","Warm Temperate Moist",112,198,86,"Warm Temperate Moist Cropland on Hills","#70C656",18,1287,17.7961538461539,69.5384615384615,9.25000000000006,10.2500000000001,1,12,12,0,0,0,0,0
168,"Rhinolophus ferrumequinum",45.3438,0.38191,2022-01-31,"gbif","Warm Temperate","Moist","Cropland","Hills","Warm Temperate Moist",112,198,86,"Warm Temperate Moist Cropland on Hills","#70C656",120,1288,17.5115384615385,81.6923076923077,8.65000000000003,9.65000000000003,1,12,12,0,0,0,0,0
168,"Rhinolophus ferrumequinum",45.79378,0.36058,2022-02-21,"gbif","Warm Temperate","Moist","Cropland","Hills","Warm Temperate Moist",112,198,86,"Warm Temperate Moist Cropland on Hills","#70C656",97,1289,17.2423076923077,79.1538461538462,8.45000000000005,9.45000000000005,1,12,12,0,0,0.285714285714286,0.285714285714286,0
168,"Rhinolophus ferrumequinum",44.45211,0.8004,2022-09-29,"gbif","Warm Temperate","Moist","Cropland","Hills","Warm Temperate Moist",112,198,86,"Warm Temperate Moist Cropland on Hills","#70C656",120,1290,18.3115384615385,71.3846153846154,8.95000000000005,9.95000000000005,1,12,14,0,0,0,0,0
168,"Rhinolophus ferrumequinum",44.90453,0.90939,2022-06-28,"gbif","Warm Temperate","Moist","Cropland","Hills","Warm Temperate Moist",112,198,86,"Warm Temperate Moist Cropland on Hills","#70C656",78,1291,18.2576923076924,72.3076923076923,9.15000000000003,10.15,1,9,9,0,0,0.8,0.866666666666667,0.0666666666666667
168,"Rhinolophus ferrumequinum",43.603199,0.564712,2024-02-10,"gbif","Warm Temperate","Moist","Cropland","Hills","Warm Temperate Moist",112,198,86,"Warm Temperate Moist Cropland on Hills","#70C656",145,1292,18.5884615384616,67.1538461538462,9.45000000000005,10.55,1.09999999999997,12,12,0,0,0,0,0
168,"Rhinolophus ferrumequinum",44.53952,0.67107,2022-04-26,"gbif","Warm Temperate","Moist","Cropland","Hills","Warm Temperate Moist",112,198,86,"Warm Temperate Moist Cropland on Hills","#70C656",99,1293,18.45,72.3076923076923,9.05000000000001,10.05,1,12,12,0,0,0,0,0
168,"Barbastella barbastellus",43.771445466,1.1740631118,2024-10-14,"inat","Warm Temperate","Moist","Cropland","Hills","Warm Temperate Moist",112,198,86,"Warm Temperate Moist Cropland on Hills","#70C656",165,1294,18.6576923076923,57.0769230769231,9.45000000000005,10.45,1,12,12,0,0,0,0,0
168,"Rhinolophus ferrumequinum",44.17106,0.31082,2022-11-28,"gbif","Warm Temperate","Moist","Cropland","Hills","Warm Temperate Moist",112,198,86,"Warm Temperate Moist Cropland on Hills","#70C656",60,1295,19.0192307692308,72.9230769230769,9.55000000000001,10.65,1.10000000000002,12,12,0,0,0,0,0
168,"Barbastella barbastellus",44.0526,4.1364,2025-07-27,"gbif","Warm Temperate","Moist","Cropland","Hills","Warm Temperate Moist",112,198,86,"Warm Temperate Moist Cropland on Hills","#70C656",176,1296,18.9576923076924,52.4615384615385,9.15000000000003,10.45,1.30000000000001,9,9,0,0,0.866666666666667,0.933333333333333,0.0666666666666667
168,"Rhinolophus ferrumequinum",45.6075,0.1127,2022-01-12,"gbif","Warm Temperate","Moist","Cropland","Hills","Warm Temperate Moist",112,198,86,"Warm Temperate Moist Cropland on Hills","#70C656",62,1297,17.6346153846154,75.2307692307692,8.65000000000003,9.65000000000003,1,13,13,0,0,0.285714285714286,0.357142857142857,0.0714285714285715
168,"Barbastella barbastellus",48.43511,2.79721,2023-06-07,"gbif","Warm Temperate","Moist","Cropland","Hills","Warm Temperate Moist",112,198,86,"Warm Temperate Moist Cropland on Hills","#70C656",96,1298,16.3423076923077,55.5384615384615,7.05000000000001,8.05000000000001,1,12,12,0,0,0.0666666666666667,0.133333333333333,0.0666666666666667
168,"Barbastella barbastellus",44.0515,4.1345,2025-07-24,"gbif","Warm Temperate","Moist","Cropland","Hills","Warm Temperate Moist",112,198,86,"Warm Temperate Moist Cropland on Hills","#70C656",146,1299,18.9576923076924,52.4615384615385,9.15000000000003,10.45,1.30000000000001,9,9,0,0,0.857142857142857,0.928571428571429,0.0714285714285715
168,"Barbastella barbastellus",48.49283,0.22488,2023-08-31,"gbif","Warm Temperate","Moist","Cropland","Hills","Warm Temperate Moist",112,198,86,"Warm Temperate Moist Cropland on Hills","#70C656",144,1300,15.2269230769231,59.4615384615385,7.05000000000001,7.85000000000002,0.800000000000011,14,14,0,0,0.357142857142857,0.357142857142857,0
168,"Rhinolophus ferrumequinum",46.23046,-0.17984,2022-04-27,"gbif","Warm Temperate","Moist","Cropland","Hills","Warm Temperate Moist",112,198,86,"Warm Temperate Moist Cropland on Hills","#70C656",122,1301,16.7576923076923,76.3076923076923,8.15000000000003,9.15000000000003,1,12,12,0,0,0,0,0
168,"Rhinolophus ferrumequinum",43.8050170138,4.557356094,2026-05-13,"inat","Warm Temperate","Moist","Cropland","Hills","Warm Temperate Moist",112,198,86,"Warm Temperate Moist Cropland on Hills","#70C656",59,1302,20.173076923077,37.2307692307692,10.45,11.7500000000001,1.30000000000001,10,12,0,0,0.133333333333333,0.2,0.0666666666666667
168,"Rhinolophus ferrumequinum",44.53952,0.67107,2022-01-20,"gbif","Warm Temperate","Moist","Cropland","Hills","Warm Temperate Moist",112,198,86,"Warm Temperate Moist Cropland on Hills","#70C656",99,1303,18.45,72.3076923076923,9.05000000000001,10.05,1,12,12,0,0,0,0,0
168,"Rhinolophus ferrumequinum",43.98803,0.19473,2022-04-20,"gbif","Warm Temperate","Moist","Cropland","Hills","Warm Temperate Moist",112,198,86,"Warm Temperate Moist Cropland on Hills","#70C656",132,1304,18.8269230769231,77,9.35000000000002,10.45,1.10000000000002,12,12,0,0,0,0,0
168,"Rhinolophus ferrumequinum",44.69732,-0.21957,2022-01-30,"gbif","Warm Temperate","Moist","Cropland","Hills","Warm Temperate Moist",112,198,86,"Warm Temperate Moist Cropland on Hills","#70C656",75,1305,18.2500000000001,88.5384615384615,9.35000000000002,10.35,1,14,14,0,0,0,0,0
168,"Rhinolophus ferrumequinum",44.90453,0.90939,2022-06-28,"gbif","Warm Temperate","Moist","Cropland","Hills","Warm Temperate Moist",112,198,86,"Warm Temperate Moist Cropland on Hills","#70C656",78,1306,18.2576923076924,72.3076923076923,9.15000000000003,10.15,1,9,9,0,0,0.8,0.866666666666667,0.0666666666666667
168,"Rhinolophus ferrumequinum",43.98803,0.19473,2022-10-17,"gbif","Warm Temperate","Moist","Cropland","Hills","Warm Temperate Moist",112,198,86,"Warm Temperate Moist Cropland on Hills","#70C656",132,1307,18.8269230769231,77,9.35000000000002,10.45,1.10000000000002,12,12,0,0,0,0,0
168,"Rhinolophus ferrumequinum",44.90453,0.90939,2022-06-28,"gbif","Warm Temperate","Moist","Cropland","Hills","Warm Temperate Moist",112,198,86,"Warm Temperate Moist Cropland on Hills","#70C656",78,1308,18.2576923076924,72.3076923076923,9.15000000000003,10.15,1,9,9,0,0,0.8,0.866666666666667,0.0666666666666667
168,"Barbastella barbastellus",45.76913,-0.53964,2022-01-29,"gbif","Warm Temperate","Moist","Cropland","Hills","Warm Temperate Moist",112,198,86,"Warm Temperate Moist Cropland on Hills","#70C656",71,1309,17.3961538461539,75.6153846153846,8.85000000000002,9.85000000000002,1,12,12,0,0,0.0666666666666667,0,-0.0666666666666667
168,"Barbastella barbastellus",43.537753435,-0.1196275755,2025-09-03,"inat","Warm Temperate","Moist","Cropland","Hills","Warm Temperate Moist",112,198,86,"Warm Temperate Moist Cropland on Hills","#70C656",147,1310,18.4653846153847,105,9.65000000000003,10.7500000000001,1.10000000000002,14,14,0,0,0,0,0
168,"Rhinolophus ferrumequinum",45.45305,1.40065,2022-07-11,"gbif","Warm Temperate","Moist","Cropland","Hills","Warm Temperate Moist",112,198,86,"Warm Temperate Moist Cropland on Hills","#70C656",366,1311,15.8423076923077,98.0769230769231,7.25000000000006,8.25000000000006,1,9,9,0,0,1,1,0
168,"Rhinolophus ferrumequinum",43.98803,0.19473,2022-07-01,"gbif","Warm Temperate","Moist","Cropland","Hills","Warm Temperate Moist",112,198,86,"Warm Temperate Moist Cropland on Hills","#70C656",132,1312,18.8269230769231,77,9.35000000000002,10.45,1.10000000000002,12,12,0,0,0,0,0
168,"Barbastella barbastellus",43.771445,1.174063,2024-10-14,"gbif","Warm Temperate","Moist","Cropland","Hills","Warm Temperate Moist",112,198,86,"Warm Temperate Moist Cropland on Hills","#70C656",165,1313,18.6576923076923,57.0769230769231,9.45000000000005,10.45,1,12,12,0,0,0,0,0
168,"Rhinolophus ferrumequinum",43.98476,0.07016,2022-10-17,"gbif","Warm Temperate","Moist","Cropland","Hills","Warm Temperate Moist",112,198,86,"Warm Temperate Moist Cropland on Hills","#70C656",122,1314,18.9038461538462,81.3076923076923,9.35000000000002,10.35,1,9,9,0,0,0.5,0.571428571428571,0.0714285714285714
168,"Rhinolophus ferrumequinum",46.23046,-0.17984,2022-01-20,"gbif","Warm Temperate","Moist","Cropland","Hills","Warm Temperate Moist",112,198,86,"Warm Temperate Moist Cropland on Hills","#70C656",122,1315,16.7576923076923,76.3076923076923,8.15000000000003,9.15000000000003,1,12,12,0,0,0,0,0
168,"Barbastella barbastellus",48.912927,-0.116836,2024-06-28,"gbif","Warm Temperate","Moist","Cropland","Hills","Warm Temperate Moist",112,198,86,"Warm Temperate Moist Cropland on Hills","#70C656",67,1316,15.55,59.6153846153846,7.65000000000003,8.45000000000005,0.800000000000011,12,12,0,0,0,0,0
168,"Rhinolophus ferrumequinum",45.60413,-0.0155,2022-01-23,"gbif","Warm Temperate","Moist","Cropland","Hills","Warm Temperate Moist",112,198,86,"Warm Temperate Moist Cropland on Hills","#70C656",40,1317,17.8115384615385,70.8461538461538,8.75000000000006,9.75000000000006,1,14,14,0,0,0,0,0
168,"Rhinolophus ferrumequinum",44.90453,0.90939,2022-06-28,"gbif","Warm Temperate","Moist","Cropland","Hills","Warm Temperate Moist",112,198,86,"Warm Temperate Moist Cropland on Hills","#70C656",78,1318,18.2576923076924,72.3076923076923,9.15000000000003,10.15,1,9,9,0,0,0.8,0.866666666666667,0.0666666666666667
168,"Rhinolophus ferrumequinum",45.43379,0.37767,2022-01-18,"gbif","Warm Temperate","Moist","Cropland","Hills","Warm Temperate Moist",112,198,86,"Warm Temperate Moist Cropland on Hills","#70C656",131,1319,17.3346153846154,82.4615384615385,8.45000000000005,9.45000000000005,1,12,12,0,0,0,0,0
168,"Rhinolophus ferrumequinum",45.6075,0.1127,2022-01-12,"gbif","Warm Temperate","Moist","Cropland","Hills","Warm Temperate Moist",112,198,86,"Warm Temperate Moist Cropland on Hills","#70C656",62,1320,17.6346153846154,75.2307692307692,8.65000000000003,9.65000000000003,1,13,13,0,0,0.285714285714286,0.357142857142857,0.0714285714285715
168,"Rhinolophus ferrumequinum",45.6075,0.1127,2022-01-12,"gbif","Warm Temperate","Moist","Cropland","Hills","Warm Temperate Moist",112,198,86,"Warm Temperate Moist Cropland on Hills","#70C656",62,1321,17.6346153846154,75.2307692307692,8.65000000000003,9.65000000000003,1,13,13,0,0,0.285714285714286,0.357142857142857,0.0714285714285715
168,"Barbastella barbastellus",46.78373,0.31239,2022-01-26,"gbif","Warm Temperate","Moist","Cropland","Hills","Warm Temperate Moist",112,198,86,"Warm Temperate Moist Cropland on Hills","#70C656",83,1322,16.9423076923077,53.7692307692308,7.95000000000005,8.95000000000005,1,14,14,0,0,0,0,0
168,"Rhinolophus ferrumequinum",43.21419,2.93851,2022-04-27,"gbif","Warm Temperate","Moist","Cropland","Hills","Warm Temperate Moist",112,198,86,"Warm Temperate Moist Cropland on Hills","#70C656",39,1323,19.3807692307693,46.3076923076923,10.95,12.05,1.09999999999997,9,9,0,0,0.8,0.733333333333333,-0.0666666666666668
168,"Rhinolophus ferrumequinum",46.40283,-0.45043,2022-06-17,"gbif","Warm Temperate","Moist","Cropland","Hills","Warm Temperate Moist",112,198,86,"Warm Temperate Moist Cropland on Hills","#70C656",46,1324,17.0269230769231,71.5384615384615,8.45000000000005,9.35000000000002,0.899999999999977,12,12,0,0,0,0,0
168,"Rhinolophus ferrumequinum",45.58921,-0.52814,2022-01-30,"gbif","Warm Temperate","Moist","Cropland","Hills","Warm Temperate Moist",112,198,86,"Warm Temperate Moist Cropland on Hills","#70C656",18,1325,17.7961538461539,69.5384615384615,9.25000000000006,10.2500000000001,1,12,12,0,0,0,0,0
168,"Barbastella barbastellus",48.49283,0.22488,2023-08-31,"gbif","Warm Temperate","Moist","Cropland","Hills","Warm Temperate Moist",112,198,86,"Warm Temperate Moist Cropland on Hills","#70C656",144,1326,15.2269230769231,59.4615384615385,7.05000000000001,7.85000000000002,0.800000000000011,14,14,0,0,0.357142857142857,0.357142857142857,0
168,"Rhinolophus ferrumequinum",45.58921,-0.52814,2022-01-30,"gbif","Warm Temperate","Moist","Cropland","Hills","Warm Temperate Moist",112,198,86,"Warm Temperate Moist Cropland on Hills","#70C656",18,1327,17.7961538461539,69.5384615384615,9.25000000000006,10.2500000000001,1,12,12,0,0,0,0,0
168,"Barbastella barbastellus",44.17106,0.31082,2022-01-24,"gbif","Warm Temperate","Moist","Cropland","Hills","Warm Temperate Moist",112,198,86,"Warm Temperate Moist Cropland on Hills","#70C656",60,1328,19.0192307692308,72.9230769230769,9.55000000000001,10.65,1.10000000000002,12,12,0,0,0,0,0
168,"Rhinolophus ferrumequinum",45.76913,-0.53964,2022-01-29,"gbif","Warm Temperate","Moist","Cropland","Hills","Warm Temperate Moist",112,198,86,"Warm Temperate Moist Cropland on Hills","#70C656",71,1329,17.3961538461539,75.6153846153846,8.85000000000002,9.85000000000002,1,12,12,0,0,0.0666666666666667,0,-0.0666666666666667
168,"Barbastella barbastellus",48.2830447958,-0.1822327296,2024-09-28,"inat","Warm Temperate","Moist","Cropland","Hills","Warm Temperate Moist",112,198,86,"Warm Temperate Moist Cropland on Hills","#70C656",129,1330,15.5346153846154,58.9230769230769,7.35000000000002,8.15000000000003,0.800000000000011,12,12,0,0,0,0,0
168,"Rhinolophus ferrumequinum",44.90453,0.90939,2022-06-28,"gbif","Warm Temperate","Moist","Cropland","Hills","Warm Temperate Moist",112,198,86,"Warm Temperate Moist Cropland on Hills","#70C656",78,1331,18.2576923076924,72.3076923076923,9.15000000000003,10.15,1,9,9,0,0,0.8,0.866666666666667,0.0666666666666667
168,"Rhinolophus ferrumequinum",44.53952,0.67107,2022-10-05,"gbif","Warm Temperate","Moist","Cropland","Hills","Warm Temperate Moist",112,198,86,"Warm Temperate Moist Cropland on Hills","#70C656",99,1332,18.45,72.3076923076923,9.05000000000001,10.05,1,12,12,0,0,0,0,0
168,"Barbastella barbastellus",44.0811,0.31507,2022-01-24,"gbif","Warm Temperate","Moist","Cropland","Hills","Warm Temperate Moist",112,198,86,"Warm Temperate Moist Cropland on Hills","#70C656",88,1333,19.1269230769231,71.9230769230769,9.55000000000001,10.65,1.10000000000002,12,12,0,0,0,0,0
169,"Rhinolophus ferrumequinum",47.99709,-4.09108,2022-06-01,"gbif","Warm Temperate","Moist","Settlement","Hills","Warm Temperate Moist",136,158,52,"Warm Temperate Moist Settlement on Hills","#889E34",17,1334,14.6653846153847,95.7692307692308,10.35,10.95,0.600000000000023,13,13,0,0,0,0,0
169,"Rhinolophus ferrumequinum",47.99709,-4.09108,2022-09-20,"gbif","Warm Temperate","Moist","Settlement","Hills","Warm Temperate Moist",136,158,52,"Warm Temperate Moist Settlement on Hills","#889E34",17,1335,14.6653846153847,95.7692307692308,10.35,10.95,0.600000000000023,13,13,0,0,0,0,0
169,"Rhinolophus ferrumequinum",47.99709,-4.09108,2022-09-20,"gbif","Warm Temperate","Moist","Settlement","Hills","Warm Temperate Moist",136,158,52,"Warm Temperate Moist Settlement on Hills","#889E34",17,1336,14.6653846153847,95.7692307692308,10.35,10.95,0.600000000000023,13,13,0,0,0,0,0
169,"Rhinolophus ferrumequinum",43.21209,2.32361,2022-09-06,"gbif","Warm Temperate","Moist","Settlement","Hills","Warm Temperate Moist",136,158,52,"Warm Temperate Moist Settlement on Hills","#889E34",113,1337,18.1423076923077,59.2307692307692,9.65000000000003,10.7500000000001,1.10000000000002,13,13,0,0,0,0,0
169,"Rhinolophus ferrumequinum",47.99709,-4.09108,2022-06-01,"gbif","Warm Temperate","Moist","Settlement","Hills","Warm Temperate Moist",136,158,52,"Warm Temperate Moist Settlement on Hills","#889E34",17,1338,14.6653846153847,95.7692307692308,10.35,10.95,0.600000000000023,13,13,0,0,0,0,0
169,"Rhinolophus ferrumequinum",47.99709,-4.09108,2022-08-30,"gbif","Warm Temperate","Moist","Settlement","Hills","Warm Temperate Moist",136,158,52,"Warm Temperate Moist Settlement on Hills","#889E34",17,1339,14.6653846153847,95.7692307692308,10.35,10.95,0.600000000000023,13,13,0,0,0,0,0
169,"Rhinolophus ferrumequinum",45.670575,0.139966,2026-02-21,"gbif","Warm Temperate","Moist","Settlement","Hills","Warm Temperate Moist",136,158,52,"Warm Temperate Moist Settlement on Hills","#889E34",53,1340,17.6961538461539,72,8.65000000000003,9.65000000000003,1,13,13,0,0,0.25,0.25,0
169,"Barbastella barbastellus",44.17961,0.68582,2022-03-19,"gbif","Warm Temperate","Moist","Settlement","Hills","Warm Temperate Moist",136,158,52,"Warm Temperate Moist Settlement on Hills","#889E34",59,1341,19.1115384615385,67,9.55000000000001,10.55,1,13,13,0,0,0.0714285714285714,0.0714285714285714,0
169,"Rhinolophus ferrumequinum",48.01422,-4.48564,2023-01-26,"gbif","Warm Temperate","Moist","Settlement","Hills","Warm Temperate Moist",136,158,52,"Warm Temperate Moist Settlement on Hills","#889E34",98,1342,13.5961538461539,101.846153846154,11.2500000000001,11.85,0.599999999999966,14,14,0,0,0.0666666666666667,0.0666666666666667,0
169,"Rhinolophus ferrumequinum",47.99709,-4.09108,2022-05-04,"gbif","Warm Temperate","Moist","Settlement","Hills","Warm Temperate Moist",136,158,52,"Warm Temperate Moist Settlement on Hills","#889E34",17,1343,14.6653846153847,95.7692307692308,10.35,10.95,0.600000000000023,13,13,0,0,0,0,0
169,"Rhinolophus ferrumequinum",47.99709,-4.09108,2022-06-01,"gbif","Warm Temperate","Moist","Settlement","Hills","Warm Temperate Moist",136,158,52,"Warm Temperate Moist Settlement on Hills","#889E34",17,1344,14.6653846153847,95.7692307692308,10.35,10.95,0.600000000000023,13,13,0,0,0,0,0
169,"Rhinolophus ferrumequinum",47.23689,2.07871,2023-04-24,"gbif","Warm Temperate","Moist","Settlement","Hills","Warm Temperate Moist",136,158,52,"Warm Temperate Moist Settlement on Hills","#889E34",158,1345,16.8423076923077,62.3076923076923,7.25000000000006,8.25000000000006,1,13,13,0,0,0.285714285714286,0.5,0.214285714285714
169,"Rhinolophus ferrumequinum",44.17961,0.68582,2022-06-22,"gbif","Warm Temperate","Moist","Settlement","Hills","Warm Temperate Moist",136,158,52,"Warm Temperate Moist Settlement on Hills","#889E34",59,1346,19.1115384615385,67,9.55000000000001,10.55,1,13,13,0,0,0.0714285714285714,0.0714285714285714,0
169,"Rhinolophus ferrumequinum",47.99709,-4.09108,2022-06-01,"gbif","Warm Temperate","Moist","Settlement","Hills","Warm Temperate Moist",136,158,52,"Warm Temperate Moist Settlement on Hills","#889E34",17,1347,14.6653846153847,95.7692307692308,10.35,10.95,0.600000000000023,13,13,0,0,0,0,0
169,"Barbastella barbastellus",48.8196936784,1.9954658689,2025-03-18,"inat","Warm Temperate","Moist","Settlement","Hills","Warm Temperate Moist",136,158,52,"Warm Temperate Moist Settlement on Hills","#889E34",117,1348,15.7346153846154,52.3076923076923,6.95000000000005,7.95000000000005,1,13,13,0,0,0.214285714285714,0.214285714285714,0
169,"Rhinolophus ferrumequinum",47.99709,-4.09108,2022-05-05,"gbif","Warm Temperate","Moist","Settlement","Hills","Warm Temperate Moist",136,158,52,"Warm Temperate Moist Settlement on Hills","#889E34",17,1349,14.6653846153847,95.7692307692308,10.35,10.95,0.600000000000023,13,13,0,0,0,0,0
169,"Rhinolophus ferrumequinum",45.17208,0.77203,2023-06-05,"gbif","Warm Temperate","Moist","Settlement","Hills","Warm Temperate Moist",136,158,52,"Warm Temperate Moist Settlement on Hills","#889E34",91,1350,17.7807692307692,80.6153846153846,8.65000000000003,9.65000000000003,1,9,9,0,0,0.933333333333333,0.933333333333333,0
169,"Rhinolophus ferrumequinum",48.24492,-4.49196,2023-10-26,"gbif","Warm Temperate","Moist","Settlement","Hills","Warm Temperate Moist",136,158,52,"Warm Temperate Moist Settlement on Hills","#889E34",59,1351,13.5653846153846,103.153846153846,11.15,11.7500000000001,0.600000000000023,13,13,0,0,0.857142857142857,0.857142857142857,0
169,"Barbastella barbastellus",47.23689,2.07871,2023-04-24,"gbif","Warm Temperate","Moist","Settlement","Hills","Warm Temperate Moist",136,158,52,"Warm Temperate Moist Settlement on Hills","#889E34",158,1352,16.8423076923077,62.3076923076923,7.25000000000006,8.25000000000006,1,13,13,0,0,0.285714285714286,0.5,0.214285714285714
169,"Rhinolophus ferrumequinum",47.99709,-4.09108,2022-09-20,"gbif","Warm Temperate","Moist","Settlement","Hills","Warm Temperate Moist",136,158,52,"Warm Temperate Moist Settlement on Hills","#889E34",17,1353,14.6653846153847,95.7692307692308,10.35,10.95,0.600000000000023,13,13,0,0,0,0,0
169,"Barbastella barbastellus",47.23689,2.07871,2023-06-05,"gbif","Warm Temperate","Moist","Settlement","Hills","Warm Temperate Moist",136,158,52,"Warm Temperate Moist Settlement on Hills","#889E34",158,1354,16.8423076923077,62.3076923076923,7.25000000000006,8.25000000000006,1,13,13,0,0,0.285714285714286,0.5,0.214285714285714
169,"Rhinolophus ferrumequinum",47.99709,-4.09108,2022-08-30,"gbif","Warm Temperate","Moist","Settlement","Hills","Warm Temperate Moist",136,158,52,"Warm Temperate Moist Settlement on Hills","#889E34",17,1355,14.6653846153847,95.7692307692308,10.35,10.95,0.600000000000023,13,13,0,0,0,0,0
169,"Rhinolophus ferrumequinum",48.01422,-4.48564,2022-09-22,"gbif","Warm Temperate","Moist","Settlement","Hills","Warm Temperate Moist",136,158,52,"Warm Temperate Moist Settlement on Hills","#889E34",98,1356,13.5961538461539,101.846153846154,11.2500000000001,11.85,0.599999999999966,14,14,0,0,0.0666666666666667,0.0666666666666667,0
169,"Rhinolophus ferrumequinum",47.99709,-4.09108,2022-05-05,"gbif","Warm Temperate","Moist","Settlement","Hills","Warm Temperate Moist",136,158,52,"Warm Temperate Moist Settlement on Hills","#889E34",17,1357,14.6653846153847,95.7692307692308,10.35,10.95,0.600000000000023,13,13,0,0,0,0,0
169,"Rhinolophus ferrumequinum",47.99709,-4.09108,2022-05-04,"gbif","Warm Temperate","Moist","Settlement","Hills","Warm Temperate Moist",136,158,52,"Warm Temperate Moist Settlement on Hills","#889E34",17,1358,14.6653846153847,95.7692307692308,10.35,10.95,0.600000000000023,13,13,0,0,0,0,0
169,"Rhinolophus ferrumequinum",44.17961,0.68582,2022-08-07,"gbif","Warm Temperate","Moist","Settlement","Hills","Warm Temperate Moist",136,158,52,"Warm Temperate Moist Settlement on Hills","#889E34",59,1359,19.1115384615385,67,9.55000000000001,10.55,1,13,13,0,0,0.0714285714285714,0.0714285714285714,0
169,"Rhinolophus ferrumequinum",45.6705747746,0.139965631,2026-02-21,"inat","Warm Temperate","Moist","Settlement","Hills","Warm Temperate Moist",136,158,52,"Warm Temperate Moist Settlement on Hills","#889E34",53,1360,17.6961538461539,72,8.65000000000003,9.65000000000003,1,13,13,0,0,0.25,0.25,0
169,"Rhinolophus ferrumequinum",48.01422,-4.48564,2023-01-26,"gbif","Warm Temperate","Moist","Settlement","Hills","Warm Temperate Moist",136,158,52,"Warm Temperate Moist Settlement on Hills","#889E34",98,1361,13.5961538461539,101.846153846154,11.2500000000001,11.85,0.599999999999966,14,14,0,0,0.0666666666666667,0.0666666666666667,0
169,"Barbastella barbastellus",46.3155943098,3.4024503735,2024-09-29,"inat","Warm Temperate","Moist","Settlement","Hills","Warm Temperate Moist",136,158,52,"Warm Temperate Moist Settlement on Hills","#889E34",250,1362,17.0884615384616,53.3076923076923,7.05000000000001,8.15000000000003,1.10000000000002,13,13,0,0,0,0,0
169,"Barbastella barbastellus",46.315594,3.40245,2024-09-29,"gbif","Warm Temperate","Moist","Settlement","Hills","Warm Temperate Moist",136,158,52,"Warm Temperate Moist Settlement on Hills","#889E34",250,1363,17.0884615384616,53.3076923076923,7.05000000000001,8.15000000000003,1.10000000000002,13,13,0,0,0,0,0
169,"Rhinolophus ferrumequinum",47.99709,-4.09108,2022-05-05,"gbif","Warm Temperate","Moist","Settlement","Hills","Warm Temperate Moist",136,158,52,"Warm Temperate Moist Settlement on Hills","#889E34",17,1364,14.6653846153847,95.7692307692308,10.35,10.95,0.600000000000023,13,13,0,0,0,0,0
171,"Rhinolophus ferrumequinum",43.13565,-1.11619,2022-07-12,"gbif","Warm Temperate","Moist","Grassland","Mountains","Warm Temperate Moist",86,129,14,"Warm Temperate Moist Grassland on Mountains","#56810E",648,1365,15.2346153846154,150.692307692308,7.55000000000001,8.65000000000003,1.10000000000002,9,9,0,0,1,1,0
171,"Rhinolophus ferrumequinum",42.84526,1.5946,2022-02-05,"gbif","Warm Temperate","Moist","Grassland","Mountains","Warm Temperate Moist",86,129,14,"Warm Temperate Moist Grassland on Mountains","#56810E",496,1366,16.8807692307693,73.3076923076923,8.55000000000001,9.65000000000003,1.10000000000002,9,9,0,0,0.733333333333333,0.733333333333333,0
171,"Barbastella barbastellus",45.2004626082,4.6771391494,2025-01-12,"inat","Warm Temperate","Moist","Grassland","Mountains","Warm Temperate Moist",86,129,14,"Warm Temperate Moist Grassland on Mountains","#56810E",399,1367,16.3192307692308,59.4615384615385,6.95000000000005,8.25000000000006,1.30000000000001,9,9,0,0,0.571428571428571,0.571428571428571,0
171,"Barbastella barbastellus",43.07517,-0.25214,2023-02-08,"gbif","Warm Temperate","Moist","Grassland","Mountains","Warm Temperate Moist",86,129,14,"Warm Temperate Moist Grassland on Mountains","#56810E",420,1368,17.1192307692308,136.153846153846,9.15000000000003,10.2500000000001,1.10000000000002,9,9,0,0,1,1,0
171,"Barbastella barbastellus",43.7507956477,3.1270617661,2024-11-16,"inat","Warm Temperate","Moist","Grassland","Mountains","Warm Temperate Moist",86,129,14,"Warm Temperate Moist Grassland on Mountains","#56810E",512,1369,15.6961538461539,57.7692307692308,7.35000000000002,8.45000000000005,1.10000000000002,9,9,0,0,0.928571428571429,0.857142857142857,-0.0714285714285715
171,"Rhinolophus ferrumequinum",43.11152,1.34256,2022-01-21,"gbif","Warm Temperate","Moist","Grassland","Mountains","Warm Temperate Moist",86,129,14,"Warm Temperate Moist Grassland on Mountains","#56810E",279,1370,18.0423076923077,80.2307692307692,9.25000000000006,10.35,1.09999999999997,9,9,0,0,0.533333333333333,0.533333333333333,0
171,"Rhinolophus ferrumequinum",42.84526,1.5946,2022-02-03,"gbif","Warm Temperate","Moist","Grassland","Mountains","Warm Temperate Moist",86,129,14,"Warm Temperate Moist Grassland on Mountains","#56810E",496,1371,16.8807692307693,73.3076923076923,8.55000000000001,9.65000000000003,1.10000000000002,9,9,0,0,0.733333333333333,0.733333333333333,0
171,"Rhinolophus ferrumequinum",43.01755,1.10005,2022-02-05,"gbif","Warm Temperate","Moist","Grassland","Mountains","Warm Temperate Moist",86,129,14,"Warm Temperate Moist Grassland on Mountains","#56810E",377,1372,17.6961538461539,99.0769230769231,8.95000000000005,10.05,1.09999999999997,9,9,0,0,1,0.928571428571429,-0.0714285714285714
171,"Rhinolophus ferrumequinum",44.4839678143,4.2393956376,2026-01-21,"inat","Warm Temperate","Moist","Grassland","Mountains","Warm Temperate Moist",86,129,14,"Warm Temperate Moist Grassland on Mountains","#56810E",159,1373,18.5423076923077,81.8461538461538,9.05000000000001,10.2500000000001,1.20000000000005,9,9,0,0,1,1,0
171,"Rhinolophus ferrumequinum",43.66388,3.18592,2022-01-22,"gbif","Warm Temperate","Moist","Grassland","Mountains","Warm Temperate Moist",86,129,14,"Warm Temperate Moist Grassland on Mountains","#56810E",259,1374,17.2884615384615,48.6153846153846,8.75000000000006,9.95000000000005,1.19999999999999,9,9,0,0,0.928571428571429,0.928571428571429,0
171,"Rhinolophus ferrumequinum",42.530297,9.012981,2022-08-24,"gbif","Warm Temperate","Moist","Grassland","Mountains","Warm Temperate Moist",86,129,14,"Warm Temperate Moist Grassland on Mountains","#56810E",856,1375,15.3807692307693,63.2307692307692,8.65000000000003,9.95000000000005,1.30000000000001,NA,NA,NA,NA,0,0,0
171,"Rhinolophus ferrumequinum",43.11152,1.34256,2022-01-21,"gbif","Warm Temperate","Moist","Grassland","Mountains","Warm Temperate Moist",86,129,14,"Warm Temperate Moist Grassland on Mountains","#56810E",279,1376,18.0423076923077,80.2307692307692,9.25000000000006,10.35,1.09999999999997,9,9,0,0,0.533333333333333,0.533333333333333,0
171,"Rhinolophus ferrumequinum",43.66388,3.18592,2022-01-22,"gbif","Warm Temperate","Moist","Grassland","Mountains","Warm Temperate Moist",86,129,14,"Warm Temperate Moist Grassland on Mountains","#56810E",259,1377,17.2884615384615,48.6153846153846,8.75000000000006,9.95000000000005,1.19999999999999,9,9,0,0,0.928571428571429,0.928571428571429,0
171,"Rhinolophus ferrumequinum",44.705189,1.968672,2025-08-14,"gbif","Warm Temperate","Moist","Grassland","Mountains","Warm Temperate Moist",86,129,14,"Warm Temperate Moist Grassland on Mountains","#56810E",566,1378,15.4884615384616,91.5384615384615,6.85000000000002,7.95000000000005,1.10000000000002,9,9,0,0,1,1,0
171,"Rhinolophus ferrumequinum",46.6447,4.54229,2022-07-20,"gbif","Warm Temperate","Moist","Grassland","Mountains","Warm Temperate Moist",86,129,14,"Warm Temperate Moist Grassland on Mountains","#56810E",303,1379,16.3192307692308,58.1538461538462,6.55000000000001,7.75000000000006,1.20000000000005,9,9,0,0,0.866666666666667,0.8,-0.0666666666666667
171,"Rhinolophus ferrumequinum",45.51415,6.01061,2022-05-11,"gbif","Warm Temperate","Moist","Grassland","Mountains","Warm Temperate Moist",86,129,14,"Warm Temperate Moist Grassland on Mountains","#56810E",312,1380,16.9038461538462,101.307692307692,6.35000000000002,7.75000000000006,1.40000000000003,13,13,0,0,0.4,0.266666666666667,-0.133333333333333
171,"Rhinolophus ferrumequinum",44.45684,4.94833,2022-06-15,"gbif","Warm Temperate","Moist","Grassland","Mountains","Warm Temperate Moist",86,129,14,"Warm Temperate Moist Grassland on Mountains","#56810E",269,1381,17.9192307692308,61.6923076923077,8.35000000000002,9.65000000000003,1.30000000000001,9,9,0,0,1,1,0
171,"Rhinolophus ferrumequinum",42.84526,1.5946,2022-02-05,"gbif","Warm Temperate","Moist","Grassland","Mountains","Warm Temperate Moist",86,129,14,"Warm Temperate Moist Grassland on Mountains","#56810E",496,1382,16.8807692307693,73.3076923076923,8.55000000000001,9.65000000000003,1.10000000000002,9,9,0,0,0.733333333333333,0.733333333333333,0
171,"Rhinolophus ferrumequinum",42.84526,1.5946,2022-02-05,"gbif","Warm Temperate","Moist","Grassland","Mountains","Warm Temperate Moist",86,129,14,"Warm Temperate Moist Grassland on Mountains","#56810E",496,1383,16.8807692307693,73.3076923076923,8.55000000000001,9.65000000000003,1.10000000000002,9,9,0,0,0.733333333333333,0.733333333333333,0
171,"Rhinolophus ferrumequinum",42.84526,1.5946,2022-01-20,"gbif","Warm Temperate","Moist","Grassland","Mountains","Warm Temperate Moist",86,129,14,"Warm Temperate Moist Grassland on Mountains","#56810E",496,1384,16.8807692307693,73.3076923076923,8.55000000000001,9.65000000000003,1.10000000000002,9,9,0,0,0.733333333333333,0.733333333333333,0
171,"Rhinolophus ferrumequinum",42.864633,1.177405,2022-08-09,"gbif","Warm Temperate","Moist","Grassland","Mountains","Warm Temperate Moist",86,129,14,"Warm Temperate Moist Grassland on Mountains","#56810E",679,1385,15.673076923077,83.9230769230769,7.25000000000006,8.35000000000002,1.09999999999997,5,5,0,0,1,1,0
171,"Rhinolophus ferrumequinum",43.13565,-1.11619,2022-01-28,"gbif","Warm Temperate","Moist","Grassland","Mountains","Warm Temperate Moist",86,129,14,"Warm Temperate Moist Grassland on Mountains","#56810E",648,1386,15.2346153846154,150.692307692308,7.55000000000001,8.65000000000003,1.10000000000002,9,9,0,0,1,1,0
171,"Rhinolophus ferrumequinum",43.01964,1.22259,2022-01-27,"gbif","Warm Temperate","Moist","Grassland","Mountains","Warm Temperate Moist",86,129,14,"Warm Temperate Moist Grassland on Mountains","#56810E",462,1387,17.0961538461539,100.692307692308,8.35000000000002,9.45000000000005,1.10000000000002,10,10,0,0,0.733333333333333,0.666666666666667,-0.0666666666666667
171,"Rhinolophus ferrumequinum",42.84526,1.5946,2022-02-10,"gbif","Warm Temperate","Moist","Grassland","Mountains","Warm Temperate Moist",86,129,14,"Warm Temperate Moist Grassland on Mountains","#56810E",496,1388,16.8807692307693,73.3076923076923,8.55000000000001,9.65000000000003,1.10000000000002,9,9,0,0,0.733333333333333,0.733333333333333,0
171,"Rhinolophus ferrumequinum",43.11152,1.34256,2022-04-14,"gbif","Warm Temperate","Moist","Grassland","Mountains","Warm Temperate Moist",86,129,14,"Warm Temperate Moist Grassland on Mountains","#56810E",279,1389,18.0423076923077,80.2307692307692,9.25000000000006,10.35,1.09999999999997,9,9,0,0,0.533333333333333,0.533333333333333,0
171,"Rhinolophus ferrumequinum",44.483968,4.239396,2026-01-21,"gbif","Warm Temperate","Moist","Grassland","Mountains","Warm Temperate Moist",86,129,14,"Warm Temperate Moist Grassland on Mountains","#56810E",159,1390,18.5423076923077,81.8461538461538,9.05000000000001,10.2500000000001,1.20000000000005,9,9,0,0,1,1,0
171,"Rhinolophus ferrumequinum",44.5109344935,2.7500507938,2025-12-13,"inat","Warm Temperate","Moist","Grassland","Mountains","Warm Temperate Moist",86,129,14,"Warm Temperate Moist Grassland on Mountains","#56810E",410,1391,15.973076923077,76.9230769230769,7.15000000000003,8.25000000000006,1.10000000000002,9,9,0,0,1,1,0
171,"Rhinolophus ferrumequinum",44.510934,2.750051,2025-12-13,"gbif","Warm Temperate","Moist","Grassland","Mountains","Warm Temperate Moist",86,129,14,"Warm Temperate Moist Grassland on Mountains","#56810E",410,1392,15.973076923077,76.9230769230769,7.15000000000003,8.25000000000006,1.10000000000002,9,9,0,0,1,1,0
171,"Barbastella barbastellus",43.66388,3.18592,2022-01-22,"gbif","Warm Temperate","Moist","Grassland","Mountains","Warm Temperate Moist",86,129,14,"Warm Temperate Moist Grassland on Mountains","#56810E",259,1393,17.2884615384615,48.6153846153846,8.75000000000006,9.95000000000005,1.19999999999999,9,9,0,0,0.928571428571429,0.928571428571429,0
171,"Rhinolophus ferrumequinum",43.702316,6.995447,2022-09-20,"gbif","Warm Temperate","Moist","Grassland","Mountains","Warm Temperate Moist",86,129,14,"Warm Temperate Moist Grassland on Mountains","#56810E",207,1394,18.15,78.3076923076923,11.05,12.35,1.30000000000001,9,9,0,0,1,1,0
171,"Barbastella barbastellus",43.750796,3.127062,2024-11-16,"gbif","Warm Temperate","Moist","Grassland","Mountains","Warm Temperate Moist",86,129,14,"Warm Temperate Moist Grassland on Mountains","#56810E",512,1395,15.6961538461539,57.7692307692308,7.35000000000002,8.45000000000005,1.10000000000002,9,9,0,0,0.928571428571429,0.857142857142857,-0.0714285714285715
171,"Rhinolophus ferrumequinum",46.6447,4.54229,2022-05-24,"gbif","Warm Temperate","Moist","Grassland","Mountains","Warm Temperate Moist",86,129,14,"Warm Temperate Moist Grassland on Mountains","#56810E",303,1396,16.3192307692308,58.1538461538462,6.55000000000001,7.75000000000006,1.20000000000005,9,9,0,0,0.866666666666667,0.8,-0.0666666666666667
172,"Rhinolophus ferrumequinum",43.737727,7.2749,2024-05-14,"gbif","Warm Temperate","Moist","Settlement","Mountains","Warm Temperate Moist",105,89,18,"Warm Temperate Moist Settlement on Mountains","#695912",202,1397,17.673076923077,72.5384615384615,11.55,12.85,1.30000000000001,13,13,0,0,0.1875,0.1875,0
172,"Rhinolophus ferrumequinum",44.40741,4.39543,2025-04-14,"gbif","Warm Temperate","Moist","Settlement","Mountains","Warm Temperate Moist",105,89,18,"Warm Temperate Moist Settlement on Mountains","#695912",108,1398,19.1346153846154,60.8461538461538,9.45000000000005,10.7500000000001,1.30000000000001,9,9,0,0,1,1,0
172,"Rhinolophus ferrumequinum",43.1273048652,5.9965341044,2021-10-28,"inat","Warm Temperate","Moist","Settlement","Mountains","Warm Temperate Moist",105,89,18,"Warm Temperate Moist Settlement on Mountains","#695912",81,1399,18.9346153846154,41.8461538461538,12.35,13.7500000000001,1.40000000000003,13,13,0,0,0,0,0
172,"Barbastella barbastellus",45.5076936947,4.576951763,2019-12-13,"inat","Warm Temperate","Moist","Settlement","Mountains","Warm Temperate Moist",105,89,18,"Warm Temperate Moist Settlement on Mountains","#695912",310,1400,16.8576923076923,52.6153846153846,6.85000000000002,8.05000000000001,1.19999999999999,13,13,0,0,0.2,0.133333333333333,-0.0666666666666667
173,"Rhinolophus ferrumequinum",43.25642,-0.76095,2022-01-26,"gbif","Warm Temperate","Moist","Cropland","Mountains","Warm Temperate Moist",100,150,37,"Warm Temperate Moist Cropland on Mountains","#649625",190,1401,18.2192307692308,120.153846153846,10.15,11.2500000000001,1.10000000000002,9,9,0,0,1,0.9375,-0.0625
173,"Rhinolophus ferrumequinum",43.7896790517,3.8995195428,NA,"inat","Warm Temperate","Moist","Cropland","Mountains","Warm Temperate Moist",100,150,37,"Warm Temperate Moist Cropland on Mountains","#649625",107,1402,19.3038461538462,41.5384615384615,9.85000000000002,11.05,1.19999999999999,9,9,0,0,1,1,0
173,"Rhinolophus ferrumequinum",44.573574,4.376923,2022-01-16,"gbif","Warm Temperate","Moist","Cropland","Mountains","Warm Temperate Moist",100,150,37,"Warm Temperate Moist Cropland on Mountains","#649625",180,1403,18.2269230769231,80.4615384615385,8.75000000000006,9.95000000000005,1.19999999999999,9,9,0,0,0.857142857142857,0.928571428571429,0.0714285714285715
173,"Rhinolophus ferrumequinum",44.5918,4.5352,2025-05-17,"gbif","Warm Temperate","Moist","Cropland","Mountains","Warm Temperate Moist",100,150,37,"Warm Temperate Moist Cropland on Mountains","#649625",325,1404,17.4346153846154,77.3076923076923,8.15000000000003,9.35000000000002,1.19999999999999,9,14,0,0,0.785714285714286,0.785714285714286,0
173,"Rhinolophus ferrumequinum",43.8982983113,3.8487754184,2026-03-15,"inat","Warm Temperate","Moist","Cropland","Mountains","Warm Temperate Moist",100,150,37,"Warm Temperate Moist Cropland on Mountains","#649625",194,1405,18.7576923076924,48,9.15000000000003,10.35,1.19999999999999,10,10,0,0,0.266666666666667,0.133333333333333,-0.133333333333333
173,"Rhinolophus ferrumequinum",43.25642,-0.76095,2022-02-11,"gbif","Warm Temperate","Moist","Cropland","Mountains","Warm Temperate Moist",100,150,37,"Warm Temperate Moist Cropland on Mountains","#649625",190,1406,18.2192307692308,120.153846153846,10.15,11.2500000000001,1.10000000000002,9,9,0,0,1,0.9375,-0.0625
173,"Rhinolophus ferrumequinum",43.31531,-1.12903,2022-01-09,"gbif","Warm Temperate","Moist","Cropland","Mountains","Warm Temperate Moist",100,150,37,"Warm Temperate Moist Cropland on Mountains","#649625",163,1407,17.85,127.230769230769,10.15,11.15,1,9,9,0,0,1,1,0
173,"Rhinolophus ferrumequinum",44.4726,2.43425,2022-01-22,"gbif","Warm Temperate","Moist","Cropland","Mountains","Warm Temperate Moist",100,150,37,"Warm Temperate Moist Cropland on Mountains","#649625",407,1408,16.3192307692308,64.9230769230769,7.45000000000005,8.55000000000001,1.09999999999997,9,9,0,0,1,1,0
173,"Rhinolophus ferrumequinum",43.25642,-0.76095,2022-07-20,"gbif","Warm Temperate","Moist","Cropland","Mountains","Warm Temperate Moist",100,150,37,"Warm Temperate Moist Cropland on Mountains","#649625",190,1409,18.2192307692308,120.153846153846,10.15,11.2500000000001,1.10000000000002,9,9,0,0,1,0.9375,-0.0625
173,"Rhinolophus ferrumequinum",43.8711620965,3.8854756569,2026-03-15,"inat","Warm Temperate","Moist","Cropland","Mountains","Warm Temperate Moist",100,150,37,"Warm Temperate Moist Cropland on Mountains","#649625",224,1410,18.7576923076924,47.2307692307692,9.05000000000001,10.2500000000001,1.20000000000005,8,8,0,0,1,1,0
173,"Rhinolophus ferrumequinum",44.523516,4.310675,2022-01-16,"gbif","Warm Temperate","Moist","Cropland","Mountains","Warm Temperate Moist",100,150,37,"Warm Temperate Moist Cropland on Mountains","#649625",189,1411,18.4346153846154,81,8.95000000000005,10.15,1.19999999999999,9,9,0,0,1,1,0
173,"Rhinolophus ferrumequinum",43.88,2.88,2025-10-03,"gbif","Warm Temperate","Moist","Cropland","Mountains","Warm Temperate Moist",100,150,37,"Warm Temperate Moist Cropland on Mountains","#649625",424,1412,15.8038461538462,68.0769230769231,7.35000000000002,8.45000000000005,1.10000000000002,9,9,0,0,0.4,0.333333333333333,-0.0666666666666667
173,"Rhinolophus ferrumequinum",43.25642,-0.76095,2022-01-18,"gbif","Warm Temperate","Moist","Cropland","Mountains","Warm Temperate Moist",100,150,37,"Warm Temperate Moist Cropland on Mountains","#649625",190,1413,18.2192307692308,120.153846153846,10.15,11.2500000000001,1.10000000000002,9,9,0,0,1,0.9375,-0.0625
173,"Rhinolophus ferrumequinum",44.38187,2.30963,2022-01-22,"gbif","Warm Temperate","Moist","Cropland","Mountains","Warm Temperate Moist",100,150,37,"Warm Temperate Moist Cropland on Mountains","#649625",575,1414,15.673076923077,80.0769230769231,7.05000000000001,8.15000000000003,1.10000000000002,14,14,0,0,0.642857142857143,0.571428571428571,-0.0714285714285715
173,"Barbastella barbastellus",43.25642,-0.76095,2022-02-04,"gbif","Warm Temperate","Moist","Cropland","Mountains","Warm Temperate Moist",100,150,37,"Warm Temperate Moist Cropland on Mountains","#649625",190,1415,18.2192307692308,120.153846153846,10.15,11.2500000000001,1.10000000000002,9,9,0,0,1,0.9375,-0.0625
173,"Barbastella barbastellus",43.7166156558,6.3515512368,2026-01-11,"inat","Warm Temperate","Moist","Cropland","Mountains","Warm Temperate Moist",100,150,37,"Warm Temperate Moist Cropland on Mountains","#649625",879,1416,15.1961538461539,72.6153846153846,6.25000000000006,7.65000000000003,1.39999999999998,9,9,0,0,0.928571428571429,1,0.0714285714285714
173,"Rhinolophus ferrumequinum",43.920722,3.865201,2024-05-05,"gbif","Warm Temperate","Moist","Cropland","Mountains","Warm Temperate Moist",100,150,37,"Warm Temperate Moist Cropland on Mountains","#649625",199,1417,18.6961538461539,46.9230769230769,9.05000000000001,10.2500000000001,1.20000000000005,10,10,0,0,0.285714285714286,0.857142857142857,0.571428571428571
173,"Barbastella barbastellus",43.6918931994,3.068506749,2024-11-16,"inat","Warm Temperate","Moist","Cropland","Mountains","Warm Temperate Moist",100,150,37,"Warm Temperate Moist Cropland on Mountains","#649625",586,1418,15.35,63,7.15000000000003,8.25000000000006,1.10000000000002,8,8,0,0,1,1,0
173,"Rhinolophus ferrumequinum",43.25642,-0.76095,2022-07-13,"gbif","Warm Temperate","Moist","Cropland","Mountains","Warm Temperate Moist",100,150,37,"Warm Temperate Moist Cropland on Mountains","#649625",190,1419,18.2192307692308,120.153846153846,10.15,11.2500000000001,1.10000000000002,9,9,0,0,1,0.9375,-0.0625
173,"Barbastella barbastellus",44.2417,4.1111,2025-07-28,"gbif","Warm Temperate","Moist","Cropland","Mountains","Warm Temperate Moist",100,150,37,"Warm Temperate Moist Cropland on Mountains","#649625",242,1420,17.8807692307693,73.2307692307692,8.65000000000003,9.85000000000002,1.19999999999999,9,9,0,0,1,1,0
173,"Rhinolophus ferrumequinum",43.8571036611,5.698306144,2026-02-27,"inat","Warm Temperate","Moist","Cropland","Mountains","Warm Temperate Moist",100,150,37,"Warm Temperate Moist Cropland on Mountains","#649625",571,1421,16.973076923077,49.4615384615385,7.05000000000001,8.45000000000005,1.40000000000003,9,9,0,0,0.642857142857143,0.642857142857143,0
173,"Barbastella barbastellus",44.491044,4.328075,2026-01-20,"gbif","Warm Temperate","Moist","Cropland","Mountains","Warm Temperate Moist",100,150,37,"Warm Temperate Moist Cropland on Mountains","#649625",161,1422,18.673076923077,77.1538461538462,9.15000000000003,10.35,1.19999999999999,8,8,0,0,1,1,0
173,"Rhinolophus ferrumequinum",43.25642,-0.76095,2023-02-03,"gbif","Warm Temperate","Moist","Cropland","Mountains","Warm Temperate Moist",100,150,37,"Warm Temperate Moist Cropland on Mountains","#649625",190,1423,18.2192307692308,120.153846153846,10.15,11.2500000000001,1.10000000000002,9,9,0,0,1,0.9375,-0.0625
173,"Rhinolophus ferrumequinum",44.228529,2.051675,2022-08-20,"gbif","Warm Temperate","Moist","Cropland","Mountains","Warm Temperate Moist",100,150,37,"Warm Temperate Moist Cropland on Mountains","#649625",415,1424,16.2576923076924,90.7692307692308,7.85000000000002,8.95000000000005,1.10000000000002,12,12,0,0,0.133333333333333,0.133333333333333,0
173,"Rhinolophus ferrumequinum",44.38187,2.30963,2022-01-23,"gbif","Warm Temperate","Moist","Cropland","Mountains","Warm Temperate Moist",100,150,37,"Warm Temperate Moist Cropland on Mountains","#649625",575,1425,15.673076923077,80.0769230769231,7.05000000000001,8.15000000000003,1.10000000000002,14,14,0,0,0.642857142857143,0.571428571428571,-0.0714285714285715
173,"Rhinolophus ferrumequinum",44.36685,4.94523,2022-09-21,"gbif","Warm Temperate","Moist","Cropland","Mountains","Warm Temperate Moist",100,150,37,"Warm Temperate Moist Cropland on Mountains","#649625",180,1426,18.6038461538462,51.6923076923077,8.85000000000002,10.15,1.30000000000001,9,9,0,0,0.8125,0.8125,0
173,"Rhinolophus ferrumequinum",43.25642,-0.76095,2022-06-30,"gbif","Warm Temperate","Moist","Cropland","Mountains","Warm Temperate Moist",100,150,37,"Warm Temperate Moist Cropland on Mountains","#649625",190,1427,18.2192307692308,120.153846153846,10.15,11.2500000000001,1.10000000000002,9,9,0,0,1,0.9375,-0.0625
173,"Barbastella barbastellus",43.9155290163,3.990059371,2024-05-04,"inat","Warm Temperate","Moist","Cropland","Mountains","Warm Temperate Moist",100,150,37,"Warm Temperate Moist Cropland on Mountains","#649625",85,1428,19.5346153846154,47.3846153846154,9.65000000000003,10.85,1.19999999999999,9,9,0,0,1,1,0
173,"Rhinolophus ferrumequinum",44.366017,1.988509,2023-09-27,"gbif","Warm Temperate","Moist","Cropland","Mountains","Warm Temperate Moist",100,150,37,"Warm Temperate Moist Cropland on Mountains","#649625",337,1429,16.6576923076923,80.2307692307692,8.05000000000001,9.15000000000003,1.10000000000002,14,14,0,0,0.4,0.2,-0.2
173,"Rhinolophus ferrumequinum",44.38187,2.30963,2022-01-23,"gbif","Warm Temperate","Moist","Cropland","Mountains","Warm Temperate Moist",100,150,37,"Warm Temperate Moist Cropland on Mountains","#649625",575,1430,15.673076923077,80.0769230769231,7.05000000000001,8.15000000000003,1.10000000000002,14,14,0,0,0.642857142857143,0.571428571428571,-0.0714285714285715
173,"Rhinolophus ferrumequinum",45.310415,3.338492,2023-09-20,"gbif","Warm Temperate","Moist","Cropland","Mountains","Warm Temperate Moist",100,150,37,"Warm Temperate Moist Cropland on Mountains","#649625",445,1431,16.2961538461539,56.9230769230769,6.45000000000005,7.55000000000001,1.09999999999997,14,14,0,0,0,0.0769230769230769,0.0769230769230769
173,"Rhinolophus ferrumequinum",45.18631,1.66299,2022-07-07,"gbif","Warm Temperate","Moist","Cropland","Mountains","Warm Temperate Moist",100,150,37,"Warm Temperate Moist Cropland on Mountains","#649625",167,1432,17.2884615384615,97.6923076923077,8.05000000000001,9.05000000000001,1,8,8,0,0,1,1,0
173,"Rhinolophus ferrumequinum",43.650889,6.152771,2023-09-10,"gbif","Warm Temperate","Moist","Cropland","Mountains","Warm Temperate Moist",100,150,37,"Warm Temperate Moist Cropland on Mountains","#649625",512,1433,17.45,58.6153846153846,7.75000000000006,9.15000000000003,1.39999999999998,8,8,0,0,1,1,0
173,"Rhinolophus ferrumequinum",43.626564,3.477634,2022-01-14,"gbif","Warm Temperate","Moist","Cropland","Mountains","Warm Temperate Moist",100,150,37,"Warm Temperate Moist Cropland on Mountains","#649625",42,1434,18.7115384615385,34.9230769230769,10.55,11.7500000000001,1.20000000000005,9,9,0,0,1,0.933333333333333,-0.0666666666666667
173,"Rhinolophus ferrumequinum",43.871162,3.885476,2026-03-15,"gbif","Warm Temperate","Moist","Cropland","Mountains","Warm Temperate Moist",100,150,37,"Warm Temperate Moist Cropland on Mountains","#649625",224,1435,18.7576923076924,47.2307692307692,9.05000000000001,10.2500000000001,1.20000000000005,8,8,0,0,1,1,0
173,"Rhinolophus ferrumequinum",43.9122480625,5.2039936007,2026-01-24,"inat","Warm Temperate","Moist","Cropland","Mountains","Warm Temperate Moist",100,150,37,"Warm Temperate Moist Cropland on Mountains","#649625",281,1436,18.4269230769231,50.6923076923077,8.75000000000006,10.15,1.39999999999998,9,9,0,0,0.928571428571429,1,0.0714285714285714
173,"Barbastella barbastellus",44.4910440603,4.3280749227,2026-01-20,"inat","Warm Temperate","Moist","Cropland","Mountains","Warm Temperate Moist",100,150,37,"Warm Temperate Moist Cropland on Mountains","#649625",161,1437,18.673076923077,77.1538461538462,9.15000000000003,10.35,1.19999999999999,8,8,0,0,1,1,0
173,"Rhinolophus ferrumequinum",43.56193,5.448455,2025-03-22,"gbif","Warm Temperate","Moist","Cropland","Mountains","Warm Temperate Moist",100,150,37,"Warm Temperate Moist Cropland on Mountains","#649625",309,1438,18.55,42.8461538461538,8.95000000000005,10.45,1.5,9,9,0,0,0.8125,0.75,-0.0625
173,"Rhinolophus ferrumequinum",43.25642,-0.76095,2022-03-24,"gbif","Warm Temperate","Moist","Cropland","Mountains","Warm Temperate Moist",100,150,37,"Warm Temperate Moist Cropland on Mountains","#649625",190,1439,18.2192307692308,120.153846153846,10.15,11.2500000000001,1.10000000000002,9,9,0,0,1,0.9375,-0.0625
173,"Rhinolophus ferrumequinum",43.02509,1.59024,2022-04-10,"gbif","Warm Temperate","Moist","Cropland","Mountains","Warm Temperate Moist",100,150,37,"Warm Temperate Moist Cropland on Mountains","#649625",373,1440,17.3576923076923,87.3846153846154,8.75000000000006,9.85000000000002,1.09999999999997,8,8,0,0,1,1,0
173,"Rhinolophus ferrumequinum",44.38187,2.30963,2022-01-22,"gbif","Warm Temperate","Moist","Cropland","Mountains","Warm Temperate Moist",100,150,37,"Warm Temperate Moist Cropland on Mountains","#649625",575,1441,15.673076923077,80.0769230769231,7.05000000000001,8.15000000000003,1.10000000000002,14,14,0,0,0.642857142857143,0.571428571428571,-0.0714285714285715
173,"Rhinolophus ferrumequinum",43.25642,-0.76095,2023-02-06,"gbif","Warm Temperate","Moist","Cropland","Mountains","Warm Temperate Moist",100,150,37,"Warm Temperate Moist Cropland on Mountains","#649625",190,1442,18.2192307692308,120.153846153846,10.15,11.2500000000001,1.10000000000002,9,9,0,0,1,0.9375,-0.0625
173,"Rhinolophus ferrumequinum",43.25642,-0.76095,2023-02-06,"gbif","Warm Temperate","Moist","Cropland","Mountains","Warm Temperate Moist",100,150,37,"Warm Temperate Moist Cropland on Mountains","#649625",190,1443,18.2192307692308,120.153846153846,10.15,11.2500000000001,1.10000000000002,9,9,0,0,1,0.9375,-0.0625
173,"Rhinolophus ferrumequinum",43.25642,-0.76095,2022-02-11,"gbif","Warm Temperate","Moist","Cropland","Mountains","Warm Temperate Moist",100,150,37,"Warm Temperate Moist Cropland on Mountains","#649625",190,1444,18.2192307692308,120.153846153846,10.15,11.2500000000001,1.10000000000002,9,9,0,0,1,0.9375,-0.0625
173,"Barbastella barbastellus",43.6772752666,3.1360238146,2024-11-16,"inat","Warm Temperate","Moist","Cropland","Mountains","Warm Temperate Moist",100,150,37,"Warm Temperate Moist Cropland on Mountains","#649625",478,1445,16.3653846153846,52.7692307692308,7.95000000000005,9.05000000000001,1.09999999999997,5,5,0,0,1,1,0
173,"Rhinolophus ferrumequinum",43.02509,1.59024,2021-01-19,"gbif","Warm Temperate","Moist","Cropland","Mountains","Warm Temperate Moist",100,150,37,"Warm Temperate Moist Cropland on Mountains","#649625",373,1446,17.3576923076923,87.3846153846154,8.75000000000006,9.85000000000002,1.09999999999997,8,8,0,0,1,1,0
173,"Rhinolophus ferrumequinum",43.25642,-0.76095,2022-07-13,"gbif","Warm Temperate","Moist","Cropland","Mountains","Warm Temperate Moist",100,150,37,"Warm Temperate Moist Cropland on Mountains","#649625",190,1447,18.2192307692308,120.153846153846,10.15,11.2500000000001,1.10000000000002,9,9,0,0,1,0.9375,-0.0625
173,"Barbastella barbastellus",43.677275,3.136024,2024-11-16,"gbif","Warm Temperate","Moist","Cropland","Mountains","Warm Temperate Moist",100,150,37,"Warm Temperate Moist Cropland on Mountains","#649625",478,1448,16.3653846153846,52.7692307692308,7.95000000000005,9.05000000000001,1.09999999999997,5,5,0,0,1,1,0
173,"Rhinolophus ferrumequinum",44.28458,4.44108,2022-01-20,"gbif","Warm Temperate","Moist","Cropland","Mountains","Warm Temperate Moist",100,150,37,"Warm Temperate Moist Cropland on Mountains","#649625",173,1449,18.7807692307693,59.6923076923077,9.25000000000006,10.55,1.29999999999995,9,9,0,0,0.857142857142857,0.928571428571429,0.0714285714285715
173,"Rhinolophus ferrumequinum",43.25642,-0.76095,2022-01-26,"gbif","Warm Temperate","Moist","Cropland","Mountains","Warm Temperate Moist",100,150,37,"Warm Temperate Moist Cropland on Mountains","#649625",190,1450,18.2192307692308,120.153846153846,10.15,11.2500000000001,1.10000000000002,9,9,0,0,1,0.9375,-0.0625
173,"Rhinolophus ferrumequinum",43.362884,2.79838,2024-02-22,"gbif","Warm Temperate","Moist","Cropland","Mountains","Warm Temperate Moist",100,150,37,"Warm Temperate Moist Cropland on Mountains","#649625",203,1451,17.773076923077,53.5384615384615,9.55000000000001,10.65,1.10000000000002,9,9,0,0,0.642857142857143,0.928571428571429,0.285714285714286
173,"Rhinolophus ferrumequinum",43.5089632999,3.6743373053,2025-10-18,"inat","Warm Temperate","Moist","Cropland","Mountains","Warm Temperate Moist",100,150,37,"Warm Temperate Moist Cropland on Mountains","#649625",44,1452,17.8961538461539,33.3076923076923,11.65,12.85,1.19999999999999,12,10,0,0,0.0666666666666667,0.466666666666667,0.4
173,"Rhinolophus ferrumequinum",44.588801,4.523431,2025-05-17,"gbif","Warm Temperate","Moist","Cropland","Mountains","Warm Temperate Moist",100,150,37,"Warm Temperate Moist Cropland on Mountains","#649625",290,1453,17.7115384615385,76.3076923076923,8.35000000000002,9.55000000000001,1.19999999999999,9,9,0,0,1,1,0
173,"Rhinolophus ferrumequinum",43.0216,1.34513,2022-01-02,"gbif","Warm Temperate","Moist","Cropland","Mountains","Warm Temperate Moist",100,150,37,"Warm Temperate Moist Cropland on Mountains","#649625",369,1454,17.5423076923077,90.4615384615385,8.85000000000002,9.95000000000005,1.10000000000002,8,8,0,0,1,1,0
173,"Rhinolophus ferrumequinum",43.1492232145,-0.4045405682,2019-11-04,"inat","Warm Temperate","Moist","Cropland","Mountains","Warm Temperate Moist",100,150,37,"Warm Temperate Moist Cropland on Mountains","#649625",333,1455,17.2269230769231,140.692307692308,9.25000000000006,10.35,1.09999999999997,9,9,0,0,1,1,0
173,"Rhinolophus ferrumequinum",45.18631,1.66299,2022-06-30,"gbif","Warm Temperate","Moist","Cropland","Mountains","Warm Temperate Moist",100,150,37,"Warm Temperate Moist Cropland on Mountains","#649625",167,1456,17.2884615384615,97.6923076923077,8.05000000000001,9.05000000000001,1,8,8,0,0,1,1,0
173,"Rhinolophus ferrumequinum",43.25642,-0.76095,2023-02-08,"gbif","Warm Temperate","Moist","Cropland","Mountains","Warm Temperate Moist",100,150,37,"Warm Temperate Moist Cropland on Mountains","#649625",190,1457,18.2192307692308,120.153846153846,10.15,11.2500000000001,1.10000000000002,9,9,0,0,1,0.9375,-0.0625
173,"Rhinolophus ferrumequinum",43.25642,-0.76095,2022-07-19,"gbif","Warm Temperate","Moist","Cropland","Mountains","Warm Temperate Moist",100,150,37,"Warm Temperate Moist Cropland on Mountains","#649625",190,1458,18.2192307692308,120.153846153846,10.15,11.2500000000001,1.10000000000002,9,9,0,0,1,0.9375,-0.0625
173,"Rhinolophus ferrumequinum",43.02341,1.46768,2022-02-01,"gbif","Warm Temperate","Moist","Cropland","Mountains","Warm Temperate Moist",100,150,37,"Warm Temperate Moist Cropland on Mountains","#649625",568,1459,16.35,95.2307692307692,7.75000000000006,8.85000000000002,1.09999999999997,8,8,0,0,1,1,0
173,"Rhinolophus ferrumequinum",43.25642,-0.76095,2023-01-31,"gbif","Warm Temperate","Moist","Cropland","Mountains","Warm Temperate Moist",100,150,37,"Warm Temperate Moist Cropland on Mountains","#649625",190,1460,18.2192307692308,120.153846153846,10.15,11.2500000000001,1.10000000000002,9,9,0,0,1,0.9375,-0.0625
173,"Rhinolophus ferrumequinum",44.4726,2.43425,2022-01-22,"gbif","Warm Temperate","Moist","Cropland","Mountains","Warm Temperate Moist",100,150,37,"Warm Temperate Moist Cropland on Mountains","#649625",407,1461,16.3192307692308,64.9230769230769,7.45000000000005,8.55000000000001,1.09999999999997,9,9,0,0,1,1,0
173,"Rhinolophus ferrumequinum",44.38187,2.30963,2022-01-23,"gbif","Warm Temperate","Moist","Cropland","Mountains","Warm Temperate Moist",100,150,37,"Warm Temperate Moist Cropland on Mountains","#649625",575,1462,15.673076923077,80.0769230769231,7.05000000000001,8.15000000000003,1.10000000000002,14,14,0,0,0.642857142857143,0.571428571428571,-0.0714285714285715
173,"Barbastella barbastellus",43.7879189279,5.7119104614,2025-07-27,"inat","Warm Temperate","Moist","Cropland","Mountains","Warm Temperate Moist",100,150,37,"Warm Temperate Moist Cropland on Mountains","#649625",381,1463,18.3192307692308,44.3076923076923,8.05000000000001,9.45000000000005,1.40000000000003,9,9,0,0,1,1,0
173,"Rhinolophus ferrumequinum",43.16126,-0.37996,2022-11-04,"gbif","Warm Temperate","Moist","Cropland","Mountains","Warm Temperate Moist",100,150,37,"Warm Temperate Moist Cropland on Mountains","#649625",335,1464,17.2961538461539,136.923076923077,9.35000000000002,10.45,1.10000000000002,8,9,0,0,1,1,0
173,"Barbastella barbastellus",43.25642,-0.76095,2023-02-09,"gbif","Warm Temperate","Moist","Cropland","Mountains","Warm Temperate Moist",100,150,37,"Warm Temperate Moist Cropland on Mountains","#649625",190,1465,18.2192307692308,120.153846153846,10.15,11.2500000000001,1.10000000000002,9,9,0,0,1,0.9375,-0.0625
173,"Rhinolophus ferrumequinum",43.25642,-0.76095,2022-02-10,"gbif","Warm Temperate","Moist","Cropland","Mountains","Warm Temperate Moist",100,150,37,"Warm Temperate Moist Cropland on Mountains","#649625",190,1466,18.2192307692308,120.153846153846,10.15,11.2500000000001,1.10000000000002,9,9,0,0,1,0.9375,-0.0625
173,"Rhinolophus ferrumequinum",43.550653,3.385983,2023-07-15,"gbif","Warm Temperate","Moist","Cropland","Mountains","Warm Temperate Moist",100,150,37,"Warm Temperate Moist Cropland on Mountains","#649625",80,1467,18.3269230769231,38.1538461538462,10.45,11.65,1.19999999999999,9,9,0,0,1,1,0
173,"Rhinolophus ferrumequinum",43.25642,-0.76095,2023-02-09,"gbif","Warm Temperate","Moist","Cropland","Mountains","Warm Temperate Moist",100,150,37,"Warm Temperate Moist Cropland on Mountains","#649625",190,1468,18.2192307692308,120.153846153846,10.15,11.2500000000001,1.10000000000002,9,9,0,0,1,0.9375,-0.0625
173,"Rhinolophus ferrumequinum",43.02509,1.59024,2022-04-12,"gbif","Warm Temperate","Moist","Cropland","Mountains","Warm Temperate Moist",100,150,37,"Warm Temperate Moist Cropland on Mountains","#649625",373,1469,17.3576923076923,87.3846153846154,8.75000000000006,9.85000000000002,1.09999999999997,8,8,0,0,1,1,0
173,"Barbastella barbastellus",43.25642,-0.76095,2022-02-10,"gbif","Warm Temperate","Moist","Cropland","Mountains","Warm Temperate Moist",100,150,37,"Warm Temperate Moist Cropland on Mountains","#649625",190,1470,18.2192307692308,120.153846153846,10.15,11.2500000000001,1.10000000000002,9,9,0,0,1,0.9375,-0.0625
173,"Rhinolophus ferrumequinum",43.912248,5.203994,2026-01-24,"gbif","Warm Temperate","Moist","Cropland","Mountains","Warm Temperate Moist",100,150,37,"Warm Temperate Moist Cropland on Mountains","#649625",281,1471,18.4269230769231,50.6923076923077,8.75000000000006,10.15,1.39999999999998,9,9,0,0,0.928571428571429,1,0.0714285714285714
173,"Rhinolophus ferrumequinum",43.25642,-0.76095,2022-07-13,"gbif","Warm Temperate","Moist","Cropland","Mountains","Warm Temperate Moist",100,150,37,"Warm Temperate Moist Cropland on Mountains","#649625",190,1472,18.2192307692308,120.153846153846,10.15,11.2500000000001,1.10000000000002,9,9,0,0,1,0.9375,-0.0625
173,"Rhinolophus ferrumequinum",44.4726,2.43425,2022-01-22,"gbif","Warm Temperate","Moist","Cropland","Mountains","Warm Temperate Moist",100,150,37,"Warm Temperate Moist Cropland on Mountains","#649625",407,1473,16.3192307692308,64.9230769230769,7.45000000000005,8.55000000000001,1.09999999999997,9,9,0,0,1,1,0
173,"Rhinolophus ferrumequinum",43.857104,5.698306,2026-02-27,"gbif","Warm Temperate","Moist","Cropland","Mountains","Warm Temperate Moist",100,150,37,"Warm Temperate Moist Cropland on Mountains","#649625",571,1474,16.973076923077,49.4615384615385,7.05000000000001,8.45000000000005,1.40000000000003,9,9,0,0,0.642857142857143,0.642857142857143,0
173,"Barbastella barbastellus",44.38187,2.30963,2022-01-22,"gbif","Warm Temperate","Moist","Cropland","Mountains","Warm Temperate Moist",100,150,37,"Warm Temperate Moist Cropland on Mountains","#649625",575,1475,15.673076923077,80.0769230769231,7.05000000000001,8.15000000000003,1.10000000000002,14,14,0,0,0.642857142857143,0.571428571428571,-0.0714285714285715
173,"Rhinolophus ferrumequinum",43.36386,2.814658,2024-02-22,"gbif","Warm Temperate","Moist","Cropland","Mountains","Warm Temperate Moist",100,150,37,"Warm Temperate Moist Cropland on Mountains","#649625",207,1476,17.7884615384616,52.8461538461538,9.55000000000001,10.65,1.10000000000002,8,8,0,0,1,1,0
173,"Barbastella barbastellus",43.691893,3.068507,2024-11-16,"gbif","Warm Temperate","Moist","Cropland","Mountains","Warm Temperate Moist",100,150,37,"Warm Temperate Moist Cropland on Mountains","#649625",586,1477,15.35,63,7.15000000000003,8.25000000000006,1.10000000000002,8,8,0,0,1,1,0
173,"Rhinolophus ferrumequinum",43.16126,-0.37996,2022-04-06,"gbif","Warm Temperate","Moist","Cropland","Mountains","Warm Temperate Moist",100,150,37,"Warm Temperate Moist Cropland on Mountains","#649625",335,1478,17.2961538461539,136.923076923077,9.35000000000002,10.45,1.10000000000002,8,9,0,0,1,1,0
173,"Rhinolophus ferrumequinum",43.460019,3.066017,2025-02-15,"gbif","Warm Temperate","Moist","Cropland","Mountains","Warm Temperate Moist",100,150,37,"Warm Temperate Moist Cropland on Mountains","#649625",71,1479,18.4884615384616,45.5384615384615,10.05,11.15,1.10000000000002,9,10,0,0,0.666666666666667,0.4,-0.266666666666667
173,"Rhinolophus ferrumequinum",43.25642,-0.76095,2023-02-06,"gbif","Warm Temperate","Moist","Cropland","Mountains","Warm Temperate Moist",100,150,37,"Warm Temperate Moist Cropland on Mountains","#649625",190,1480,18.2192307692308,120.153846153846,10.15,11.2500000000001,1.10000000000002,9,9,0,0,1,0.9375,-0.0625
173,"Rhinolophus ferrumequinum",43.75386,3.18621,2022-01-22,"gbif","Warm Temperate","Moist","Cropland","Mountains","Warm Temperate Moist",100,150,37,"Warm Temperate Moist Cropland on Mountains","#649625",454,1481,16.1807692307693,57,7.75000000000006,8.95000000000005,1.19999999999999,9,8,0,0,1,1,0
173,"Barbastella barbastellus",46.7374733894,5.5144145093,2024-10-05,"inat","Warm Temperate","Moist","Cropland","Mountains","Warm Temperate Moist",100,150,37,"Warm Temperate Moist Cropland on Mountains","#649625",239,1482,16.6884615384616,90.1538461538462,7.05000000000001,8.25000000000006,1.20000000000005,14,14,0,0,0,0,0
173,"Barbastella barbastellus",43.675969,3.0845,2024-02-10,"gbif","Warm Temperate","Moist","Cropland","Mountains","Warm Temperate Moist",100,150,37,"Warm Temperate Moist Cropland on Mountains","#649625",489,1483,16.3269230769231,56.7692307692308,7.95000000000005,9.05000000000001,1.09999999999997,8,8,0,0,1,1,0
173,"Rhinolophus ferrumequinum",43.9511862169,3.8709125177,NA,"inat","Warm Temperate","Moist","Cropland","Mountains","Warm Temperate Moist",100,150,37,"Warm Temperate Moist Cropland on Mountains","#649625",155,1484,18.9346153846154,49.3076923076923,9.25000000000006,10.45,1.19999999999999,8,9,0,0,1,1,0
173,"Rhinolophus ferrumequinum",43.16126,-0.37996,2022-04-06,"gbif","Warm Temperate","Moist","Cropland","Mountains","Warm Temperate Moist",100,150,37,"Warm Temperate Moist Cropland on Mountains","#649625",335,1485,17.2961538461539,136.923076923077,9.35000000000002,10.45,1.10000000000002,8,9,0,0,1,1,0
173,"Rhinolophus ferrumequinum",43.57193,2.31937,2022-09-07,"gbif","Warm Temperate","Moist","Cropland","Mountains","Warm Temperate Moist",100,150,37,"Warm Temperate Moist Cropland on Mountains","#649625",215,1486,17.0269230769231,91,8.75000000000006,9.85000000000002,1.09999999999997,12,12,0,0,0.285714285714286,0.214285714285714,-0.0714285714285714
173,"Barbastella barbastellus",43.899761,3.861315,2024-09-11,"gbif","Warm Temperate","Moist","Cropland","Mountains","Warm Temperate Moist",100,150,37,"Warm Temperate Moist Cropland on Mountains","#649625",189,1487,18.8653846153846,47.2307692307692,9.25000000000006,10.45,1.19999999999999,10,10,0,0,0.428571428571429,0.285714285714286,-0.142857142857143
173,"Rhinolophus ferrumequinum",43.25642,-0.76095,2022-02-10,"gbif","Warm Temperate","Moist","Cropland","Mountains","Warm Temperate Moist",100,150,37,"Warm Temperate Moist Cropland on Mountains","#649625",190,1488,18.2192307692308,120.153846153846,10.15,11.2500000000001,1.10000000000002,9,9,0,0,1,0.9375,-0.0625
173,"Rhinolophus ferrumequinum",43.25642,-0.76095,2023-02-09,"gbif","Warm Temperate","Moist","Cropland","Mountains","Warm Temperate Moist",100,150,37,"Warm Temperate Moist Cropland on Mountains","#649625",190,1489,18.2192307692308,120.153846153846,10.15,11.2500000000001,1.10000000000002,9,9,0,0,1,0.9375,-0.0625
173,"Barbastella barbastellus",43.915529,3.990059,2024-05-04,"gbif","Warm Temperate","Moist","Cropland","Mountains","Warm Temperate Moist",100,150,37,"Warm Temperate Moist Cropland on Mountains","#649625",85,1490,19.5346153846154,47.3846153846154,9.65000000000003,10.85,1.19999999999999,9,9,0,0,1,1,0
173,"Barbastella barbastellus",43.25642,-0.76095,2022-02-10,"gbif","Warm Temperate","Moist","Cropland","Mountains","Warm Temperate Moist",100,150,37,"Warm Temperate Moist Cropland on Mountains","#649625",190,1491,18.2192307692308,120.153846153846,10.15,11.2500000000001,1.10000000000002,9,9,0,0,1,0.9375,-0.0625
173,"Rhinolophus ferrumequinum",44.28615,4.31579,2022-01-27,"gbif","Warm Temperate","Moist","Cropland","Mountains","Warm Temperate Moist",100,150,37,"Warm Temperate Moist Cropland on Mountains","#649625",133,1492,19.0192307692308,57.3076923076923,9.55000000000001,10.85,1.30000000000001,12,12,0,0,0.133333333333333,0.266666666666667,0.133333333333333
173,"Barbastella barbastellus",43.716616,6.351551,2026-01-11,"gbif","Warm Temperate","Moist","Cropland","Mountains","Warm Temperate Moist",100,150,37,"Warm Temperate Moist Cropland on Mountains","#649625",879,1493,15.1961538461539,72.6153846153846,6.25000000000006,7.65000000000003,1.39999999999998,9,9,0,0,0.928571428571429,1,0.0714285714285714
173,"Rhinolophus ferrumequinum",43.5732,3.43313,2022-02-03,"gbif","Warm Temperate","Moist","Cropland","Mountains","Warm Temperate Moist",100,150,37,"Warm Temperate Moist Cropland on Mountains","#649625",109,1494,18.2269230769231,37,10.45,11.65,1.19999999999999,10,9,0,0,0.75,0.8125,0.0625
173,"Rhinolophus ferrumequinum",43.25642,-0.76095,2023-01-30,"gbif","Warm Temperate","Moist","Cropland","Mountains","Warm Temperate Moist",100,150,37,"Warm Temperate Moist Cropland on Mountains","#649625",190,1495,18.2192307692308,120.153846153846,10.15,11.2500000000001,1.10000000000002,9,9,0,0,1,0.9375,-0.0625
173,"Rhinolophus ferrumequinum",43.25642,-0.76095,2022-02-10,"gbif","Warm Temperate","Moist","Cropland","Mountains","Warm Temperate Moist",100,150,37,"Warm Temperate Moist Cropland on Mountains","#649625",190,1496,18.2192307692308,120.153846153846,10.15,11.2500000000001,1.10000000000002,9,9,0,0,1,0.9375,-0.0625
173,"Barbastella barbastellus",44.38187,2.30963,2022-01-23,"gbif","Warm Temperate","Moist","Cropland","Mountains","Warm Temperate Moist",100,150,37,"Warm Temperate Moist Cropland on Mountains","#649625",575,1497,15.673076923077,80.0769230769231,7.05000000000001,8.15000000000003,1.10000000000002,14,14,0,0,0.642857142857143,0.571428571428571,-0.0714285714285715
173,"Rhinolophus ferrumequinum",43.25642,-0.76095,2023-01-31,"gbif","Warm Temperate","Moist","Cropland","Mountains","Warm Temperate Moist",100,150,37,"Warm Temperate Moist Cropland on Mountains","#649625",190,1498,18.2192307692308,120.153846153846,10.15,11.2500000000001,1.10000000000002,9,9,0,0,1,0.9375,-0.0625
173,"Barbastella barbastellus",44.38187,2.30963,2022-01-23,"gbif","Warm Temperate","Moist","Cropland","Mountains","Warm Temperate Moist",100,150,37,"Warm Temperate Moist Cropland on Mountains","#649625",575,1499,15.673076923077,80.0769230769231,7.05000000000001,8.15000000000003,1.10000000000002,14,14,0,0,0.642857142857143,0.571428571428571,-0.0714285714285715
173,"Rhinolophus ferrumequinum",43.25642,-0.76095,2022-02-10,"gbif","Warm Temperate","Moist","Cropland","Mountains","Warm Temperate Moist",100,150,37,"Warm Temperate Moist Cropland on Mountains","#649625",190,1500,18.2192307692308,120.153846153846,10.15,11.2500000000001,1.10000000000002,9,9,0,0,1,0.9375,-0.0625
173,"Rhinolophus ferrumequinum",43.25642,-0.76095,2022-10-13,"gbif","Warm Temperate","Moist","Cropland","Mountains","Warm Temperate Moist",100,150,37,"Warm Temperate Moist Cropland on Mountains","#649625",190,1501,18.2192307692308,120.153846153846,10.15,11.2500000000001,1.10000000000002,9,9,0,0,1,0.9375,-0.0625
173,"Rhinolophus ferrumequinum",43.928015,5.771223,2025-02-04,"gbif","Warm Temperate","Moist","Cropland","Mountains","Warm Temperate Moist",100,150,37,"Warm Temperate Moist Cropland on Mountains","#649625",417,1502,17.8653846153846,47.3846153846154,7.65000000000003,9.05000000000001,1.39999999999998,12,12,0,0,0.266666666666667,0.266666666666667,0
173,"Rhinolophus ferrumequinum",44.38187,2.30963,2022-01-23,"gbif","Warm Temperate","Moist","Cropland","Mountains","Warm Temperate Moist",100,150,37,"Warm Temperate Moist Cropland on Mountains","#649625",575,1503,15.673076923077,80.0769230769231,7.05000000000001,8.15000000000003,1.10000000000002,14,14,0,0,0.642857142857143,0.571428571428571,-0.0714285714285715
173,"Rhinolophus ferrumequinum",43.25642,-0.76095,2022-02-01,"gbif","Warm Temperate","Moist","Cropland","Mountains","Warm Temperate Moist",100,150,37,"Warm Temperate Moist Cropland on Mountains","#649625",190,1504,18.2192307692308,120.153846153846,10.15,11.2500000000001,1.10000000000002,9,9,0,0,1,0.9375,-0.0625
173,"Rhinolophus ferrumequinum",43.25642,-0.76095,2022-02-04,"gbif","Warm Temperate","Moist","Cropland","Mountains","Warm Temperate Moist",100,150,37,"Warm Temperate Moist Cropland on Mountains","#649625",190,1505,18.2192307692308,120.153846153846,10.15,11.2500000000001,1.10000000000002,9,9,0,0,1,0.9375,-0.0625
173,"Rhinolophus ferrumequinum",43.25642,-0.76095,2023-01-31,"gbif","Warm Temperate","Moist","Cropland","Mountains","Warm Temperate Moist",100,150,37,"Warm Temperate Moist Cropland on Mountains","#649625",190,1506,18.2192307692308,120.153846153846,10.15,11.2500000000001,1.10000000000002,9,9,0,0,1,0.9375,-0.0625
175,"Rhinolophus ferrumequinum",43.84187,3.68384,2022-01-22,"gbif","Warm Temperate","Moist","Shrubland","Mountains","Warm Temperate Moist",102,130,4,"Warm Temperate Moist Shrubland on Mountains","#668204",156,1507,18.6269230769231,43.8461538461538,9.25000000000006,10.45,1.19999999999999,8,8,0,0,1,1,0
175,"Rhinolophus ferrumequinum",43.839836,3.656365,2025-07-03,"gbif","Warm Temperate","Moist","Shrubland","Mountains","Warm Temperate Moist",102,130,4,"Warm Temperate Moist Shrubland on Mountains","#668204",160,1508,18.5961538461539,46.0769230769231,9.35000000000002,10.55,1.19999999999999,8,9,0,0,1,1,0
175,"Barbastella barbastellus",42.1504248348,8.7392110301,2025-07-29,"inat","Warm Temperate","Moist","Shrubland","Mountains","Warm Temperate Moist",102,130,4,"Warm Temperate Moist Shrubland on Mountains","#668204",145,1509,18.1192307692308,127.076923076923,13.45,14.7500000000001,1.30000000000001,NA,NA,NA,NA,0,0,0
175,"Rhinolophus ferrumequinum",43.973446,3.742099,2024-08-30,"gbif","Warm Temperate","Moist","Shrubland","Mountains","Warm Temperate Moist",102,130,4,"Warm Temperate Moist Shrubland on Mountains","#668204",526,1510,16.4653846153847,54.3846153846154,7.45000000000005,8.65000000000003,1.19999999999999,8,8,0,0,1,1,0
175,"Rhinolophus ferrumequinum",43.8969621686,3.7781353754,2026-01-24,"inat","Warm Temperate","Moist","Shrubland","Mountains","Warm Temperate Moist",102,130,4,"Warm Temperate Moist Shrubland on Mountains","#668204",303,1511,18.1192307692308,48.3846153846154,8.75000000000006,9.95000000000005,1.19999999999999,8,8,0,0,1,1,0
175,"Rhinolophus ferrumequinum",44.4220286368,4.2737450157,2026-02-24,"inat","Warm Temperate","Moist","Shrubland","Mountains","Warm Temperate Moist",102,130,4,"Warm Temperate Moist Shrubland on Mountains","#668204",137,1512,18.8423076923077,70.4615384615385,9.35000000000002,10.55,1.19999999999999,9,8,0,0,1,1,0
175,"Rhinolophus ferrumequinum",43.428488,2.98803,2022-01-15,"gbif","Warm Temperate","Moist","Shrubland","Mountains","Warm Temperate Moist",102,130,4,"Warm Temperate Moist Shrubland on Mountains","#668204",231,1513,17.8269230769231,49.1538461538462,9.55000000000001,10.65,1.10000000000002,8,9,0,0,1,1,0
175,"Rhinolophus ferrumequinum",44.422029,4.273745,2026-02-24,"gbif","Warm Temperate","Moist","Shrubland","Mountains","Warm Temperate Moist",102,130,4,"Warm Temperate Moist Shrubland on Mountains","#668204",137,1514,18.8423076923077,70.4615384615385,9.35000000000002,10.55,1.19999999999999,9,8,0,0,1,1,0
175,"Rhinolophus ferrumequinum",43.84187,3.68384,2022-02-23,"gbif","Warm Temperate","Moist","Shrubland","Mountains","Warm Temperate Moist",102,130,4,"Warm Temperate Moist Shrubland on Mountains","#668204",156,1515,18.6269230769231,43.8461538461538,9.25000000000006,10.45,1.19999999999999,8,8,0,0,1,1,0
175,"Barbastella barbastellus",42.150425,8.739211,2025-07-29,"gbif","Warm Temperate","Moist","Shrubland","Mountains","Warm Temperate Moist",102,130,4,"Warm Temperate Moist Shrubland on Mountains","#668204",145,1516,18.1192307692308,127.076923076923,13.45,14.7500000000001,1.30000000000001,NA,NA,NA,NA,0,0,0
176,"Rhinolophus ferrumequinum",43.387052,5.970511,2026-01-11,"gbif","Warm Temperate","Moist","Forest","Mountains","Warm Temperate Moist",49,105,3,"Warm Temperate Moist Forest on Mountains","#316903",281,1517,18.9038461538462,43.6153846153846,9.65000000000003,11.05,1.39999999999998,8,8,0,0,1,1,0
176,"Rhinolophus ferrumequinum",43.989681,3.853191,2023-12-26,"gbif","Warm Temperate","Moist","Forest","Mountains","Warm Temperate Moist",49,105,3,"Warm Temperate Moist Forest on Mountains","#316903",269,1518,18.2115384615385,54.1538461538462,8.65000000000003,9.85000000000002,1.19999999999999,5,1,0,0,1,1,0
176,"Rhinolophus ferrumequinum",44.4046511405,4.4570707877,2026-04-09,"inat","Warm Temperate","Moist","Forest","Mountains","Warm Temperate Moist",49,105,3,"Warm Temperate Moist Forest on Mountains","#316903",418,1519,17.4423076923077,72.6923076923077,8.15000000000003,9.45000000000005,1.30000000000001,8,8,0,0,1,1,0
176,"Rhinolophus ferrumequinum",43.832813,3.566292,2023-12-03,"gbif","Warm Temperate","Moist","Forest","Mountains","Warm Temperate Moist",49,105,3,"Warm Temperate Moist Forest on Mountains","#316903",495,1520,16.5730769230769,49.7692307692308,7.75000000000006,8.95000000000005,1.19999999999999,8,8,0,0,1,1,0
176,"Rhinolophus ferrumequinum",44.74325,2.55786,2023-02-03,"gbif","Warm Temperate","Moist","Forest","Mountains","Warm Temperate Moist",49,105,3,"Warm Temperate Moist Forest on Mountains","#316903",476,1521,16.0807692307692,78.0769230769231,7.25000000000006,8.35000000000002,1.09999999999997,8,8,0,0,1,1,0
176,"Rhinolophus ferrumequinum",43.971267,7.539863,2024-05-30,"gbif","Warm Temperate","Moist","Forest","Mountains","Warm Temperate Moist",49,105,3,"Warm Temperate Moist Forest on Mountains","#316903",421,1522,16.8192307692308,77.4615384615385,8.95000000000005,10.2500000000001,1.30000000000001,5,5,0,0,1,1,0
176,"Rhinolophus ferrumequinum",43.716399,3.524906,2022-01-09,"gbif","Warm Temperate","Moist","Forest","Mountains","Warm Temperate Moist",49,105,3,"Warm Temperate Moist Forest on Mountains","#316903",325,1523,17.6884615384616,40.6923076923077,9.15000000000003,10.35,1.19999999999999,8,8,0,0,0.9375,1,0.0625
176,"Rhinolophus ferrumequinum",43.93186,3.68492,2022-01-15,"gbif","Warm Temperate","Moist","Forest","Mountains","Warm Temperate Moist",49,105,3,"Warm Temperate Moist Forest on Mountains","#316903",424,1524,17.3269230769231,49.3846153846154,8.15000000000003,9.35000000000002,1.19999999999999,1,1,0,0,1,1,0
176,"Rhinolophus ferrumequinum",44.10616,4.31163,2022-01-18,"gbif","Warm Temperate","Moist","Forest","Mountains","Warm Temperate Moist",49,105,3,"Warm Temperate Moist Forest on Mountains","#316903",317,1525,18.3576923076923,58.0769230769231,8.75000000000006,10.05,1.29999999999995,1,1,0,0,1,1,0
176,"Rhinolophus ferrumequinum",42.58429,2.69586,2022-01-30,"gbif","Warm Temperate","Moist","Forest","Mountains","Warm Temperate Moist",49,105,3,"Warm Temperate Moist Forest on Mountains","#316903",290,1526,18.2653846153847,76.0769230769231,9.75000000000006,10.85,1.09999999999997,8,8,0,0,1,1,0
176,"Rhinolophus ferrumequinum",43.15604,-0.58734,2022-05-13,"gbif","Warm Temperate","Moist","Forest","Mountains","Warm Temperate Moist",49,105,3,"Warm Temperate Moist Forest on Mountains","#316903",272,1527,17.7423076923077,132.846153846154,9.75000000000006,10.85,1.09999999999997,8,9,0,0,0.8125,0.875,0.0625
176,"Rhinolophus ferrumequinum",43.57404,2.93812,2022-01-15,"gbif","Warm Temperate","Moist","Forest","Mountains","Warm Temperate Moist",49,105,3,"Warm Temperate Moist Forest on Mountains","#316903",329,1528,17.1423076923077,59.0769230769231,8.75000000000006,9.85000000000002,1.09999999999997,8,8,0,0,1,1,0
176,"Rhinolophus ferrumequinum",43.57404,3.06188,2022-01-15,"gbif","Warm Temperate","Moist","Forest","Mountains","Warm Temperate Moist",49,105,3,"Warm Temperate Moist Forest on Mountains","#316903",200,1529,17.3038461538462,52.9230769230769,8.85000000000002,9.95000000000005,1.10000000000002,4,4,0,0,1,1,0
176,"Rhinolophus ferrumequinum",43.928616,3.943778,2026-02-27,"gbif","Warm Temperate","Moist","Forest","Mountains","Warm Temperate Moist",49,105,3,"Warm Temperate Moist Forest on Mountains","#316903",164,1530,18.9423076923077,49.2307692307692,9.15000000000003,10.35,1.19999999999999,5,5,0,0,1,1,0
176,"Rhinolophus ferrumequinum",44.65322,2.55856,2022-01-28,"gbif","Warm Temperate","Moist","Forest","Mountains","Warm Temperate Moist",49,105,3,"Warm Temperate Moist Forest on Mountains","#316903",445,1531,15.9346153846154,76.7692307692308,7.05000000000001,8.15000000000003,1.10000000000002,9,9,0,0,0.857142857142857,0.857142857142857,0
176,"Rhinolophus ferrumequinum",43.75259,3.55863,2022-01-19,"gbif","Warm Temperate","Moist","Forest","Mountains","Warm Temperate Moist",49,105,3,"Warm Temperate Moist Forest on Mountains","#316903",237,1532,17.9576923076924,42.8461538461538,9.15000000000003,10.35,1.19999999999999,8,8,0,0,1,1,0
176,"Rhinolophus ferrumequinum",43.05924,-0.74234,2022-02-18,"gbif","Warm Temperate","Moist","Forest","Mountains","Warm Temperate Moist",49,105,3,"Warm Temperate Moist Forest on Mountains","#316903",804,1533,15.3346153846154,147.384615384615,7.45000000000005,8.55000000000001,1.09999999999997,4,4,0,0,1,1,0
176,"Barbastella barbastellus",43.721775,3.063343,2024-02-10,"gbif","Warm Temperate","Moist","Forest","Mountains","Warm Temperate Moist",49,105,3,"Warm Temperate Moist Forest on Mountains","#316903",599,1534,15.0653846153846,67.8461538461538,6.95000000000005,8.05000000000001,1.09999999999997,5,8,0,0,1,1,0
176,"Rhinolophus ferrumequinum",44.13388,3.807174,2022-07-13,"gbif","Warm Temperate","Moist","Forest","Mountains","Warm Temperate Moist",49,105,3,"Warm Temperate Moist Forest on Mountains","#316903",534,1535,16.8115384615385,66.7692307692308,7.75000000000006,8.95000000000005,1.19999999999999,5,5,0,0,1,1,0
176,"Rhinolophus ferrumequinum",45.0077,1.79419,2022-07-09,"gbif","Warm Temperate","Moist","Forest","Mountains","Warm Temperate Moist",49,105,3,"Warm Temperate Moist Forest on Mountains","#316903",246,1536,17.0346153846154,96.0769230769231,7.95000000000005,8.95000000000005,1,8,8,0,0,1,1,0
176,"Rhinolophus ferrumequinum",43.29539,-1.62098,2022-02-17,"gbif","Warm Temperate","Moist","Forest","Mountains","Warm Temperate Moist",49,105,3,"Warm Temperate Moist Forest on Mountains","#316903",473,1537,15.9346153846154,189.923076923077,9.55000000000001,10.55,1,8,8,0,0,1,1,0
176,"Rhinolophus ferrumequinum",44.404651,4.457071,2026-04-09,"gbif","Warm Temperate","Moist","Forest","Mountains","Warm Temperate Moist",49,105,3,"Warm Temperate Moist Forest on Mountains","#316903",418,1538,17.4423076923077,72.6923076923077,8.15000000000003,9.45000000000005,1.30000000000001,8,8,0,0,1,1,0
176,"Rhinolophus ferrumequinum",43.75259,3.55863,2022-01-15,"gbif","Warm Temperate","Moist","Forest","Mountains","Warm Temperate Moist",49,105,3,"Warm Temperate Moist Forest on Mountains","#316903",237,1539,17.9576923076924,42.8461538461538,9.15000000000003,10.35,1.19999999999999,8,8,0,0,1,1,0
176,"Rhinolophus ferrumequinum",44.74325,2.55786,2022-01-29,"gbif","Warm Temperate","Moist","Forest","Mountains","Warm Temperate Moist",49,105,3,"Warm Temperate Moist Forest on Mountains","#316903",476,1540,16.0807692307692,78.0769230769231,7.25000000000006,8.35000000000002,1.09999999999997,8,8,0,0,1,1,0
176,"Rhinolophus ferrumequinum",44.74325,2.55786,2022-01-29,"gbif","Warm Temperate","Moist","Forest","Mountains","Warm Temperate Moist",49,105,3,"Warm Temperate Moist Forest on Mountains","#316903",476,1541,16.0807692307692,78.0769230769231,7.25000000000006,8.35000000000002,1.09999999999997,8,8,0,0,1,1,0
176,"Rhinolophus ferrumequinum",44.74325,2.55786,2022-01-29,"gbif","Warm Temperate","Moist","Forest","Mountains","Warm Temperate Moist",49,105,3,"Warm Temperate Moist Forest on Mountains","#316903",476,1542,16.0807692307692,78.0769230769231,7.25000000000006,8.35000000000002,1.09999999999997,8,8,0,0,1,1,0
176,"Rhinolophus ferrumequinum",43.75259,3.55863,2022-01-15,"gbif","Warm Temperate","Moist","Forest","Mountains","Warm Temperate Moist",49,105,3,"Warm Temperate Moist Forest on Mountains","#316903",237,1543,17.9576923076924,42.8461538461538,9.15000000000003,10.35,1.19999999999999,8,8,0,0,1,1,0
176,"Rhinolophus ferrumequinum",43.629992,3.11569,2024-11-16,"gbif","Warm Temperate","Moist","Forest","Mountains","Warm Temperate Moist",49,105,3,"Warm Temperate Moist Forest on Mountains","#316903",314,1544,17.4115384615385,49.0769230769231,8.95000000000005,10.05,1.09999999999997,2,2,0,0,1,1,0
176,"Rhinolophus ferrumequinum",43.739091,3.173794,2024-11-16,"gbif","Warm Temperate","Moist","Forest","Mountains","Warm Temperate Moist",49,105,3,"Warm Temperate Moist Forest on Mountains","#316903",428,1545,16.35,53.8461538461538,7.95000000000005,9.15000000000003,1.19999999999999,8,8,0,0,1,1,0
176,"Barbastella barbastellus",44.263444,3.844646,2024-06-23,"gbif","Warm Temperate","Moist","Forest","Mountains","Warm Temperate Moist",49,105,3,"Warm Temperate Moist Forest on Mountains","#316903",621,1546,15.9653846153847,74.0769230769231,7.15000000000003,8.35000000000002,1.19999999999999,8,5,0,0,1,1,0
176,"Rhinolophus ferrumequinum",43.71497,5.91603,2022-01-29,"gbif","Warm Temperate","Moist","Forest","Mountains","Warm Temperate Moist",49,105,3,"Warm Temperate Moist Forest on Mountains","#316903",464,1547,18.2730769230769,44,7.95000000000005,9.35000000000002,1.39999999999998,8,8,0,0,1,1,0
176,"Rhinolophus ferrumequinum",43.75103,3.8069,2022-01-22,"gbif","Warm Temperate","Moist","Forest","Mountains","Warm Temperate Moist",49,105,3,"Warm Temperate Moist Forest on Mountains","#316903",222,1548,18.3807692307693,43.6153846153846,9.25000000000006,10.45,1.19999999999999,1,1,0,0,1,1,0
176,"Rhinolophus ferrumequinum",43.43088,6.39581,2022-02-01,"gbif","Warm Temperate","Moist","Forest","Mountains","Warm Temperate Moist",49,105,3,"Warm Temperate Moist Forest on Mountains","#316903",82,1549,19.8115384615385,50.8461538461538,11.35,12.7500000000001,1.40000000000003,1,1,0,0,1,1,0
176,"Barbastella barbastellus",45.5778186955,4.7540623692,2013-02-26,"inat","Warm Temperate","Moist","Forest","Mountains","Warm Temperate Moist",49,105,3,"Warm Temperate Moist Forest on Mountains","#316903",232,1550,17.2730769230769,54.8461538461538,7.35000000000002,8.55000000000001,1.19999999999999,9,9,0,0,0.533333333333333,0.533333333333333,0
176,"Rhinolophus ferrumequinum",44.74325,2.55786,2022-01-28,"gbif","Warm Temperate","Moist","Forest","Mountains","Warm Temperate Moist",49,105,3,"Warm Temperate Moist Forest on Mountains","#316903",476,1551,16.0807692307692,78.0769230769231,7.25000000000006,8.35000000000002,1.09999999999997,8,8,0,0,1,1,0
176,"Rhinolophus ferrumequinum",44.74325,2.55786,2022-01-28,"gbif","Warm Temperate","Moist","Forest","Mountains","Warm Temperate Moist",49,105,3,"Warm Temperate Moist Forest on Mountains","#316903",476,1552,16.0807692307692,78.0769230769231,7.25000000000006,8.35000000000002,1.09999999999997,8,8,0,0,1,1,0
176,"Rhinolophus ferrumequinum",44.74325,2.55786,2022-01-28,"gbif","Warm Temperate","Moist","Forest","Mountains","Warm Temperate Moist",49,105,3,"Warm Temperate Moist Forest on Mountains","#316903",476,1553,16.0807692307692,78.0769230769231,7.25000000000006,8.35000000000002,1.09999999999997,8,8,0,0,1,1,0
176,"Rhinolophus ferrumequinum",44.65322,2.55856,2022-01-28,"gbif","Warm Temperate","Moist","Forest","Mountains","Warm Temperate Moist",49,105,3,"Warm Temperate Moist Forest on Mountains","#316903",445,1554,15.9346153846154,76.7692307692308,7.05000000000001,8.15000000000003,1.10000000000002,9,9,0,0,0.857142857142857,0.857142857142857,0
176,"Rhinolophus ferrumequinum",45.0077,1.79419,2022-01-01,"gbif","Warm Temperate","Moist","Forest","Mountains","Warm Temperate Moist",49,105,3,"Warm Temperate Moist Forest on Mountains","#316903",246,1555,17.0346153846154,96.0769230769231,7.95000000000005,8.95000000000005,1,8,8,0,0,1,1,0
176,"Barbastella barbastellus",43.975926,3.663813,2026-01-09,"gbif","Warm Temperate","Moist","Forest","Mountains","Warm Temperate Moist",49,105,3,"Warm Temperate Moist Forest on Mountains","#316903",523,1556,16.5346153846154,52.7692307692308,7.55000000000001,8.75000000000006,1.20000000000005,5,5,0,0,1,1,0
176,"Rhinolophus ferrumequinum",43.01532,0.97753,2022-01-22,"gbif","Warm Temperate","Moist","Forest","Mountains","Warm Temperate Moist",49,105,3,"Warm Temperate Moist Forest on Mountains","#316903",611,1557,15.9346153846154,112.230769230769,7.35000000000002,8.45000000000005,1.10000000000002,5,5,0,0,1,1,0
176,"Barbastella barbastellus",43.8710152844,5.7411939152,2024-08-20,"inat","Warm Temperate","Moist","Forest","Mountains","Warm Temperate Moist",49,105,3,"Warm Temperate Moist Forest on Mountains","#316903",585,1558,17.0576923076923,50.0769230769231,7.05000000000001,8.45000000000005,1.40000000000003,8,8,0,0,1,1,0
176,"Rhinolophus ferrumequinum",43.648806,3.043629,2025-02-22,"gbif","Warm Temperate","Moist","Forest","Mountains","Warm Temperate Moist",49,105,3,"Warm Temperate Moist Forest on Mountains","#316903",376,1559,16.0961538461539,59,7.85000000000002,8.95000000000005,1.10000000000002,5,5,0,0,1,1,0
176,"Rhinolophus ferrumequinum",43.3870521896,5.9705108559,2026-01-11,"inat","Warm Temperate","Moist","Forest","Mountains","Warm Temperate Moist",49,105,3,"Warm Temperate Moist Forest on Mountains","#316903",281,1560,18.9038461538462,43.6153846153846,9.65000000000003,11.05,1.39999999999998,8,8,0,0,1,1,0
176,"Rhinolophus ferrumequinum",44.65193,2.30633,2022-08-03,"gbif","Warm Temperate","Moist","Forest","Mountains","Warm Temperate Moist",49,105,3,"Warm Temperate Moist Forest on Mountains","#316903",411,1561,15.9653846153847,88.7692307692308,7.15000000000003,8.25000000000006,1.10000000000002,8,8,0,0,1,1,0
176,"Rhinolophus ferrumequinum",44.74325,2.55786,2023-07-18,"gbif","Warm Temperate","Moist","Forest","Mountains","Warm Temperate Moist",49,105,3,"Warm Temperate Moist Forest on Mountains","#316903",476,1562,16.0807692307692,78.0769230769231,7.25000000000006,8.35000000000002,1.09999999999997,8,8,0,0,1,1,0
176,"Rhinolophus ferrumequinum",43.30204,2.32256,2022-01-05,"gbif","Warm Temperate","Moist","Forest","Mountains","Warm Temperate Moist",49,105,3,"Warm Temperate Moist Forest on Mountains","#316903",248,1563,17.3653846153846,66.7692307692308,9.05000000000001,10.15,1.10000000000002,8,8,0,0,1,1,0
176,"Rhinolophus ferrumequinum",44.10758,1.81327,2022-01-19,"gbif","Warm Temperate","Moist","Forest","Mountains","Warm Temperate Moist",49,105,3,"Warm Temperate Moist Forest on Mountains","#316903",248,1564,17.2884615384615,74.6923076923077,8.55000000000001,9.65000000000003,1.10000000000002,4,4,0,0,1,1,0
176,"Rhinolophus ferrumequinum",43.07881,-0.12954,2022-01-20,"gbif","Warm Temperate","Moist","Forest","Mountains","Warm Temperate Moist",49,105,3,"Warm Temperate Moist Forest on Mountains","#316903",641,1565,15.4269230769231,137.230769230769,7.45000000000005,8.55000000000001,1.09999999999997,4,4,0,0,1,1,0
176,"Rhinolophus ferrumequinum",45.0077,1.79419,2022-07-08,"gbif","Warm Temperate","Moist","Forest","Mountains","Warm Temperate Moist",49,105,3,"Warm Temperate Moist Forest on Mountains","#316903",246,1566,17.0346153846154,96.0769230769231,7.95000000000005,8.95000000000005,1,8,8,0,0,1,1,0
176,"Rhinolophus ferrumequinum",45.28129,2.17094,2022-05-05,"gbif","Warm Temperate","Moist","Forest","Mountains","Warm Temperate Moist",49,105,3,"Warm Temperate Moist Forest on Mountains","#316903",438,1567,15.5576923076923,95.1538461538462,6.75000000000006,7.75000000000006,1,5,5,0,0,1,1,0
176,"Rhinolophus ferrumequinum",43.355538,2.363273,2025-04-30,"gbif","Warm Temperate","Moist","Forest","Mountains","Warm Temperate Moist",49,105,3,"Warm Temperate Moist Forest on Mountains","#316903",490,1568,16.2807692307692,72.8461538461538,8.15000000000003,9.25000000000006,1.10000000000002,2,2,0,0,1,1,0
176,"Rhinolophus ferrumequinum",43.08566,0.11568,2022-12-22,"gbif","Warm Temperate","Moist","Forest","Mountains","Warm Temperate Moist",49,105,3,"Warm Temperate Moist Forest on Mountains","#316903",588,1569,15.973076923077,122.153846153846,7.75000000000006,8.85000000000002,1.09999999999997,4,4,0,0,1,1,0
176,"Rhinolophus ferrumequinum",43.832094,7.24026,2023-04-12,"gbif","Warm Temperate","Moist","Forest","Mountains","Warm Temperate Moist",49,105,3,"Warm Temperate Moist Forest on Mountains","#316903",353,1570,17.2115384615385,78.6923076923077,9.95000000000005,11.2500000000001,1.30000000000001,8,8,0,0,1,1,0
176,"Barbastella barbastellus",45.581632073,4.7451911274,2026-01-12,"inat","Warm Temperate","Moist","Forest","Mountains","Warm Temperate Moist",49,105,3,"Warm Temperate Moist Forest on Mountains","#316903",193,1571,17.173076923077,54.9230769230769,7.25000000000006,8.45000000000005,1.19999999999999,13,13,0,0,0.466666666666667,0.466666666666667,0
176,"Rhinolophus ferrumequinum",43.3011725851,5.8365318425,2025-12-06,"inat","Warm Temperate","Moist","Forest","Mountains","Warm Temperate Moist",49,105,3,"Warm Temperate Moist Forest on Mountains","#316903",598,1572,15.9807692307693,46.9230769230769,8.85000000000002,10.35,1.5,2,2,0,0,1,1,0
176,"Rhinolophus ferrumequinum",44.3968916737,4.1137398239,2025-11-23,"inat","Warm Temperate","Moist","Forest","Mountains","Warm Temperate Moist",49,105,3,"Warm Temperate Moist Forest on Mountains","#316903",283,1573,17.55,80.6923076923077,8.35000000000002,9.55000000000001,1.19999999999999,8,8,0,0,1,1,0
176,"Rhinolophus ferrumequinum",44.02185,3.686,2022-02-04,"gbif","Warm Temperate","Moist","Forest","Mountains","Warm Temperate Moist",49,105,3,"Warm Temperate Moist Forest on Mountains","#316903",271,1574,17.673076923077,51.7692307692308,8.45000000000005,9.65000000000003,1.19999999999999,8,8,0,0,1,1,0
176,"Rhinolophus ferrumequinum",42.6109,2.3886,2023-05-16,"gbif","Warm Temperate","Moist","Forest","Mountains","Warm Temperate Moist",49,105,3,"Warm Temperate Moist Forest on Mountains","#316903",495,1575,17.2423076923077,74.7692307692308,8.85000000000002,9.95000000000005,1.10000000000002,8,8,0,0,1,1,0
176,"Rhinolophus ferrumequinum",44.74325,2.55786,2022-07-19,"gbif","Warm Temperate","Moist","Forest","Mountains","Warm Temperate Moist",49,105,3,"Warm Temperate Moist Forest on Mountains","#316903",476,1576,16.0807692307692,78.0769230769231,7.25000000000006,8.35000000000002,1.09999999999997,8,8,0,0,1,1,0
176,"Rhinolophus ferrumequinum",43.301173,5.836532,2025-12-06,"gbif","Warm Temperate","Moist","Forest","Mountains","Warm Temperate Moist",49,105,3,"Warm Temperate Moist Forest on Mountains","#316903",598,1577,15.9807692307693,46.9230769230769,8.85000000000002,10.35,1.5,2,2,0,0,1,1,0
176,"Rhinolophus ferrumequinum",43.7307047436,3.4689337652,2025-10-30,"inat","Warm Temperate","Moist","Forest","Mountains","Warm Temperate Moist",49,105,3,"Warm Temperate Moist Forest on Mountains","#316903",470,1578,16.7576923076924,47.1538461538462,8.25000000000006,9.45000000000005,1.19999999999999,2,2,0,0,1,1,0
176,"Rhinolophus ferrumequinum",44.74325,2.55786,2022-07-21,"gbif","Warm Temperate","Moist","Forest","Mountains","Warm Temperate Moist",49,105,3,"Warm Temperate Moist Forest on Mountains","#316903",476,1579,16.0807692307692,78.0769230769231,7.25000000000006,8.35000000000002,1.09999999999997,8,8,0,0,1,1,0
176,"Rhinolophus ferrumequinum",44.65322,2.55856,2022-01-28,"gbif","Warm Temperate","Moist","Forest","Mountains","Warm Temperate Moist",49,105,3,"Warm Temperate Moist Forest on Mountains","#316903",445,1580,15.9346153846154,76.7692307692308,7.05000000000001,8.15000000000003,1.10000000000002,9,9,0,0,0.857142857142857,0.857142857142857,0
176,"Rhinolophus ferrumequinum",42.1905446845,8.6644415207,2025-07-29,"inat","Warm Temperate","Moist","Forest","Mountains","Warm Temperate Moist",49,105,3,"Warm Temperate Moist Forest on Mountains","#316903",563,1581,15.6192307692308,138.230769230769,11.35,12.65,1.30000000000001,NA,NA,NA,NA,0,0,0
176,"Rhinolophus ferrumequinum",43.780688,3.447987,2025-06-26,"gbif","Warm Temperate","Moist","Forest","Mountains","Warm Temperate Moist",49,105,3,"Warm Temperate Moist Forest on Mountains","#316903",758,1582,15.1192307692308,52.6153846153846,6.75000000000006,7.95000000000005,1.19999999999999,8,8,0,0,1,1,0
176,"Barbastella barbastellus",44.74325,2.55786,2022-03-26,"gbif","Warm Temperate","Moist","Forest","Mountains","Warm Temperate Moist",49,105,3,"Warm Temperate Moist Forest on Mountains","#316903",476,1583,16.0807692307692,78.0769230769231,7.25000000000006,8.35000000000002,1.09999999999997,8,8,0,0,1,1,0
176,"Rhinolophus ferrumequinum",44.11,3.93692,2022-01-25,"gbif","Warm Temperate","Moist","Forest","Mountains","Warm Temperate Moist",49,105,3,"Warm Temperate Moist Forest on Mountains","#316903",253,1584,18.4192307692308,62.8461538461538,8.85000000000002,10.05,1.19999999999999,8,8,0,0,1,1,0
176,"Rhinolophus ferrumequinum",43.84102,3.80817,2022-01-18,"gbif","Warm Temperate","Moist","Forest","Mountains","Warm Temperate Moist",49,105,3,"Warm Temperate Moist Forest on Mountains","#316903",270,1585,18.3192307692308,46.8461538461538,8.85000000000002,10.05,1.19999999999999,8,8,0,0,1,1,0
176,"Rhinolophus ferrumequinum",43.946958,3.746871,2025-07-03,"gbif","Warm Temperate","Moist","Forest","Mountains","Warm Temperate Moist",49,105,3,"Warm Temperate Moist Forest on Mountains","#316903",228,1586,18.3576923076923,49.0769230769231,8.95000000000005,10.15,1.19999999999999,9,9,0,0,0.933333333333333,0.933333333333333,0
176,"Rhinolophus ferrumequinum",43.898563,3.719377,2022-03-16,"gbif","Warm Temperate","Moist","Forest","Mountains","Warm Temperate Moist",49,105,3,"Warm Temperate Moist Forest on Mountains","#316903",171,1587,18.6423076923077,44,9.25000000000006,10.45,1.19999999999999,9,9,0,0,0.928571428571429,0.928571428571429,0
176,"Rhinolophus ferrumequinum",43.8902142031,7.4369388918,2018-03-12,"inat","Warm Temperate","Moist","Forest","Mountains","Warm Temperate Moist",49,105,3,"Warm Temperate Moist Forest on Mountains","#316903",485,1588,16.3961538461539,78.0769230769231,9.55000000000001,10.85,1.30000000000001,8,8,0,0,1,1,0
176,"Rhinolophus ferrumequinum",43.75103,3.8069,2022-01-22,"gbif","Warm Temperate","Moist","Forest","Mountains","Warm Temperate Moist",49,105,3,"Warm Temperate Moist Forest on Mountains","#316903",222,1589,18.3807692307693,43.6153846153846,9.25000000000006,10.45,1.19999999999999,1,1,0,0,1,1,0
176,"Rhinolophus ferrumequinum",43.10331,2.41364,2022-07-11,"gbif","Warm Temperate","Moist","Forest","Mountains","Warm Temperate Moist",49,105,3,"Warm Temperate Moist Forest on Mountains","#316903",336,1590,17.3807692307693,74.3076923076923,9.15000000000003,10.2500000000001,1.10000000000002,1,1,0,0,1,1,0
176,"Barbastella barbastellus",44.3751253044,3.989373879,2026-05-02,"inat","Warm Temperate","Moist","Forest","Mountains","Warm Temperate Moist",49,105,3,"Warm Temperate Moist Forest on Mountains","#316903",525,1591,16.5653846153846,80.7692307692308,7.55000000000001,8.75000000000006,1.20000000000005,5,5,0,0,1,1,0
176,"Rhinolophus ferrumequinum",43.0634087326,0.3256352121,2021-07-18,"inat","Warm Temperate","Moist","Forest","Mountains","Warm Temperate Moist",49,105,3,"Warm Temperate Moist Forest on Mountains","#316903",579,1592,16.2115384615385,114.615384615385,7.95000000000005,9.05000000000001,1.09999999999997,4,4,0,0,1,1,0
176,"Rhinolophus ferrumequinum",43.126,-1.36145,2022-01-17,"gbif","Warm Temperate","Moist","Forest","Mountains","Warm Temperate Moist",49,105,3,"Warm Temperate Moist Forest on Mountains","#316903",465,1593,16.4884615384616,144.538461538462,9.15000000000003,10.2500000000001,1.10000000000002,2,2,0,0,1,1,0
176,"Rhinolophus ferrumequinum",45.0077,1.79419,2022-07-08,"gbif","Warm Temperate","Moist","Forest","Mountains","Warm Temperate Moist",49,105,3,"Warm Temperate Moist Forest on Mountains","#316903",246,1594,17.0346153846154,96.0769230769231,7.95000000000005,8.95000000000005,1,8,8,0,0,1,1,0
176,"Rhinolophus ferrumequinum",43.29539,-1.62098,2022-01-17,"gbif","Warm Temperate","Moist","Forest","Mountains","Warm Temperate Moist",49,105,3,"Warm Temperate Moist Forest on Mountains","#316903",473,1595,15.9346153846154,189.923076923077,9.55000000000001,10.55,1,8,8,0,0,1,1,0
176,"Rhinolophus ferrumequinum",43.75259,3.55863,2022-01-15,"gbif","Warm Temperate","Moist","Forest","Mountains","Warm Temperate Moist",49,105,3,"Warm Temperate Moist Forest on Mountains","#316903",237,1596,17.9576923076924,42.8461538461538,9.15000000000003,10.35,1.19999999999999,8,8,0,0,1,1,0
176,"Rhinolophus ferrumequinum",43.523505,2.86819,2025-08-20,"gbif","Warm Temperate","Moist","Forest","Mountains","Warm Temperate Moist",49,105,3,"Warm Temperate Moist Forest on Mountains","#316903",431,1597,16.3423076923077,63.5384615384615,8.25000000000006,9.35000000000002,1.09999999999997,1,1,0,0,1,1,0
176,"Rhinolophus ferrumequinum",43.07881,-0.12954,2022-03-28,"gbif","Warm Temperate","Moist","Forest","Mountains","Warm Temperate Moist",49,105,3,"Warm Temperate Moist Forest on Mountains","#316903",641,1598,15.4269230769231,137.230769230769,7.45000000000005,8.55000000000001,1.09999999999997,4,4,0,0,1,1,0
176,"Rhinolophus ferrumequinum",44.238678,2.006023,2025-08-09,"gbif","Warm Temperate","Moist","Forest","Mountains","Warm Temperate Moist",49,105,3,"Warm Temperate Moist Forest on Mountains","#316903",352,1599,16.4961538461539,85.8461538461538,7.95000000000005,9.05000000000001,1.09999999999997,5,5,0,0,0.857142857142857,0.857142857142857,0
176,"Rhinolophus ferrumequinum",44.74325,2.55786,2023-07-18,"gbif","Warm Temperate","Moist","Forest","Mountains","Warm Temperate Moist",49,105,3,"Warm Temperate Moist Forest on Mountains","#316903",476,1600,16.0807692307692,78.0769230769231,7.25000000000006,8.35000000000002,1.09999999999997,8,8,0,0,1,1,0
176,"Barbastella barbastellus",45.581632,4.745191,2026-01-12,"gbif","Warm Temperate","Moist","Forest","Mountains","Warm Temperate Moist",49,105,3,"Warm Temperate Moist Forest on Mountains","#316903",193,1601,17.173076923077,54.9230769230769,7.25000000000006,8.45000000000005,1.19999999999999,13,13,0,0,0.466666666666667,0.466666666666667,0
176,"Rhinolophus ferrumequinum",43.66402,3.06197,2022-01-22,"gbif","Warm Temperate","Moist","Forest","Mountains","Warm Temperate Moist",49,105,3,"Warm Temperate Moist Forest on Mountains","#316903",343,1602,16.65,57,8.25000000000006,9.35000000000002,1.09999999999997,9,8,0,0,1,1,0
176,"Barbastella barbastellus",44.74325,2.55786,2023-07-19,"gbif","Warm Temperate","Moist","Forest","Mountains","Warm Temperate Moist",49,105,3,"Warm Temperate Moist Forest on Mountains","#316903",476,1603,16.0807692307692,78.0769230769231,7.25000000000006,8.35000000000002,1.09999999999997,8,8,0,0,1,1,0
176,"Rhinolophus ferrumequinum",44.37458,4.44337,2022-08-05,"gbif","Warm Temperate","Moist","Forest","Mountains","Warm Temperate Moist",49,105,3,"Warm Temperate Moist Forest on Mountains","#316903",331,1604,18.4653846153847,65.0769230769231,8.95000000000005,10.2500000000001,1.30000000000001,8,8,0,0,1,1,0
176,"Rhinolophus ferrumequinum",43.730705,3.468934,2025-10-30,"gbif","Warm Temperate","Moist","Forest","Mountains","Warm Temperate Moist",49,105,3,"Warm Temperate Moist Forest on Mountains","#316903",470,1605,16.7576923076924,47.1538461538462,8.25000000000006,9.45000000000005,1.19999999999999,2,2,0,0,1,1,0
176,"Rhinolophus ferrumequinum",43.93186,3.68492,2022-01-15,"gbif","Warm Temperate","Moist","Forest","Mountains","Warm Temperate Moist",49,105,3,"Warm Temperate Moist Forest on Mountains","#316903",424,1606,17.3269230769231,49.3846153846154,8.15000000000003,9.35000000000002,1.19999999999999,1,1,0,0,1,1,0
176,"Rhinolophus ferrumequinum",45.0077,1.79419,2022-01-01,"gbif","Warm Temperate","Moist","Forest","Mountains","Warm Temperate Moist",49,105,3,"Warm Temperate Moist Forest on Mountains","#316903",246,1607,17.0346153846154,96.0769230769231,7.95000000000005,8.95000000000005,1,8,8,0,0,1,1,0
176,"Rhinolophus ferrumequinum",43.970973,7.570754,2023-03-12,"gbif","Warm Temperate","Moist","Forest","Mountains","Warm Temperate Moist",49,105,3,"Warm Temperate Moist Forest on Mountains","#316903",734,1608,14.8269230769231,87.0769230769231,7.05000000000001,8.35000000000002,1.30000000000001,4,4,0,0,1,1,0
176,"Rhinolophus ferrumequinum",44.37374,4.03538,2025-11-11,"gbif","Warm Temperate","Moist","Forest","Mountains","Warm Temperate Moist",49,105,3,"Warm Temperate Moist Forest on Mountains","#316903",641,1609,15.7346153846154,92.9230769230769,6.85000000000002,8.05000000000001,1.19999999999999,8,8,0,0,1,1,0
176,"Barbastella barbastellus",44.551971,4.24769,2023-08-30,"gbif","Warm Temperate","Moist","Forest","Mountains","Warm Temperate Moist",49,105,3,"Warm Temperate Moist Forest on Mountains","#316903",407,1610,16.8961538461539,95.9230769230769,7.75000000000006,8.95000000000005,1.19999999999999,5,5,0,0,1,1,0
176,"Rhinolophus ferrumequinum",43.764325,5.831669,2024-01-27,"gbif","Warm Temperate","Moist","Forest","Mountains","Warm Temperate Moist",49,105,3,"Warm Temperate Moist Forest on Mountains","#316903",371,1611,18.5192307692308,41.1538461538462,8.15000000000003,9.55000000000001,1.39999999999998,8,8,0,0,1,1,0
176,"Barbastella barbastellus",43.9759261483,3.663813377,2026-01-09,"inat","Warm Temperate","Moist","Forest","Mountains","Warm Temperate Moist",49,105,3,"Warm Temperate Moist Forest on Mountains","#316903",523,1612,16.5346153846154,52.7692307692308,7.55000000000001,8.75000000000006,1.20000000000005,5,5,0,0,1,1,0
176,"Rhinolophus ferrumequinum",44.37458,4.44337,2022-04-02,"gbif","Warm Temperate","Moist","Forest","Mountains","Warm Temperate Moist",49,105,3,"Warm Temperate Moist Forest on Mountains","#316903",331,1613,18.4653846153847,65.0769230769231,8.95000000000005,10.2500000000001,1.30000000000001,8,8,0,0,1,1,0
176,"Rhinolophus ferrumequinum",43.35533,5.89782,2022-04-29,"gbif","Warm Temperate","Moist","Forest","Mountains","Warm Temperate Moist",49,105,3,"Warm Temperate Moist Forest on Mountains","#316903",449,1614,17.3576923076923,48.0769230769231,9.05000000000001,10.45,1.40000000000003,8,8,0,0,1,1,0
176,"Rhinolophus ferrumequinum",45.0077,1.79419,2022-01-01,"gbif","Warm Temperate","Moist","Forest","Mountains","Warm Temperate Moist",49,105,3,"Warm Temperate Moist Forest on Mountains","#316903",246,1615,17.0346153846154,96.0769230769231,7.95000000000005,8.95000000000005,1,8,8,0,0,1,1,0
176,"Rhinolophus ferrumequinum",42.49481,3.06073,2022-04-12,"gbif","Warm Temperate","Moist","Forest","Mountains","Warm Temperate Moist",49,105,3,"Warm Temperate Moist Forest on Mountains","#316903",233,1616,17.8115384615385,76.1538461538462,10.85,11.95,1.10000000000002,8,8,0,0,1,0.866666666666667,-0.133333333333333
176,"Rhinolophus ferrumequinum",44.37458,4.44337,2022-06-27,"gbif","Warm Temperate","Moist","Forest","Mountains","Warm Temperate Moist",49,105,3,"Warm Temperate Moist Forest on Mountains","#316903",331,1617,18.4653846153847,65.0769230769231,8.95000000000005,10.2500000000001,1.30000000000001,8,8,0,0,1,1,0
176,"Barbastella barbastellus",41.5184527673,8.983164869,2025-07-26,"inat","Warm Temperate","Moist","Forest","Mountains","Warm Temperate Moist",49,105,3,"Warm Temperate Moist Forest on Mountains","#316903",344,1618,16.4115384615385,90.3076923076923,12.85,14.05,1.19999999999999,NA,NA,NA,NA,0,0,0
176,"Rhinolophus ferrumequinum",42.49481,3.06073,2022-04-08,"gbif","Warm Temperate","Moist","Forest","Mountains","Warm Temperate Moist",49,105,3,"Warm Temperate Moist Forest on Mountains","#316903",233,1619,17.8115384615385,76.1538461538462,10.85,11.95,1.10000000000002,8,8,0,0,1,0.866666666666667,-0.133333333333333
176,"Barbastella barbastellus",44.02185,3.686,2022-02-04,"gbif","Warm Temperate","Moist","Forest","Mountains","Warm Temperate Moist",49,105,3,"Warm Temperate Moist Forest on Mountains","#316903",271,1620,17.673076923077,51.7692307692308,8.45000000000005,9.65000000000003,1.19999999999999,8,8,0,0,1,1,0
176,"Rhinolophus ferrumequinum",44.65322,2.55856,2021-01-22,"gbif","Warm Temperate","Moist","Forest","Mountains","Warm Temperate Moist",49,105,3,"Warm Temperate Moist Forest on Mountains","#316903",445,1621,15.9346153846154,76.7692307692308,7.05000000000001,8.15000000000003,1.10000000000002,9,9,0,0,0.857142857142857,0.857142857142857,0
176,"Rhinolophus ferrumequinum",43.469724,2.660352,2024-01-20,"gbif","Warm Temperate","Moist","Forest","Mountains","Warm Temperate Moist",49,105,3,"Warm Temperate Moist Forest on Mountains","#316903",547,1622,15.5115384615385,80.3076923076923,7.75000000000006,8.85000000000002,1.09999999999997,5,5,0,0,1,1,0
176,"Rhinolophus ferrumequinum",43.10956,1.21982,2022-04-26,"gbif","Warm Temperate","Moist","Forest","Mountains","Warm Temperate Moist",49,105,3,"Warm Temperate Moist Forest on Mountains","#316903",459,1623,17.1038461538462,99.5384615384615,8.35000000000002,9.45000000000005,1.10000000000002,8,8,0,0,1,1,0
176,"Rhinolophus ferrumequinum",43.75259,3.55863,2022-01-15,"gbif","Warm Temperate","Moist","Forest","Mountains","Warm Temperate Moist",49,105,3,"Warm Temperate Moist Forest on Mountains","#316903",237,1624,17.9576923076924,42.8461538461538,9.15000000000003,10.35,1.19999999999999,8,8,0,0,1,1,0
176,"Rhinolophus ferrumequinum",43.126,-1.36145,2022-07-13,"gbif","Warm Temperate","Moist","Forest","Mountains","Warm Temperate Moist",49,105,3,"Warm Temperate Moist Forest on Mountains","#316903",465,1625,16.4884615384616,144.538461538462,9.15000000000003,10.2500000000001,1.10000000000002,2,2,0,0,1,1,0
176,"Barbastella barbastellus",44.74325,2.55786,2023-07-31,"gbif","Warm Temperate","Moist","Forest","Mountains","Warm Temperate Moist",49,105,3,"Warm Temperate Moist Forest on Mountains","#316903",476,1626,16.0807692307692,78.0769230769231,7.25000000000006,8.35000000000002,1.09999999999997,8,8,0,0,1,1,0
176,"Rhinolophus ferrumequinum",45.0077,1.79419,2022-07-09,"gbif","Warm Temperate","Moist","Forest","Mountains","Warm Temperate Moist",49,105,3,"Warm Temperate Moist Forest on Mountains","#316903",246,1627,17.0346153846154,96.0769230769231,7.95000000000005,8.95000000000005,1,8,8,0,0,1,1,0
176,"Rhinolophus ferrumequinum",43.126,-1.36145,2022-07-13,"gbif","Warm Temperate","Moist","Forest","Mountains","Warm Temperate Moist",49,105,3,"Warm Temperate Moist Forest on Mountains","#316903",465,1628,16.4884615384616,144.538461538462,9.15000000000003,10.2500000000001,1.10000000000002,2,2,0,0,1,1,0
176,"Rhinolophus ferrumequinum",44.74325,2.55786,2023-07-17,"gbif","Warm Temperate","Moist","Forest","Mountains","Warm Temperate Moist",49,105,3,"Warm Temperate Moist Forest on Mountains","#316903",476,1629,16.0807692307692,78.0769230769231,7.25000000000006,8.35000000000002,1.09999999999997,8,8,0,0,1,1,0
176,"Barbastella barbastellus",41.518453,8.983165,2025-07-26,"gbif","Warm Temperate","Moist","Forest","Mountains","Warm Temperate Moist",49,105,3,"Warm Temperate Moist Forest on Mountains","#316903",344,1630,16.4115384615385,90.3076923076923,12.85,14.05,1.19999999999999,NA,NA,NA,NA,0,0,0
176,"Rhinolophus ferrumequinum",43.78203,3.072618,2024-02-10,"gbif","Warm Temperate","Moist","Forest","Mountains","Warm Temperate Moist",49,105,3,"Warm Temperate Moist Forest on Mountains","#316903",545,1631,15.4423076923077,64.6153846153846,7.15000000000003,8.25000000000006,1.10000000000002,5,5,0,0,1,1,0
176,"Rhinolophus ferrumequinum",43.48365,2.6911,2022-01-15,"gbif","Warm Temperate","Moist","Forest","Mountains","Warm Temperate Moist",49,105,3,"Warm Temperate Moist Forest on Mountains","#316903",418,1632,15.8038461538462,77.2307692307692,7.95000000000005,9.05000000000001,1.09999999999997,8,8,0,0,1,1,0
176,"Rhinolophus ferrumequinum",45.027811,1.786618,2024-12-23,"gbif","Warm Temperate","Moist","Forest","Mountains","Warm Temperate Moist",49,105,3,"Warm Temperate Moist Forest on Mountains","#316903",309,1633,16.7269230769231,98.5384615384615,7.65000000000003,8.65000000000003,1,9,9,0,0,1,1,0
176,"Barbastella barbastellus",42.9948775635,1.6287096758,2025-08-21,"inat","Warm Temperate","Moist","Forest","Mountains","Warm Temperate Moist",49,105,3,"Warm Temperate Moist Forest on Mountains","#316903",454,1634,16.8346153846154,84.0769230769231,8.35000000000002,9.45000000000005,1.10000000000002,4,4,0,0,1,1,0
176,"Barbastella barbastellus",43.66402,3.06197,2022-01-22,"gbif","Warm Temperate","Moist","Forest","Mountains","Warm Temperate Moist",49,105,3,"Warm Temperate Moist Forest on Mountains","#316903",343,1635,16.65,57,8.25000000000006,9.35000000000002,1.09999999999997,9,8,0,0,1,1,0
176,"Rhinolophus ferrumequinum",44.11,3.93692,2022-01-27,"gbif","Warm Temperate","Moist","Forest","Mountains","Warm Temperate Moist",49,105,3,"Warm Temperate Moist Forest on Mountains","#316903",253,1636,18.4192307692308,62.8461538461538,8.85000000000002,10.05,1.19999999999999,8,8,0,0,1,1,0
176,"Barbastella barbastellus",45.747187,5.799273,2025-12-23,"gbif","Warm Temperate","Moist","Forest","Mountains","Warm Temperate Moist",49,105,3,"Warm Temperate Moist Forest on Mountains","#316903",395,1637,16.6269230769231,98.7692307692308,6.45000000000005,7.75000000000006,1.30000000000001,8,8,0,0,1,1,0
176,"Rhinolophus ferrumequinum",43.736039,6.240897,2023-01-15,"gbif","Warm Temperate","Moist","Forest","Mountains","Warm Temperate Moist",49,105,3,"Warm Temperate Moist Forest on Mountains","#316903",804,1638,15.873076923077,70.8461538461538,6.65000000000003,8.05000000000001,1.39999999999998,9,8,0,0,1,1,0
176,"Rhinolophus ferrumequinum",43.48393,2.81466,2022-01-15,"gbif","Warm Temperate","Moist","Forest","Mountains","Warm Temperate Moist",49,105,3,"Warm Temperate Moist Forest on Mountains","#316903",500,1639,15.9961538461539,66.9230769230769,8.05000000000001,9.15000000000003,1.10000000000002,5,5,0,0,1,1,0
176,"Rhinolophus ferrumequinum",42.49481,3.06073,2022-03-23,"gbif","Warm Temperate","Moist","Forest","Mountains","Warm Temperate Moist",49,105,3,"Warm Temperate Moist Forest on Mountains","#316903",233,1640,17.8115384615385,76.1538461538462,10.85,11.95,1.10000000000002,8,8,0,0,1,0.866666666666667,-0.133333333333333
176,"Rhinolophus ferrumequinum",43.9286158189,3.9437784101,2026-02-27,"inat","Warm Temperate","Moist","Forest","Mountains","Warm Temperate Moist",49,105,3,"Warm Temperate Moist Forest on Mountains","#316903",164,1641,18.9423076923077,49.2307692307692,9.15000000000003,10.35,1.19999999999999,5,5,0,0,1,1,0
176,"Rhinolophus ferrumequinum",42.977632,1.064922,2023-05-19,"gbif","Warm Temperate","Moist","Forest","Mountains","Warm Temperate Moist",49,105,3,"Warm Temperate Moist Forest on Mountains","#316903",820,1642,15.1653846153847,106.307692307692,6.65000000000003,7.75000000000006,1.10000000000002,5,5,0,0,1,1,0
176,"Rhinolophus ferrumequinum",45.28129,2.17094,2022-01-01,"gbif","Warm Temperate","Moist","Forest","Mountains","Warm Temperate Moist",49,105,3,"Warm Temperate Moist Forest on Mountains","#316903",438,1643,15.5576923076923,95.1538461538462,6.75000000000006,7.75000000000006,1,5,5,0,0,1,1,0
176,"Rhinolophus ferrumequinum",45.99323,1.38495,2022-01-01,"gbif","Warm Temperate","Moist","Forest","Mountains","Warm Temperate Moist",49,105,3,"Warm Temperate Moist Forest on Mountains","#316903",493,1644,14.6884615384616,101.769230769231,6.25000000000006,7.25000000000006,1,5,5,0,0,1,1,0
176,"Rhinolophus ferrumequinum",44.352799,3.957884,2024-05-27,"gbif","Warm Temperate","Moist","Forest","Mountains","Warm Temperate Moist",49,105,3,"Warm Temperate Moist Forest on Mountains","#316903",507,1645,16.15,79.3076923076923,7.25000000000006,8.45000000000005,1.19999999999999,5,5,0,0,1,1,0
176,"Rhinolophus ferrumequinum",44.37458,4.44337,2022-06-28,"gbif","Warm Temperate","Moist","Forest","Mountains","Warm Temperate Moist",49,105,3,"Warm Temperate Moist Forest on Mountains","#316903",331,1646,18.4653846153847,65.0769230769231,8.95000000000005,10.2500000000001,1.30000000000001,8,8,0,0,1,1,0
176,"Rhinolophus ferrumequinum",44.65322,2.55856,2021-01-22,"gbif","Warm Temperate","Moist","Forest","Mountains","Warm Temperate Moist",49,105,3,"Warm Temperate Moist Forest on Mountains","#316903",445,1647,15.9346153846154,76.7692307692308,7.05000000000001,8.15000000000003,1.10000000000002,9,9,0,0,0.857142857142857,0.857142857142857,0
176,"Rhinolophus ferrumequinum",44.19886,4.06351,2022-01-27,"gbif","Warm Temperate","Moist","Forest","Mountains","Warm Temperate Moist",49,105,3,"Warm Temperate Moist Forest on Mountains","#316903",233,1648,18.2192307692308,67.7692307692308,8.85000000000002,10.05,1.19999999999999,1,5,0,0,1,1,0
176,"Rhinolophus ferrumequinum",43.359277,5.668128,2024-11-01,"gbif","Warm Temperate","Moist","Forest","Mountains","Warm Temperate Moist",49,105,3,"Warm Temperate Moist Forest on Mountains","#316903",295,1649,17.4192307692308,47.9230769230769,9.95000000000005,11.45,1.5,8,8,0,0,1,1,0
176,"Rhinolophus ferrumequinum",44.65193,2.30633,2022-07-28,"gbif","Warm Temperate","Moist","Forest","Mountains","Warm Temperate Moist",49,105,3,"Warm Temperate Moist Forest on Mountains","#316903",411,1650,15.9653846153847,88.7692307692308,7.15000000000003,8.25000000000006,1.10000000000002,8,8,0,0,1,1,0
176,"Rhinolophus ferrumequinum",44.015575,3.888171,2024-11-16,"gbif","Warm Temperate","Moist","Forest","Mountains","Warm Temperate Moist",49,105,3,"Warm Temperate Moist Forest on Mountains","#316903",384,1651,17.5576923076923,57.7692307692308,8.15000000000003,9.35000000000002,1.19999999999999,8,1,0,0,1,1,0
176,"Rhinolophus ferrumequinum",44.65322,2.55856,2022-01-28,"gbif","Warm Temperate","Moist","Forest","Mountains","Warm Temperate Moist",49,105,3,"Warm Temperate Moist Forest on Mountains","#316903",445,1652,15.9346153846154,76.7692307692308,7.05000000000001,8.15000000000003,1.10000000000002,9,9,0,0,0.857142857142857,0.857142857142857,0
176,"Rhinolophus ferrumequinum",43.93186,3.68492,2022-01-18,"gbif","Warm Temperate","Moist","Forest","Mountains","Warm Temperate Moist",49,105,3,"Warm Temperate Moist Forest on Mountains","#316903",424,1653,17.3269230769231,49.3846153846154,8.15000000000003,9.35000000000002,1.19999999999999,1,1,0,0,1,1,0
176,"Rhinolophus ferrumequinum",43.84102,3.80817,2022-01-23,"gbif","Warm Temperate","Moist","Forest","Mountains","Warm Temperate Moist",49,105,3,"Warm Temperate Moist Forest on Mountains","#316903",270,1654,18.3192307692308,46.8461538461538,8.85000000000002,10.05,1.19999999999999,8,8,0,0,1,1,0
176,"Rhinolophus ferrumequinum",45.28129,2.17094,2022-01-01,"gbif","Warm Temperate","Moist","Forest","Mountains","Warm Temperate Moist",49,105,3,"Warm Temperate Moist Forest on Mountains","#316903",438,1655,15.5576923076923,95.1538461538462,6.75000000000006,7.75000000000006,1,5,5,0,0,1,1,0
176,"Rhinolophus ferrumequinum",44.021,3.81072,2022-02-23,"gbif","Warm Temperate","Moist","Forest","Mountains","Warm Temperate Moist",49,105,3,"Warm Temperate Moist Forest on Mountains","#316903",672,1656,15.8807692307693,61,6.85000000000002,8.05000000000001,1.19999999999999,8,8,0,0,1,1,0
176,"Rhinolophus ferrumequinum",44.37458,4.44337,2022-06-30,"gbif","Warm Temperate","Moist","Forest","Mountains","Warm Temperate Moist",49,105,3,"Warm Temperate Moist Forest on Mountains","#316903",331,1657,18.4653846153847,65.0769230769231,8.95000000000005,10.2500000000001,1.30000000000001,8,8,0,0,1,1,0
176,"Rhinolophus ferrumequinum",44.37458,4.44337,2022-06-28,"gbif","Warm Temperate","Moist","Forest","Mountains","Warm Temperate Moist",49,105,3,"Warm Temperate Moist Forest on Mountains","#316903",331,1658,18.4653846153847,65.0769230769231,8.95000000000005,10.2500000000001,1.30000000000001,8,8,0,0,1,1,0
176,"Rhinolophus ferrumequinum",43.48365,2.6911,2022-01-15,"gbif","Warm Temperate","Moist","Forest","Mountains","Warm Temperate Moist",49,105,3,"Warm Temperate Moist Forest on Mountains","#316903",418,1659,15.8038461538462,77.2307692307692,7.95000000000005,9.05000000000001,1.09999999999997,8,8,0,0,1,1,0
176,"Rhinolophus ferrumequinum",45.99323,1.38495,2022-01-01,"gbif","Warm Temperate","Moist","Forest","Mountains","Warm Temperate Moist",49,105,3,"Warm Temperate Moist Forest on Mountains","#316903",493,1660,14.6884615384616,101.769230769231,6.25000000000006,7.25000000000006,1,5,5,0,0,1,1,0
176,"Rhinolophus ferrumequinum",44.74325,2.55786,2022-07-08,"gbif","Warm Temperate","Moist","Forest","Mountains","Warm Temperate Moist",49,105,3,"Warm Temperate Moist Forest on Mountains","#316903",476,1661,16.0807692307692,78.0769230769231,7.25000000000006,8.35000000000002,1.09999999999997,8,8,0,0,1,1,0
176,"Rhinolophus ferrumequinum",44.1989419802,5.8942315631,2026-04-18,"inat","Warm Temperate","Moist","Forest","Mountains","Warm Temperate Moist",49,105,3,"Warm Temperate Moist Forest on Mountains","#316903",535,1662,16.1115384615385,53.6923076923077,6.05000000000001,7.45000000000005,1.40000000000003,8,8,0,0,0.857142857142857,0.785714285714286,-0.0714285714285714
176,"Rhinolophus ferrumequinum",43.9391233357,7.4927619245,2022-04-02,"inat","Warm Temperate","Moist","Forest","Mountains","Warm Temperate Moist",49,105,3,"Warm Temperate Moist Forest on Mountains","#316903",519,1663,16.0807692307692,83.3076923076923,8.65000000000003,9.95000000000005,1.30000000000001,8,8,0,0,1,1,0
176,"Rhinolophus ferrumequinum",42.49481,3.06073,2022-03-19,"gbif","Warm Temperate","Moist","Forest","Mountains","Warm Temperate Moist",49,105,3,"Warm Temperate Moist Forest on Mountains","#316903",233,1664,17.8115384615385,76.1538461538462,10.85,11.95,1.10000000000002,8,8,0,0,1,0.866666666666667,-0.133333333333333
176,"Rhinolophus ferrumequinum",42.49481,3.06073,2022-03-29,"gbif","Warm Temperate","Moist","Forest","Mountains","Warm Temperate Moist",49,105,3,"Warm Temperate Moist Forest on Mountains","#316903",233,1665,17.8115384615385,76.1538461538462,10.85,11.95,1.10000000000002,8,8,0,0,1,0.866666666666667,-0.133333333333333
176,"Rhinolophus ferrumequinum",43.789644,3.627195,2023-10-07,"gbif","Warm Temperate","Moist","Forest","Mountains","Warm Temperate Moist",49,105,3,"Warm Temperate Moist Forest on Mountains","#316903",259,1666,18.0807692307692,42.6923076923077,9.05000000000001,10.2500000000001,1.20000000000005,1,1,0,0,1,1,0
176,"Rhinolophus ferrumequinum",43.75103,3.8069,2022-02-21,"gbif","Warm Temperate","Moist","Forest","Mountains","Warm Temperate Moist",49,105,3,"Warm Temperate Moist Forest on Mountains","#316903",222,1667,18.3807692307693,43.6153846153846,9.25000000000006,10.45,1.19999999999999,1,1,0,0,1,1,0
176,"Rhinolophus ferrumequinum",44.021,3.81072,2022-02-05,"gbif","Warm Temperate","Moist","Forest","Mountains","Warm Temperate Moist",49,105,3,"Warm Temperate Moist Forest on Mountains","#316903",672,1668,15.8807692307693,61,6.85000000000002,8.05000000000001,1.19999999999999,8,8,0,0,1,1,0
176,"Rhinolophus ferrumequinum",44.74325,2.55786,2023-07-19,"gbif","Warm Temperate","Moist","Forest","Mountains","Warm Temperate Moist",49,105,3,"Warm Temperate Moist Forest on Mountains","#316903",476,1669,16.0807692307692,78.0769230769231,7.25000000000006,8.35000000000002,1.09999999999997,8,8,0,0,1,1,0
176,"Rhinolophus ferrumequinum",44.65322,2.55856,2023-03-03,"gbif","Warm Temperate","Moist","Forest","Mountains","Warm Temperate Moist",49,105,3,"Warm Temperate Moist Forest on Mountains","#316903",445,1670,15.9346153846154,76.7692307692308,7.05000000000001,8.15000000000003,1.10000000000002,9,9,0,0,0.857142857142857,0.857142857142857,0
176,"Rhinolophus ferrumequinum",44.0747,5.93447,2022-04-12,"gbif","Warm Temperate","Moist","Forest","Mountains","Warm Temperate Moist",49,105,3,"Warm Temperate Moist Forest on Mountains","#316903",621,1671,16.8807692307693,49.6923076923077,6.65000000000003,8.05000000000001,1.39999999999998,9,9,0,0,0.714285714285714,0.642857142857143,-0.0714285714285714
176,"Rhinolophus ferrumequinum",44.37458,4.44337,2022-08-05,"gbif","Warm Temperate","Moist","Forest","Mountains","Warm Temperate Moist",49,105,3,"Warm Temperate Moist Forest on Mountains","#316903",331,1672,18.4653846153847,65.0769230769231,8.95000000000005,10.2500000000001,1.30000000000001,8,8,0,0,1,1,0
176,"Rhinolophus ferrumequinum",42.92541,0.98066,2021-01-20,"gbif","Warm Temperate","Moist","Forest","Mountains","Warm Temperate Moist",49,105,3,"Warm Temperate Moist Forest on Mountains","#316903",645,1673,16.4115384615385,98.1538461538462,7.95000000000005,9.05000000000001,1.09999999999997,4,4,0,0,1,1,0
176,"Rhinolophus ferrumequinum",44.3737397892,4.0353803253,2025-11-11,"inat","Warm Temperate","Moist","Forest","Mountains","Warm Temperate Moist",49,105,3,"Warm Temperate Moist Forest on Mountains","#316903",641,1674,15.7346153846154,92.9230769230769,6.85000000000002,8.05000000000001,1.19999999999999,8,8,0,0,1,1,0
176,"Barbastella barbastellus",45.7471869119,5.7992731714,2025-12-23,"inat","Warm Temperate","Moist","Forest","Mountains","Warm Temperate Moist",49,105,3,"Warm Temperate Moist Forest on Mountains","#316903",395,1675,16.6269230769231,98.7692307692308,6.45000000000005,7.75000000000006,1.30000000000001,8,8,0,0,1,1,0
176,"Barbastella barbastellus",43.871015,5.741194,2024-08-20,"gbif","Warm Temperate","Moist","Forest","Mountains","Warm Temperate Moist",49,105,3,"Warm Temperate Moist Forest on Mountains","#316903",585,1676,17.0576923076923,50.0769230769231,7.05000000000001,8.45000000000005,1.40000000000003,8,8,0,0,1,1,0
176,"Rhinolophus ferrumequinum",43.14475,-0.87085,2022-01-29,"gbif","Warm Temperate","Moist","Forest","Mountains","Warm Temperate Moist",49,105,3,"Warm Temperate Moist Forest on Mountains","#316903",263,1677,17.6807692307693,135.692307692308,9.65000000000003,10.7500000000001,1.10000000000002,8,8,0,0,1,1,0
176,"Rhinolophus ferrumequinum",45.0077,1.79419,2022-01-01,"gbif","Warm Temperate","Moist","Forest","Mountains","Warm Temperate Moist",49,105,3,"Warm Temperate Moist Forest on Mountains","#316903",246,1678,17.0346153846154,96.0769230769231,7.95000000000005,8.95000000000005,1,8,8,0,0,1,1,0
176,"Rhinolophus ferrumequinum",42.49481,3.06073,2022-04-11,"gbif","Warm Temperate","Moist","Forest","Mountains","Warm Temperate Moist",49,105,3,"Warm Temperate Moist Forest on Mountains","#316903",233,1679,17.8115384615385,76.1538461538462,10.85,11.95,1.10000000000002,8,8,0,0,1,0.866666666666667,-0.133333333333333
176,"Rhinolophus ferrumequinum",42.9575588239,2.7329173659,2026-05-20,"inat","Warm Temperate","Moist","Forest","Mountains","Warm Temperate Moist",49,105,3,"Warm Temperate Moist Forest on Mountains","#316903",301,1680,18.0807692307692,55.5384615384615,9.85000000000002,10.95,1.10000000000002,8,8,0,0,1,1,0
176,"Rhinolophus ferrumequinum",43.4242087562,5.4090460992,2025-11-14,"inat","Warm Temperate","Moist","Forest","Mountains","Warm Temperate Moist",49,105,3,"Warm Temperate Moist Forest on Mountains","#316903",281,1681,17.9653846153847,42.8461538461538,9.85000000000002,11.35,1.5,8,8,0,0,1,1,0
176,"Rhinolophus ferrumequinum",44.37458,4.44337,2022-06-27,"gbif","Warm Temperate","Moist","Forest","Mountains","Warm Temperate Moist",49,105,3,"Warm Temperate Moist Forest on Mountains","#316903",331,1682,18.4653846153847,65.0769230769231,8.95000000000005,10.2500000000001,1.30000000000001,8,8,0,0,1,1,0
176,"Rhinolophus ferrumequinum",45.0077,1.79419,2022-01-01,"gbif","Warm Temperate","Moist","Forest","Mountains","Warm Temperate Moist",49,105,3,"Warm Temperate Moist Forest on Mountains","#316903",246,1683,17.0346153846154,96.0769230769231,7.95000000000005,8.95000000000005,1,8,8,0,0,1,1,0
178,"Rhinolophus ferrumequinum",46.86025,-0.21683,2022-06-13,"gbif","Warm Temperate","Moist","Cropland","Tablelands","Warm Temperate Moist",61,89,194,"Warm Temperate Moist Cropland on Tablelands","#3D59C2",112,1684,16.5730769230769,59.3846153846154,7.95000000000005,8.85000000000002,0.899999999999977,12,12,0,0,0,0,0
178,"Rhinolophus ferrumequinum",44.69358,-0.34568,2022-01-29,"gbif","Warm Temperate","Moist","Cropland","Tablelands","Warm Temperate Moist",61,89,194,"Warm Temperate Moist Cropland on Tablelands","#3D59C2",66,1685,18.2961538461539,94.1538461538462,9.35000000000002,10.35,1,14,14,0,0,0.375,0.5,0.125
178,"Rhinolophus ferrumequinum",49.85934,1.12381,2023-09-14,"gbif","Warm Temperate","Moist","Cropland","Tablelands","Warm Temperate Moist",61,89,194,"Warm Temperate Moist Cropland on Tablelands","#3D59C2",108,1686,14.4346153846154,70.7692307692308,7.75000000000006,8.65000000000003,0.899999999999977,12,12,0,0,0,0,0
178,"Rhinolophus ferrumequinum",44.78728,-0.22472,2022-01-29,"gbif","Warm Temperate","Moist","Cropland","Tablelands","Warm Temperate Moist",61,89,194,"Warm Temperate Moist Cropland on Tablelands","#3D59C2",82,1687,18.1038461538462,86.3846153846154,9.25000000000006,10.2500000000001,1,14,14,0,0,0.142857142857143,0.142857142857143,0
178,"Rhinolophus ferrumequinum",44.78728,-0.22472,2022-01-30,"gbif","Warm Temperate","Moist","Cropland","Tablelands","Warm Temperate Moist",61,89,194,"Warm Temperate Moist Cropland on Tablelands","#3D59C2",82,1688,18.1038461538462,86.3846153846154,9.25000000000006,10.2500000000001,1,14,14,0,0,0.142857142857143,0.142857142857143,0
178,"Rhinolophus ferrumequinum",45.60062,-0.14368,2022-01-23,"gbif","Warm Temperate","Moist","Cropland","Tablelands","Warm Temperate Moist",61,89,194,"Warm Temperate Moist Cropland on Tablelands","#3D59C2",100,1689,17.373076923077,77.7692307692308,8.55000000000001,9.55000000000001,1,14,14,0,0,0.133333333333333,0.133333333333333,0
178,"Rhinolophus ferrumequinum",45.36113,1.27554,2022-07-07,"gbif","Warm Temperate","Moist","Cropland","Tablelands","Warm Temperate Moist",61,89,194,"Warm Temperate Moist Cropland on Tablelands","#3D59C2",375,1690,16.0884615384616,98.8461538461538,7.35000000000002,8.35000000000002,1,9,9,0,0,1,0.928571428571429,-0.0714285714285714
178,"Rhinolophus ferrumequinum",44.88085,-0.10336,2022-02-23,"gbif","Warm Temperate","Moist","Cropland","Tablelands","Warm Temperate Moist",61,89,194,"Warm Temperate Moist Cropland on Tablelands","#3D59C2",40,1691,18.3807692307693,82.0769230769231,9.45000000000005,10.45,1,14,14,0,0,0.333333333333333,0.0666666666666667,-0.266666666666667
178,"Barbastella barbastellus",48.414976,-2.06182,2023-08-13,"gbif","Warm Temperate","Moist","Cropland","Tablelands","Warm Temperate Moist",61,89,194,"Warm Temperate Moist Cropland on Tablelands","#3D59C2",94,1692,15.5423076923077,71,8.45000000000005,9.15000000000003,0.699999999999989,14,14,0,0,0,0,0
178,"Barbastella barbastellus",44.69358,-0.34568,2022-01-30,"gbif","Warm Temperate","Moist","Cropland","Tablelands","Warm Temperate Moist",61,89,194,"Warm Temperate Moist Cropland on Tablelands","#3D59C2",66,1693,18.2961538461539,94.1538461538462,9.35000000000002,10.35,1,14,14,0,0,0.375,0.5,0.125
178,"Rhinolophus ferrumequinum",48.55472,-2.50876,2022-07-12,"gbif","Warm Temperate","Moist","Cropland","Tablelands","Warm Temperate Moist",61,89,194,"Warm Temperate Moist Cropland on Tablelands","#3D59C2",94,1694,14.7884615384615,82.3076923076923,9.25000000000006,9.95000000000005,0.699999999999989,14,14,0,0,0,0,0
178,"Barbastella barbastellus",43.745629,1.066338,2024-06-10,"gbif","Warm Temperate","Moist","Cropland","Tablelands","Warm Temperate Moist",61,89,194,"Warm Temperate Moist Cropland on Tablelands","#3D59C2",235,1695,18.3961538461539,66.0769230769231,9.15000000000003,10.15,1,12,12,0,0,0,0,0
178,"Rhinolophus ferrumequinum",44.78353,-0.35103,2022-01-30,"gbif","Warm Temperate","Moist","Cropland","Tablelands","Warm Temperate Moist",61,89,194,"Warm Temperate Moist Cropland on Tablelands","#3D59C2",93,1696,18.0346153846154,94.3076923076923,9.25000000000006,10.2500000000001,1,9,9,0,0,0.857142857142857,0.857142857142857,0
178,"Rhinolophus ferrumequinum",44.88085,-0.10336,2022-01-30,"gbif","Warm Temperate","Moist","Cropland","Tablelands","Warm Temperate Moist",61,89,194,"Warm Temperate Moist Cropland on Tablelands","#3D59C2",40,1697,18.3807692307693,82.0769230769231,9.45000000000005,10.45,1,14,14,0,0,0.333333333333333,0.0666666666666667,-0.266666666666667
178,"Barbastella barbastellus",45.3844073939,1.2862503212,2026-04-17,"inat","Warm Temperate","Moist","Cropland","Tablelands","Warm Temperate Moist",61,89,194,"Warm Temperate Moist Cropland on Tablelands","#3D59C2",378,1698,15.9576923076924,98.0769230769231,7.25000000000006,8.25000000000006,1,9,9,0,0,1,0.928571428571429,-0.0714285714285714
178,"Rhinolophus ferrumequinum",43.352538,-0.69607,2024-01-20,"gbif","Warm Temperate","Moist","Cropland","Tablelands","Warm Temperate Moist",61,89,194,"Warm Temperate Moist Cropland on Tablelands","#3D59C2",204,1699,18.1423076923077,126.153846153846,9.75000000000006,10.85,1.09999999999997,9,9,0,0,0.8,0.8,0
178,"Barbastella barbastellus",48.648047,-2.865735,2025-10-22,"gbif","Warm Temperate","Moist","Cropland","Tablelands","Warm Temperate Moist",61,89,194,"Warm Temperate Moist Cropland on Tablelands","#3D59C2",63,1700,14.2500000000001,90.0769230769231,9.95000000000005,10.65,0.699999999999989,9,9,0,0,0.714285714285714,0.857142857142857,0.142857142857143
178,"Rhinolophus ferrumequinum",44.69358,-0.34568,2022-01-29,"gbif","Warm Temperate","Moist","Cropland","Tablelands","Warm Temperate Moist",61,89,194,"Warm Temperate Moist Cropland on Tablelands","#3D59C2",66,1701,18.2961538461539,94.1538461538462,9.35000000000002,10.35,1,14,14,0,0,0.375,0.5,0.125
178,"Rhinolophus ferrumequinum",44.89948,0.65613,2022-07-19,"gbif","Warm Temperate","Moist","Cropland","Tablelands","Warm Temperate Moist",61,89,194,"Warm Temperate Moist Cropland on Tablelands","#3D59C2",125,1702,17.9038461538462,81.5384615384615,8.85000000000002,9.85000000000002,1,9,9,0,0,1,1,0
178,"Rhinolophus ferrumequinum",44.69358,-0.34568,2022-01-29,"gbif","Warm Temperate","Moist","Cropland","Tablelands","Warm Temperate Moist",61,89,194,"Warm Temperate Moist Cropland on Tablelands","#3D59C2",66,1703,18.2961538461539,94.1538461538462,9.35000000000002,10.35,1,14,14,0,0,0.375,0.5,0.125
178,"Rhinolophus ferrumequinum",46.5635904034,-0.6864436596,2025-12-27,"inat","Warm Temperate","Moist","Cropland","Tablelands","Warm Temperate Moist",61,89,194,"Warm Temperate Moist Cropland on Tablelands","#3D59C2",112,1704,16.5038461538462,76.2307692307692,8.15000000000003,9.05000000000001,0.899999999999977,14,14,0,0,0.214285714285714,0.214285714285714,0
178,"Rhinolophus ferrumequinum",45.36113,1.27554,2023-06-21,"gbif","Warm Temperate","Moist","Cropland","Tablelands","Warm Temperate Moist",61,89,194,"Warm Temperate Moist Cropland on Tablelands","#3D59C2",375,1705,16.0884615384616,98.8461538461538,7.35000000000002,8.35000000000002,1,9,9,0,0,1,0.928571428571429,-0.0714285714285714
178,"Barbastella barbastellus",44.1343248038,4.5443802348,2026-04-18,"inat","Warm Temperate","Moist","Cropland","Tablelands","Warm Temperate Moist",61,89,194,"Warm Temperate Moist Cropland on Tablelands","#3D59C2",235,1706,18.7346153846154,53.2307692307692,9.15000000000003,10.45,1.30000000000001,8,8,0,0,0.933333333333333,0.933333333333333,0
178,"Rhinolophus ferrumequinum",45.36113,1.27554,2022-07-07,"gbif","Warm Temperate","Moist","Cropland","Tablelands","Warm Temperate Moist",61,89,194,"Warm Temperate Moist Cropland on Tablelands","#3D59C2",375,1707,16.0884615384616,98.8461538461538,7.35000000000002,8.35000000000002,1,9,9,0,0,1,0.928571428571429,-0.0714285714285714
178,"Barbastella barbastellus",45.61071,0.24092,2022-01-22,"gbif","Warm Temperate","Moist","Cropland","Tablelands","Warm Temperate Moist",61,89,194,"Warm Temperate Moist Cropland on Tablelands","#3D59C2",140,1708,17.2500000000001,80.0769230769231,8.35000000000002,9.35000000000002,1,9,9,0,0,1,1,0
178,"Rhinolophus ferrumequinum",48.44062,-3.47557,2022-07-18,"gbif","Warm Temperate","Moist","Cropland","Tablelands","Warm Temperate Moist",61,89,194,"Warm Temperate Moist Cropland on Tablelands","#3D59C2",250,1709,14.173076923077,102.076923076923,8.05000000000001,8.75000000000006,0.700000000000045,14,14,0,0,0.0666666666666667,0.0666666666666667,0
178,"Rhinolophus ferrumequinum",45.09773,1.79225,2022-06-20,"gbif","Warm Temperate","Moist","Cropland","Tablelands","Warm Temperate Moist",61,89,194,"Warm Temperate Moist Cropland on Tablelands","#3D59C2",484,1710,15.673076923077,115.461538461538,6.85000000000002,7.85000000000002,1,8,8,0,0,1,1,0
178,"Rhinolophus ferrumequinum",47.78208,0.66278,2022-02-11,"gbif","Warm Temperate","Moist","Cropland","Tablelands","Warm Temperate Moist",61,89,194,"Warm Temperate Moist Cropland on Tablelands","#3D59C2",135,1711,16.0423076923077,54.3846153846154,7.35000000000002,8.25000000000006,0.900000000000034,12,12,0,0,0,0,0
178,"Rhinolophus ferrumequinum",48.96792,1.70243,2023-06-07,"gbif","Warm Temperate","Moist","Cropland","Tablelands","Warm Temperate Moist",61,89,194,"Warm Temperate Moist Cropland on Tablelands","#3D59C2",105,1712,15.8192307692308,48.6923076923077,7.25000000000006,8.15000000000003,0.899999999999977,12,12,0,0,0.0714285714285714,0.0714285714285714,0
178,"Rhinolophus ferrumequinum",49.721653,0.308808,2025-06-20,"gbif","Warm Temperate","Moist","Cropland","Tablelands","Warm Temperate Moist",61,89,194,"Warm Temperate Moist Cropland on Tablelands","#3D59C2",96,1713,13.373076923077,80.3846153846154,9.25000000000006,10.15,0.899999999999977,12,12,0,0,0,0,0
178,"Rhinolophus ferrumequinum",44.86958,-0.4829,2023-08-23,"gbif","Warm Temperate","Moist","Cropland","Tablelands","Warm Temperate Moist",61,89,194,"Warm Temperate Moist Cropland on Tablelands","#3D59C2",63,1714,18.0730769230769,94.3076923076923,9.45000000000005,10.45,1,9,9,0,0,0.571428571428571,0.642857142857143,0.0714285714285715
178,"Rhinolophus ferrumequinum",44.89948,0.65613,2022-07-19,"gbif","Warm Temperate","Moist","Cropland","Tablelands","Warm Temperate Moist",61,89,194,"Warm Temperate Moist Cropland on Tablelands","#3D59C2",125,1715,17.9038461538462,81.5384615384615,8.85000000000002,9.85000000000002,1,9,9,0,0,1,1,0
178,"Rhinolophus ferrumequinum",45.61071,0.24092,2022-01-22,"gbif","Warm Temperate","Moist","Cropland","Tablelands","Warm Temperate Moist",61,89,194,"Warm Temperate Moist Cropland on Tablelands","#3D59C2",140,1716,17.2500000000001,80.0769230769231,8.35000000000002,9.35000000000002,1,9,9,0,0,1,1,0
178,"Rhinolophus ferrumequinum",44.71085,0.28503,2022-04-19,"gbif","Warm Temperate","Moist","Cropland","Tablelands","Warm Temperate Moist",61,89,194,"Warm Temperate Moist Cropland on Tablelands","#3D59C2",113,1717,18.1115384615385,85.6153846153846,9.05000000000001,10.05,1,14,14,0,0,0.0666666666666667,0,-0.0666666666666667
178,"Rhinolophus ferrumequinum",44.982984,0.725898,2023-04-13,"gbif","Warm Temperate","Moist","Cropland","Tablelands","Warm Temperate Moist",61,89,194,"Warm Temperate Moist Cropland on Tablelands","#3D59C2",172,1718,17.6653846153847,83.6923076923077,8.65000000000003,9.65000000000003,1,9,9,0,0,1,1,0
178,"Rhinolophus ferrumequinum",46.56359,-0.686444,2025-12-27,"gbif","Warm Temperate","Moist","Cropland","Tablelands","Warm Temperate Moist",61,89,194,"Warm Temperate Moist Cropland on Tablelands","#3D59C2",112,1719,16.5038461538462,76.2307692307692,8.15000000000003,9.05000000000001,0.899999999999977,14,14,0,0,0.214285714285714,0.214285714285714,0
178,"Rhinolophus ferrumequinum",48.44062,-3.47557,2022-10-17,"gbif","Warm Temperate","Moist","Cropland","Tablelands","Warm Temperate Moist",61,89,194,"Warm Temperate Moist Cropland on Tablelands","#3D59C2",250,1720,14.173076923077,102.076923076923,8.05000000000001,8.75000000000006,0.700000000000045,14,14,0,0,0.0666666666666667,0.0666666666666667,0
178,"Rhinolophus ferrumequinum",45.60062,-0.14368,2022-01-23,"gbif","Warm Temperate","Moist","Cropland","Tablelands","Warm Temperate Moist",61,89,194,"Warm Temperate Moist Cropland on Tablelands","#3D59C2",100,1721,17.373076923077,77.7692307692308,8.55000000000001,9.55000000000001,1,14,14,0,0,0.133333333333333,0.133333333333333,0
178,"Barbastella barbastellus",45.219897,1.20672,2026-04-17,"gbif","Warm Temperate","Moist","Cropland","Tablelands","Warm Temperate Moist",61,89,194,"Warm Temperate Moist Cropland on Tablelands","#3D59C2",295,1722,16.6038461538462,90.2307692307692,7.75000000000006,8.75000000000006,1,9,9,0,0,0.928571428571429,0.928571428571429,0
178,"Rhinolophus ferrumequinum",44.78728,-0.22472,2022-02-24,"gbif","Warm Temperate","Moist","Cropland","Tablelands","Warm Temperate Moist",61,89,194,"Warm Temperate Moist Cropland on Tablelands","#3D59C2",82,1723,18.1038461538462,86.3846153846154,9.25000000000006,10.2500000000001,1,14,14,0,0,0.142857142857143,0.142857142857143,0
178,"Rhinolophus ferrumequinum",45.61071,0.24092,2022-01-22,"gbif","Warm Temperate","Moist","Cropland","Tablelands","Warm Temperate Moist",61,89,194,"Warm Temperate Moist Cropland on Tablelands","#3D59C2",140,1724,17.2500000000001,80.0769230769231,8.35000000000002,9.35000000000002,1,9,9,0,0,1,1,0
178,"Rhinolophus ferrumequinum",44.71085,0.28503,2023-02-05,"gbif","Warm Temperate","Moist","Cropland","Tablelands","Warm Temperate Moist",61,89,194,"Warm Temperate Moist Cropland on Tablelands","#3D59C2",113,1725,18.1115384615385,85.6153846153846,9.05000000000001,10.05,1,14,14,0,0,0.0666666666666667,0,-0.0666666666666667
178,"Rhinolophus ferrumequinum",48.617833,-3.882929,2025-03-16,"gbif","Warm Temperate","Moist","Cropland","Tablelands","Warm Temperate Moist",61,89,194,"Warm Temperate Moist Cropland on Tablelands","#3D59C2",61,1726,14.0423076923077,103,10.05,10.7500000000001,0.700000000000045,14,14,0,0,0,0,0
178,"Rhinolophus ferrumequinum",44.71085,0.28503,2022-10-10,"gbif","Warm Temperate","Moist","Cropland","Tablelands","Warm Temperate Moist",61,89,194,"Warm Temperate Moist Cropland on Tablelands","#3D59C2",113,1727,18.1115384615385,85.6153846153846,9.05000000000001,10.05,1,14,14,0,0,0.0666666666666667,0,-0.0666666666666667
178,"Rhinolophus ferrumequinum",44.88085,-0.10336,2022-02-23,"gbif","Warm Temperate","Moist","Cropland","Tablelands","Warm Temperate Moist",61,89,194,"Warm Temperate Moist Cropland on Tablelands","#3D59C2",40,1728,18.3807692307693,82.0769230769231,9.45000000000005,10.45,1,14,14,0,0,0.333333333333333,0.0666666666666667,-0.266666666666667
178,"Rhinolophus ferrumequinum",43.992742,2.274214,2026-02-15,"gbif","Warm Temperate","Moist","Cropland","Tablelands","Warm Temperate Moist",61,89,194,"Warm Temperate Moist Cropland on Tablelands","#3D59C2",371,1729,16.673076923077,88.3846153846154,8.05000000000001,9.15000000000003,1.10000000000002,12,12,0,0,0.214285714285714,0.142857142857143,-0.0714285714285714
178,"Rhinolophus ferrumequinum",45.24755,0.13134,2022-01-24,"gbif","Warm Temperate","Moist","Cropland","Tablelands","Warm Temperate Moist",61,89,194,"Warm Temperate Moist Cropland on Tablelands","#3D59C2",114,1730,17.7653846153847,76.3076923076923,8.75000000000006,9.75000000000006,1,12,12,0,0,0,0,0
178,"Barbastella barbastellus",44.86958,-0.4829,2022-01-29,"gbif","Warm Temperate","Moist","Cropland","Tablelands","Warm Temperate Moist",61,89,194,"Warm Temperate Moist Cropland on Tablelands","#3D59C2",63,1731,18.0730769230769,94.3076923076923,9.45000000000005,10.45,1,9,9,0,0,0.571428571428571,0.642857142857143,0.0714285714285715
178,"Rhinolophus ferrumequinum",48.55472,-2.50876,2022-07-12,"gbif","Warm Temperate","Moist","Cropland","Tablelands","Warm Temperate Moist",61,89,194,"Warm Temperate Moist Cropland on Tablelands","#3D59C2",94,1732,14.7884615384615,82.3076923076923,9.25000000000006,9.95000000000005,0.699999999999989,14,14,0,0,0,0,0
178,"Rhinolophus ferrumequinum",43.4599735116,-0.3779121337,2012-07-23,"inat","Warm Temperate","Moist","Cropland","Tablelands","Warm Temperate Moist",61,89,194,"Warm Temperate Moist Cropland on Tablelands","#3D59C2",203,1733,18.2038461538462,115.153846153846,9.55000000000001,10.65,1.10000000000002,14,14,0,0,0,0,0
178,"Rhinolophus ferrumequinum",44.69358,-0.34568,2022-01-29,"gbif","Warm Temperate","Moist","Cropland","Tablelands","Warm Temperate Moist",61,89,194,"Warm Temperate Moist Cropland on Tablelands","#3D59C2",66,1734,18.2961538461539,94.1538461538462,9.35000000000002,10.35,1,14,14,0,0,0.375,0.5,0.125
178,"Rhinolophus ferrumequinum",44.69358,-0.34568,2022-01-29,"gbif","Warm Temperate","Moist","Cropland","Tablelands","Warm Temperate Moist",61,89,194,"Warm Temperate Moist Cropland on Tablelands","#3D59C2",66,1735,18.2961538461539,94.1538461538462,9.35000000000002,10.35,1,14,14,0,0,0.375,0.5,0.125
178,"Barbastella barbastellus",44.134325,4.54438,2026-04-18,"gbif","Warm Temperate","Moist","Cropland","Tablelands","Warm Temperate Moist",61,89,194,"Warm Temperate Moist Cropland on Tablelands","#3D59C2",235,1736,18.7346153846154,53.2307692307692,9.15000000000003,10.45,1.30000000000001,8,8,0,0,0.933333333333333,0.933333333333333,0
178,"Rhinolophus ferrumequinum",48.37269,-3.01486,2022-07-26,"gbif","Warm Temperate","Moist","Cropland","Tablelands","Warm Temperate Moist",61,89,194,"Warm Temperate Moist Cropland on Tablelands","#3D59C2",260,1737,14.3192307692308,89.0769230769231,7.75000000000006,8.45000000000005,0.699999999999989,14,14,0,0,0.25,0.125,-0.125
178,"Rhinolophus ferrumequinum",44.69358,-0.34568,2022-01-29,"gbif","Warm Temperate","Moist","Cropland","Tablelands","Warm Temperate Moist",61,89,194,"Warm Temperate Moist Cropland on Tablelands","#3D59C2",66,1738,18.2961538461539,94.1538461538462,9.35000000000002,10.35,1,14,14,0,0,0.375,0.5,0.125
178,"Rhinolophus ferrumequinum",46.58275,-0.46184,2022-06-17,"gbif","Warm Temperate","Moist","Cropland","Tablelands","Warm Temperate Moist",61,89,194,"Warm Temperate Moist Cropland on Tablelands","#3D59C2",230,1739,15.9423076923077,77.6923076923077,7.65000000000003,8.55000000000001,0.899999999999977,12,12,0,0,0.214285714285714,0.142857142857143,-0.0714285714285714
178,"Rhinolophus ferrumequinum",46.87671,0.43915,2022-01-23,"gbif","Warm Temperate","Moist","Cropland","Tablelands","Warm Temperate Moist",61,89,194,"Warm Temperate Moist Cropland on Tablelands","#3D59C2",134,1740,16.6807692307693,60.2307692307692,7.75000000000006,8.75000000000006,1,12,12,0,0,0,0,0
178,"Rhinolophus ferrumequinum",44.69358,-0.34568,2022-01-29,"gbif","Warm Temperate","Moist","Cropland","Tablelands","Warm Temperate Moist",61,89,194,"Warm Temperate Moist Cropland on Tablelands","#3D59C2",66,1741,18.2961538461539,94.1538461538462,9.35000000000002,10.35,1,14,14,0,0,0.375,0.5,0.125
178,"Rhinolophus ferrumequinum",46.58275,-0.46184,2022-06-17,"gbif","Warm Temperate","Moist","Cropland","Tablelands","Warm Temperate Moist",61,89,194,"Warm Temperate Moist Cropland on Tablelands","#3D59C2",230,1742,15.9423076923077,77.6923076923077,7.65000000000003,8.55000000000001,0.899999999999977,12,12,0,0,0.214285714285714,0.142857142857143,-0.0714285714285714
178,"Rhinolophus ferrumequinum",44.36685,1.05477,2022-07-26,"gbif","Warm Temperate","Moist","Cropland","Tablelands","Warm Temperate Moist",61,89,194,"Warm Temperate Moist Cropland on Tablelands","#3D59C2",226,1743,17.8884615384616,71.9230769230769,8.75000000000006,9.75000000000006,1,14,14,0,0,0.0666666666666667,0.0666666666666667,0
178,"Rhinolophus ferrumequinum",44.69358,-0.34568,2022-01-29,"gbif","Warm Temperate","Moist","Cropland","Tablelands","Warm Temperate Moist",61,89,194,"Warm Temperate Moist Cropland on Tablelands","#3D59C2",66,1744,18.2961538461539,94.1538461538462,9.35000000000002,10.35,1,14,14,0,0,0.375,0.5,0.125
178,"Rhinolophus ferrumequinum",46.69956,0.57844,2022-01-26,"gbif","Warm Temperate","Moist","Cropland","Tablelands","Warm Temperate Moist",61,89,194,"Warm Temperate Moist Cropland on Tablelands","#3D59C2",132,1745,16.8423076923077,55.0769230769231,7.85000000000002,8.85000000000002,1,12,12,0,0,0,0,0
178,"Rhinolophus ferrumequinum",44.79088,-0.09839,2022-01-29,"gbif","Warm Temperate","Moist","Cropland","Tablelands","Warm Temperate Moist",61,89,194,"Warm Temperate Moist Cropland on Tablelands","#3D59C2",61,1746,18.2038461538462,81.5384615384615,9.25000000000006,10.2500000000001,1,14,14,0,0,0.142857142857143,0.142857142857143,0
178,"Rhinolophus ferrumequinum",48.37269,-3.01486,2022-06-16,"gbif","Warm Temperate","Moist","Cropland","Tablelands","Warm Temperate Moist",61,89,194,"Warm Temperate Moist Cropland on Tablelands","#3D59C2",260,1747,14.3192307692308,89.0769230769231,7.75000000000006,8.45000000000005,0.699999999999989,14,14,0,0,0.25,0.125,-0.125
178,"Rhinolophus ferrumequinum",48.44062,-3.47557,2022-09-15,"gbif","Warm Temperate","Moist","Cropland","Tablelands","Warm Temperate Moist",61,89,194,"Warm Temperate Moist Cropland on Tablelands","#3D59C2",250,1748,14.173076923077,102.076923076923,8.05000000000001,8.75000000000006,0.700000000000045,14,14,0,0,0.0666666666666667,0.0666666666666667,0
178,"Rhinolophus ferrumequinum",44.934038,0.728862,2025-09-07,"gbif","Warm Temperate","Moist","Cropland","Tablelands","Warm Temperate Moist",61,89,194,"Warm Temperate Moist Cropland on Tablelands","#3D59C2",183,1749,17.6423076923077,83.4615384615385,8.65000000000003,9.65000000000003,1,9,9,0,0,1,1,0
178,"Rhinolophus ferrumequinum",44.69358,-0.34568,2022-01-29,"gbif","Warm Temperate","Moist","Cropland","Tablelands","Warm Temperate Moist",61,89,194,"Warm Temperate Moist Cropland on Tablelands","#3D59C2",66,1750,18.2961538461539,94.1538461538462,9.35000000000002,10.35,1,14,14,0,0,0.375,0.5,0.125
178,"Rhinolophus ferrumequinum",44.18218,0.81085,2022-10-11,"gbif","Warm Temperate","Moist","Cropland","Tablelands","Warm Temperate Moist",61,89,194,"Warm Temperate Moist Cropland on Tablelands","#3D59C2",147,1751,18.5269230769231,68.2307692307692,9.05000000000001,10.05,1,12,12,0,0,0,0,0
178,"Rhinolophus ferrumequinum",44.79088,-0.09839,2022-01-29,"gbif","Warm Temperate","Moist","Cropland","Tablelands","Warm Temperate Moist",61,89,194,"Warm Temperate Moist Cropland on Tablelands","#3D59C2",61,1752,18.2038461538462,81.5384615384615,9.25000000000006,10.2500000000001,1,14,14,0,0,0.142857142857143,0.142857142857143,0
178,"Barbastella barbastellus",48.6480466874,-2.8657347384,2025-10-22,"inat","Warm Temperate","Moist","Cropland","Tablelands","Warm Temperate Moist",61,89,194,"Warm Temperate Moist Cropland on Tablelands","#3D59C2",63,1753,14.2500000000001,90.0769230769231,9.95000000000005,10.65,0.699999999999989,9,9,0,0,0.714285714285714,0.857142857142857,0.142857142857143
178,"Rhinolophus ferrumequinum",45.24755,0.13134,2022-01-23,"gbif","Warm Temperate","Moist","Cropland","Tablelands","Warm Temperate Moist",61,89,194,"Warm Temperate Moist Cropland on Tablelands","#3D59C2",114,1754,17.7653846153847,76.3076923076923,8.75000000000006,9.75000000000006,1,12,12,0,0,0,0,0
178,"Rhinolophus ferrumequinum",45.61071,0.24092,2022-01-06,"gbif","Warm Temperate","Moist","Cropland","Tablelands","Warm Temperate Moist",61,89,194,"Warm Temperate Moist Cropland on Tablelands","#3D59C2",140,1755,17.2500000000001,80.0769230769231,8.35000000000002,9.35000000000002,1,9,9,0,0,1,1,0
178,"Rhinolophus ferrumequinum",43.346308,-0.216363,2024-01-21,"gbif","Warm Temperate","Moist","Cropland","Tablelands","Warm Temperate Moist",61,89,194,"Warm Temperate Moist Cropland on Tablelands","#3D59C2",311,1756,17.5192307692308,124.692307692308,9.15000000000003,10.2500000000001,1.10000000000002,12,14,0,0,0,0,0
178,"Rhinolophus ferrumequinum",48.50844,-3.28875,2022-05-26,"gbif","Warm Temperate","Moist","Cropland","Tablelands","Warm Temperate Moist",61,89,194,"Warm Temperate Moist Cropland on Tablelands","#3D59C2",254,1757,14.0423076923077,99.1538461538462,7.95000000000005,8.55000000000001,0.599999999999966,14,14,0,0,0,0,0
178,"Rhinolophus ferrumequinum",44.171142,1.658774,2024-12-28,"gbif","Warm Temperate","Moist","Cropland","Tablelands","Warm Temperate Moist",61,89,194,"Warm Temperate Moist Cropland on Tablelands","#3D59C2",245,1758,17.6038461538462,74.3076923076923,8.65000000000003,9.65000000000003,1,9,9,0,0,0.8125,0.8125,0
178,"Rhinolophus ferrumequinum",47.980027,-3.860467,2023-03-02,"gbif","Warm Temperate","Moist","Cropland","Tablelands","Warm Temperate Moist",61,89,194,"Warm Temperate Moist Cropland on Tablelands","#3D59C2",113,1759,14.65,98.3846153846154,9.35000000000002,9.95000000000005,0.600000000000023,9,9,0,0,0.2,0.4,0.2
178,"Rhinolophus ferrumequinum",44.86958,-0.4829,2022-01-29,"gbif","Warm Temperate","Moist","Cropland","Tablelands","Warm Temperate Moist",61,89,194,"Warm Temperate Moist Cropland on Tablelands","#3D59C2",63,1760,18.0730769230769,94.3076923076923,9.45000000000005,10.45,1,9,9,0,0,0.571428571428571,0.642857142857143,0.0714285714285715
178,"Rhinolophus ferrumequinum",45.24755,0.13134,2022-01-24,"gbif","Warm Temperate","Moist","Cropland","Tablelands","Warm Temperate Moist",61,89,194,"Warm Temperate Moist Cropland on Tablelands","#3D59C2",114,1761,17.7653846153847,76.3076923076923,8.75000000000006,9.75000000000006,1,12,12,0,0,0,0,0
178,"Rhinolophus ferrumequinum",44.78728,-0.22472,2022-01-30,"gbif","Warm Temperate","Moist","Cropland","Tablelands","Warm Temperate Moist",61,89,194,"Warm Temperate Moist Cropland on Tablelands","#3D59C2",82,1762,18.1038461538462,86.3846153846154,9.25000000000006,10.2500000000001,1,14,14,0,0,0.142857142857143,0.142857142857143,0
178,"Rhinolophus ferrumequinum",44.78728,-0.22472,2022-01-29,"gbif","Warm Temperate","Moist","Cropland","Tablelands","Warm Temperate Moist",61,89,194,"Warm Temperate Moist Cropland on Tablelands","#3D59C2",82,1763,18.1038461538462,86.3846153846154,9.25000000000006,10.2500000000001,1,14,14,0,0,0.142857142857143,0.142857142857143,0
178,"Rhinolophus ferrumequinum",44.36685,1.05477,2023-04-19,"gbif","Warm Temperate","Moist","Cropland","Tablelands","Warm Temperate Moist",61,89,194,"Warm Temperate Moist Cropland on Tablelands","#3D59C2",226,1764,17.8884615384616,71.9230769230769,8.75000000000006,9.75000000000006,1,14,14,0,0,0.0666666666666667,0.0666666666666667,0
178,"Rhinolophus ferrumequinum",43.9927422024,2.2742137955,2026-02-15,"inat","Warm Temperate","Moist","Cropland","Tablelands","Warm Temperate Moist",61,89,194,"Warm Temperate Moist Cropland on Tablelands","#3D59C2",371,1765,16.673076923077,88.3846153846154,8.05000000000001,9.15000000000003,1.10000000000002,12,12,0,0,0.214285714285714,0.142857142857143,-0.0714285714285714
178,"Barbastella barbastellus",45.60062,-0.14368,2022-01-25,"gbif","Warm Temperate","Moist","Cropland","Tablelands","Warm Temperate Moist",61,89,194,"Warm Temperate Moist Cropland on Tablelands","#3D59C2",100,1766,17.373076923077,77.7692307692308,8.55000000000001,9.55000000000001,1,14,14,0,0,0.133333333333333,0.133333333333333,0
178,"Barbastella barbastellus",44.78728,-0.22472,2022-01-29,"gbif","Warm Temperate","Moist","Cropland","Tablelands","Warm Temperate Moist",61,89,194,"Warm Temperate Moist Cropland on Tablelands","#3D59C2",82,1767,18.1038461538462,86.3846153846154,9.25000000000006,10.2500000000001,1,14,14,0,0,0.142857142857143,0.142857142857143,0
178,"Rhinolophus ferrumequinum",44.78728,-0.22472,2022-02-24,"gbif","Warm Temperate","Moist","Cropland","Tablelands","Warm Temperate Moist",61,89,194,"Warm Temperate Moist Cropland on Tablelands","#3D59C2",82,1768,18.1038461538462,86.3846153846154,9.25000000000006,10.2500000000001,1,14,14,0,0,0.142857142857143,0.142857142857143,0
178,"Rhinolophus ferrumequinum",44.69358,-0.34568,2022-01-30,"gbif","Warm Temperate","Moist","Cropland","Tablelands","Warm Temperate Moist",61,89,194,"Warm Temperate Moist Cropland on Tablelands","#3D59C2",66,1769,18.2961538461539,94.1538461538462,9.35000000000002,10.35,1,14,14,0,0,0.375,0.5,0.125
178,"Barbastella barbastellus",46.69956,0.57844,2022-01-26,"gbif","Warm Temperate","Moist","Cropland","Tablelands","Warm Temperate Moist",61,89,194,"Warm Temperate Moist Cropland on Tablelands","#3D59C2",132,1770,16.8423076923077,55.0769230769231,7.85000000000002,8.85000000000002,1,12,12,0,0,0,0,0
178,"Barbastella barbastellus",44.321347,0.941455,2025-11-01,"gbif","Warm Temperate","Moist","Cropland","Tablelands","Warm Temperate Moist",61,89,194,"Warm Temperate Moist Cropland on Tablelands","#3D59C2",233,1771,17.9269230769231,70.5384615384615,8.75000000000006,9.75000000000006,1,14,14,0,0,0.0714285714285714,0,-0.0714285714285714
178,"Rhinolophus ferrumequinum",44.79088,-0.09839,2022-01-29,"gbif","Warm Temperate","Moist","Cropland","Tablelands","Warm Temperate Moist",61,89,194,"Warm Temperate Moist Cropland on Tablelands","#3D59C2",61,1772,18.2038461538462,81.5384615384615,9.25000000000006,10.2500000000001,1,14,14,0,0,0.142857142857143,0.142857142857143,0
178,"Barbastella barbastellus",46.622043,0.566815,2025-01-19,"gbif","Warm Temperate","Moist","Cropland","Tablelands","Warm Temperate Moist",61,89,194,"Warm Temperate Moist Cropland on Tablelands","#3D59C2",123,1773,16.9038461538462,55.8461538461538,7.85000000000002,8.85000000000002,1,12,12,0,0,0,0,0
178,"Rhinolophus ferrumequinum",46.87671,0.43915,2022-01-23,"gbif","Warm Temperate","Moist","Cropland","Tablelands","Warm Temperate Moist",61,89,194,"Warm Temperate Moist Cropland on Tablelands","#3D59C2",134,1774,16.6807692307693,60.2307692307692,7.75000000000006,8.75000000000006,1,12,12,0,0,0,0,0
178,"Barbastella barbastellus",44.86958,-0.4829,2023-08-23,"gbif","Warm Temperate","Moist","Cropland","Tablelands","Warm Temperate Moist",61,89,194,"Warm Temperate Moist Cropland on Tablelands","#3D59C2",63,1775,18.0730769230769,94.3076923076923,9.45000000000005,10.45,1,9,9,0,0,0.571428571428571,0.642857142857143,0.0714285714285715
178,"Rhinolophus ferrumequinum",48.44062,-3.47557,2022-09-15,"gbif","Warm Temperate","Moist","Cropland","Tablelands","Warm Temperate Moist",61,89,194,"Warm Temperate Moist Cropland on Tablelands","#3D59C2",250,1776,14.173076923077,102.076923076923,8.05000000000001,8.75000000000006,0.700000000000045,14,14,0,0,0.0666666666666667,0.0666666666666667,0
178,"Rhinolophus ferrumequinum",44.78728,-0.22472,2022-02-24,"gbif","Warm Temperate","Moist","Cropland","Tablelands","Warm Temperate Moist",61,89,194,"Warm Temperate Moist Cropland on Tablelands","#3D59C2",82,1777,18.1038461538462,86.3846153846154,9.25000000000006,10.2500000000001,1,14,14,0,0,0.142857142857143,0.142857142857143,0
178,"Rhinolophus ferrumequinum",43.72133,0.33194,2021-01-24,"gbif","Warm Temperate","Moist","Cropland","Tablelands","Warm Temperate Moist",61,89,194,"Warm Temperate Moist Cropland on Tablelands","#3D59C2",194,1778,18.3576923076923,76.6153846153846,9.25000000000006,10.35,1.09999999999997,12,12,0,0,0,0,0
178,"Rhinolophus ferrumequinum",49.721708,0.30883,2025-06-24,"gbif","Warm Temperate","Moist","Cropland","Tablelands","Warm Temperate Moist",61,89,194,"Warm Temperate Moist Cropland on Tablelands","#3D59C2",96,1779,13.373076923077,80.3846153846154,9.25000000000006,10.15,0.899999999999977,12,12,0,0,0,0,0
178,"Rhinolophus ferrumequinum",43.43088,-0.39581,2022-07-05,"gbif","Warm Temperate","Moist","Cropland","Tablelands","Warm Temperate Moist",61,89,194,"Warm Temperate Moist Cropland on Tablelands","#3D59C2",213,1780,18.0192307692308,118.615384615385,9.45000000000005,10.55,1.09999999999997,14,14,0,0,0,0,0
178,"Rhinolophus ferrumequinum",45.61071,0.24092,2022-01-22,"gbif","Warm Temperate","Moist","Cropland","Tablelands","Warm Temperate Moist",61,89,194,"Warm Temperate Moist Cropland on Tablelands","#3D59C2",140,1781,17.2500000000001,80.0769230769231,8.35000000000002,9.35000000000002,1,9,9,0,0,1,1,0
178,"Rhinolophus ferrumequinum",48.46219,-3.52694,2022-09-15,"gbif","Warm Temperate","Moist","Cropland","Tablelands","Warm Temperate Moist",61,89,194,"Warm Temperate Moist Cropland on Tablelands","#3D59C2",247,1782,14.1269230769231,104.615384615385,8.15000000000003,8.85000000000002,0.699999999999989,14,14,0,0,0,0,0
178,"Rhinolophus ferrumequinum",45.61071,0.24092,2022-01-09,"gbif","Warm Temperate","Moist","Cropland","Tablelands","Warm Temperate Moist",61,89,194,"Warm Temperate Moist Cropland on Tablelands","#3D59C2",140,1783,17.2500000000001,80.0769230769231,8.35000000000002,9.35000000000002,1,9,9,0,0,1,1,0
178,"Rhinolophus ferrumequinum",44.36685,1.05477,2023-01-20,"gbif","Warm Temperate","Moist","Cropland","Tablelands","Warm Temperate Moist",61,89,194,"Warm Temperate Moist Cropland on Tablelands","#3D59C2",226,1784,17.8884615384616,71.9230769230769,8.75000000000006,9.75000000000006,1,14,14,0,0,0.0666666666666667,0.0666666666666667,0
178,"Rhinolophus ferrumequinum",48.46219,-3.52694,2022-05-16,"gbif","Warm Temperate","Moist","Cropland","Tablelands","Warm Temperate Moist",61,89,194,"Warm Temperate Moist Cropland on Tablelands","#3D59C2",247,1785,14.1269230769231,104.615384615385,8.15000000000003,8.85000000000002,0.699999999999989,14,14,0,0,0,0,0
178,"Rhinolophus ferrumequinum",45.24755,0.13134,2022-01-24,"gbif","Warm Temperate","Moist","Cropland","Tablelands","Warm Temperate Moist",61,89,194,"Warm Temperate Moist Cropland on Tablelands","#3D59C2",114,1786,17.7653846153847,76.3076923076923,8.75000000000006,9.75000000000006,1,12,12,0,0,0,0,0
178,"Rhinolophus ferrumequinum",44.88085,-0.10336,2022-02-23,"gbif","Warm Temperate","Moist","Cropland","Tablelands","Warm Temperate Moist",61,89,194,"Warm Temperate Moist Cropland on Tablelands","#3D59C2",40,1787,18.3807692307693,82.0769230769231,9.45000000000005,10.45,1,14,14,0,0,0.333333333333333,0.0666666666666667,-0.266666666666667
178,"Rhinolophus ferrumequinum",45.60062,-0.14368,2022-01-23,"gbif","Warm Temperate","Moist","Cropland","Tablelands","Warm Temperate Moist",61,89,194,"Warm Temperate Moist Cropland on Tablelands","#3D59C2",100,1788,17.373076923077,77.7692307692308,8.55000000000001,9.55000000000001,1,14,14,0,0,0.133333333333333,0.133333333333333,0
178,"Barbastella barbastellus",45.7909131959,0.5504765402,2026-05-23,"inat","Warm Temperate","Moist","Cropland","Tablelands","Warm Temperate Moist",61,89,194,"Warm Temperate Moist Cropland on Tablelands","#3D59C2",245,1789,16.4115384615385,91,7.75000000000006,8.75000000000006,1,14,14,0,0,0.428571428571429,0.428571428571429,0
178,"Rhinolophus ferrumequinum",43.43088,-0.39581,2022-07-05,"gbif","Warm Temperate","Moist","Cropland","Tablelands","Warm Temperate Moist",61,89,194,"Warm Temperate Moist Cropland on Tablelands","#3D59C2",213,1790,18.0192307692308,118.615384615385,9.45000000000005,10.55,1.09999999999997,14,14,0,0,0,0,0
178,"Rhinolophus ferrumequinum",48.37269,-3.01486,2022-05-30,"gbif","Warm Temperate","Moist","Cropland","Tablelands","Warm Temperate Moist",61,89,194,"Warm Temperate Moist Cropland on Tablelands","#3D59C2",260,1791,14.3192307692308,89.0769230769231,7.75000000000006,8.45000000000005,0.699999999999989,14,14,0,0,0.25,0.125,-0.125
178,"Barbastella barbastellus",46.6220431702,0.5668151912,2025-01-19,"inat","Warm Temperate","Moist","Cropland","Tablelands","Warm Temperate Moist",61,89,194,"Warm Temperate Moist Cropland on Tablelands","#3D59C2",123,1792,16.9038461538462,55.8461538461538,7.85000000000002,8.85000000000002,1,12,12,0,0,0,0,0
178,"Barbastella barbastellus",45.2198971163,1.2067197809,2026-04-17,"inat","Warm Temperate","Moist","Cropland","Tablelands","Warm Temperate Moist",61,89,194,"Warm Temperate Moist Cropland on Tablelands","#3D59C2",295,1793,16.6038461538462,90.2307692307692,7.75000000000006,8.75000000000006,1,9,9,0,0,0.928571428571429,0.928571428571429,0
178,"Rhinolophus ferrumequinum",49.85934,1.12381,2023-09-14,"gbif","Warm Temperate","Moist","Cropland","Tablelands","Warm Temperate Moist",61,89,194,"Warm Temperate Moist Cropland on Tablelands","#3D59C2",108,1794,14.4346153846154,70.7692307692308,7.75000000000006,8.65000000000003,0.899999999999977,12,12,0,0,0,0,0
178,"Rhinolophus ferrumequinum",44.69358,-0.34568,2022-01-30,"gbif","Warm Temperate","Moist","Cropland","Tablelands","Warm Temperate Moist",61,89,194,"Warm Temperate Moist Cropland on Tablelands","#3D59C2",66,1795,18.2961538461539,94.1538461538462,9.35000000000002,10.35,1,14,14,0,0,0.375,0.5,0.125
178,"Rhinolophus ferrumequinum",48.0278,-3.73024,2022-06-29,"gbif","Warm Temperate","Moist","Cropland","Tablelands","Warm Temperate Moist",61,89,194,"Warm Temperate Moist Cropland on Tablelands","#3D59C2",196,1796,14.5038461538462,98.7692307692308,8.55000000000001,9.15000000000003,0.600000000000023,14,9,0,0,0.142857142857143,0.5,0.357142857142857
178,"Rhinolophus ferrumequinum",46.84857,-0.61021,2022-06-15,"gbif","Warm Temperate","Moist","Cropland","Tablelands","Warm Temperate Moist",61,89,194,"Warm Temperate Moist Cropland on Tablelands","#3D59C2",208,1797,15.8961538461539,75.4615384615385,7.65000000000003,8.55000000000001,0.899999999999977,12,12,0,0,0,0,0
178,"Rhinolophus ferrumequinum",45.97378,0.35194,2022-01-22,"gbif","Warm Temperate","Moist","Cropland","Tablelands","Warm Temperate Moist",61,89,194,"Warm Temperate Moist Cropland on Tablelands","#3D59C2",158,1798,16.7576923076924,80,8.05000000000001,9.05000000000001,1,14,14,0,0,0,0,0
178,"Rhinolophus ferrumequinum",47.110221,-1.073037,2023-01-21,"gbif","Warm Temperate","Moist","Cropland","Tablelands","Warm Temperate Moist",61,89,194,"Warm Temperate Moist Cropland on Tablelands","#3D59C2",85,1799,16.4269230769231,78.5384615384615,8.25000000000006,9.05000000000001,0.799999999999955,12,12,0,0,0,0,0
178,"Rhinolophus ferrumequinum",44.36685,1.05477,2022-07-26,"gbif","Warm Temperate","Moist","Cropland","Tablelands","Warm Temperate Moist",61,89,194,"Warm Temperate Moist Cropland on Tablelands","#3D59C2",226,1800,17.8884615384616,71.9230769230769,8.75000000000006,9.75000000000006,1,14,14,0,0,0.0666666666666667,0.0666666666666667,0
178,"Rhinolophus ferrumequinum",44.71085,0.28503,2023-02-05,"gbif","Warm Temperate","Moist","Cropland","Tablelands","Warm Temperate Moist",61,89,194,"Warm Temperate Moist Cropland on Tablelands","#3D59C2",113,1801,18.1115384615385,85.6153846153846,9.05000000000001,10.05,1,14,14,0,0,0.0666666666666667,0,-0.0666666666666667
178,"Rhinolophus ferrumequinum",44.78728,-0.22472,2023-04-05,"gbif","Warm Temperate","Moist","Cropland","Tablelands","Warm Temperate Moist",61,89,194,"Warm Temperate Moist Cropland on Tablelands","#3D59C2",82,1802,18.1038461538462,86.3846153846154,9.25000000000006,10.2500000000001,1,14,14,0,0,0.142857142857143,0.142857142857143,0
178,"Rhinolophus ferrumequinum",44.69358,-0.34568,2022-01-29,"gbif","Warm Temperate","Moist","Cropland","Tablelands","Warm Temperate Moist",61,89,194,"Warm Temperate Moist Cropland on Tablelands","#3D59C2",66,1803,18.2961538461539,94.1538461538462,9.35000000000002,10.35,1,14,14,0,0,0.375,0.5,0.125
178,"Rhinolophus ferrumequinum",45.61071,0.24092,2022-01-22,"gbif","Warm Temperate","Moist","Cropland","Tablelands","Warm Temperate Moist",61,89,194,"Warm Temperate Moist Cropland on Tablelands","#3D59C2",140,1804,17.2500000000001,80.0769230769231,8.35000000000002,9.35000000000002,1,9,9,0,0,1,1,0
178,"Rhinolophus ferrumequinum",45.60062,-0.14368,2022-01-25,"gbif","Warm Temperate","Moist","Cropland","Tablelands","Warm Temperate Moist",61,89,194,"Warm Temperate Moist Cropland on Tablelands","#3D59C2",100,1805,17.373076923077,77.7692307692308,8.55000000000001,9.55000000000001,1,14,14,0,0,0.133333333333333,0.133333333333333,0
178,"Rhinolophus ferrumequinum",48.55472,-2.50876,2022-08-25,"gbif","Warm Temperate","Moist","Cropland","Tablelands","Warm Temperate Moist",61,89,194,"Warm Temperate Moist Cropland on Tablelands","#3D59C2",94,1806,14.7884615384615,82.3076923076923,9.25000000000006,9.95000000000005,0.699999999999989,14,14,0,0,0,0,0
178,"Rhinolophus ferrumequinum",44.86958,-0.4829,2022-06-06,"gbif","Warm Temperate","Moist","Cropland","Tablelands","Warm Temperate Moist",61,89,194,"Warm Temperate Moist Cropland on Tablelands","#3D59C2",63,1807,18.0730769230769,94.3076923076923,9.45000000000005,10.45,1,9,9,0,0,0.571428571428571,0.642857142857143,0.0714285714285715
178,"Barbastella barbastellus",43.429229,-0.084331,2024-08-28,"gbif","Warm Temperate","Moist","Cropland","Tablelands","Warm Temperate Moist",61,89,194,"Warm Temperate Moist Cropland on Tablelands","#3D59C2",299,1808,17.6115384615385,108.538461538462,8.95000000000005,10.05,1.09999999999997,14,14,0,0,0,0,0
178,"Rhinolophus ferrumequinum",46.93432,-0.74752,2022-01-19,"gbif","Warm Temperate","Moist","Cropland","Tablelands","Warm Temperate Moist",61,89,194,"Warm Temperate Moist Cropland on Tablelands","#3D59C2",167,1809,16.0576923076923,74.8461538461538,7.85000000000002,8.75000000000006,0.900000000000034,12,12,0,0,0,0,0
178,"Rhinolophus ferrumequinum",48.37269,-3.01486,2022-09-19,"gbif","Warm Temperate","Moist","Cropland","Tablelands","Warm Temperate Moist",61,89,194,"Warm Temperate Moist Cropland on Tablelands","#3D59C2",260,1810,14.3192307692308,89.0769230769231,7.75000000000006,8.45000000000005,0.699999999999989,14,14,0,0,0.25,0.125,-0.125
178,"Rhinolophus ferrumequinum",48.46219,-3.52694,2022-07-18,"gbif","Warm Temperate","Moist","Cropland","Tablelands","Warm Temperate Moist",61,89,194,"Warm Temperate Moist Cropland on Tablelands","#3D59C2",247,1811,14.1269230769231,104.615384615385,8.15000000000003,8.85000000000002,0.699999999999989,14,14,0,0,0,0,0
178,"Rhinolophus ferrumequinum",44.34783,0.17691,2022-06-28,"gbif","Warm Temperate","Moist","Cropland","Tablelands","Warm Temperate Moist",61,89,194,"Warm Temperate Moist Cropland on Tablelands","#3D59C2",95,1812,18.5346153846154,83.4615384615385,9.15000000000003,10.15,1,14,12,0,0,0,0,0
178,"Rhinolophus ferrumequinum",44.78728,-0.22472,2022-02-24,"gbif","Warm Temperate","Moist","Cropland","Tablelands","Warm Temperate Moist",61,89,194,"Warm Temperate Moist Cropland on Tablelands","#3D59C2",82,1813,18.1038461538462,86.3846153846154,9.25000000000006,10.2500000000001,1,14,14,0,0,0.142857142857143,0.142857142857143,0
178,"Rhinolophus ferrumequinum",44.36685,1.05477,2023-01-20,"gbif","Warm Temperate","Moist","Cropland","Tablelands","Warm Temperate Moist",61,89,194,"Warm Temperate Moist Cropland on Tablelands","#3D59C2",226,1814,17.8884615384616,71.9230769230769,8.75000000000006,9.75000000000006,1,14,14,0,0,0.0666666666666667,0.0666666666666667,0
178,"Barbastella barbastellus",45.61071,0.24092,2022-01-19,"gbif","Warm Temperate","Moist","Cropland","Tablelands","Warm Temperate Moist",61,89,194,"Warm Temperate Moist Cropland on Tablelands","#3D59C2",140,1815,17.2500000000001,80.0769230769231,8.35000000000002,9.35000000000002,1,9,9,0,0,1,1,0
178,"Rhinolophus ferrumequinum",44.79088,-0.09839,2022-01-29,"gbif","Warm Temperate","Moist","Cropland","Tablelands","Warm Temperate Moist",61,89,194,"Warm Temperate Moist Cropland on Tablelands","#3D59C2",61,1816,18.2038461538462,81.5384615384615,9.25000000000006,10.2500000000001,1,14,14,0,0,0.142857142857143,0.142857142857143,0
178,"Rhinolophus ferrumequinum",45.61071,0.24092,2022-02-21,"gbif","Warm Temperate","Moist","Cropland","Tablelands","Warm Temperate Moist",61,89,194,"Warm Temperate Moist Cropland on Tablelands","#3D59C2",140,1817,17.2500000000001,80.0769230769231,8.35000000000002,9.35000000000002,1,9,9,0,0,1,1,0
178,"Rhinolophus ferrumequinum",44.71085,0.28503,2022-04-19,"gbif","Warm Temperate","Moist","Cropland","Tablelands","Warm Temperate Moist",61,89,194,"Warm Temperate Moist Cropland on Tablelands","#3D59C2",113,1818,18.1115384615385,85.6153846153846,9.05000000000001,10.05,1,14,14,0,0,0.0666666666666667,0,-0.0666666666666667
178,"Rhinolophus ferrumequinum",45.61071,0.24092,2022-01-19,"gbif","Warm Temperate","Moist","Cropland","Tablelands","Warm Temperate Moist",61,89,194,"Warm Temperate Moist Cropland on Tablelands","#3D59C2",140,1819,17.2500000000001,80.0769230769231,8.35000000000002,9.35000000000002,1,9,9,0,0,1,1,0
178,"Rhinolophus ferrumequinum",48.960294,-0.208374,2024-07-29,"gbif","Warm Temperate","Moist","Cropland","Tablelands","Warm Temperate Moist",61,89,194,"Warm Temperate Moist Cropland on Tablelands","#3D59C2",173,1820,15.0423076923077,64.4615384615385,7.35000000000002,8.15000000000003,0.800000000000011,12,12,0,0,0,0,0
178,"Rhinolophus ferrumequinum",44.88085,-0.10336,2022-02-23,"gbif","Warm Temperate","Moist","Cropland","Tablelands","Warm Temperate Moist",61,89,194,"Warm Temperate Moist Cropland on Tablelands","#3D59C2",40,1821,18.3807692307693,82.0769230769231,9.45000000000005,10.45,1,14,14,0,0,0.333333333333333,0.0666666666666667,-0.266666666666667
178,"Rhinolophus ferrumequinum",46.84857,-0.61021,2022-06-15,"gbif","Warm Temperate","Moist","Cropland","Tablelands","Warm Temperate Moist",61,89,194,"Warm Temperate Moist Cropland on Tablelands","#3D59C2",208,1822,15.8961538461539,75.4615384615385,7.65000000000003,8.55000000000001,0.899999999999977,12,12,0,0,0,0,0
178,"Rhinolophus ferrumequinum",45.24755,0.13134,2022-01-24,"gbif","Warm Temperate","Moist","Cropland","Tablelands","Warm Temperate Moist",61,89,194,"Warm Temperate Moist Cropland on Tablelands","#3D59C2",114,1823,17.7653846153847,76.3076923076923,8.75000000000006,9.75000000000006,1,12,12,0,0,0,0,0
178,"Rhinolophus ferrumequinum",45.16671,0.51757,2023-01-23,"gbif","Warm Temperate","Moist","Cropland","Tablelands","Warm Temperate Moist",61,89,194,"Warm Temperate Moist Cropland on Tablelands","#3D59C2",189,1824,17.273076923077,82.3076923076923,8.45000000000005,9.45000000000005,1,8,8,0,0,1,1,0
178,"Rhinolophus ferrumequinum",43.47309,1.4557,2022-07-11,"gbif","Warm Temperate","Moist","Cropland","Tablelands","Warm Temperate Moist",61,89,194,"Warm Temperate Moist Cropland on Tablelands","#3D59C2",218,1825,18.1653846153847,63.3076923076923,9.25000000000006,10.2500000000001,1,12,12,0,0,0,0,0
178,"Rhinolophus ferrumequinum",48.50844,-3.28875,2022-09-09,"gbif","Warm Temperate","Moist","Cropland","Tablelands","Warm Temperate Moist",61,89,194,"Warm Temperate Moist Cropland on Tablelands","#3D59C2",254,1826,14.0423076923077,99.1538461538462,7.95000000000005,8.55000000000001,0.599999999999966,14,14,0,0,0,0,0
178,"Rhinolophus ferrumequinum",44.71085,0.28503,2022-10-10,"gbif","Warm Temperate","Moist","Cropland","Tablelands","Warm Temperate Moist",61,89,194,"Warm Temperate Moist Cropland on Tablelands","#3D59C2",113,1827,18.1115384615385,85.6153846153846,9.05000000000001,10.05,1,14,14,0,0,0.0666666666666667,0,-0.0666666666666667
178,"Rhinolophus ferrumequinum",45.61071,0.24092,2022-01-21,"gbif","Warm Temperate","Moist","Cropland","Tablelands","Warm Temperate Moist",61,89,194,"Warm Temperate Moist Cropland on Tablelands","#3D59C2",140,1828,17.2500000000001,80.0769230769231,8.35000000000002,9.35000000000002,1,9,9,0,0,1,1,0
178,"Rhinolophus ferrumequinum",44.88085,-0.10336,2022-01-30,"gbif","Warm Temperate","Moist","Cropland","Tablelands","Warm Temperate Moist",61,89,194,"Warm Temperate Moist Cropland on Tablelands","#3D59C2",40,1829,18.3807692307693,82.0769230769231,9.45000000000005,10.45,1,14,14,0,0,0.333333333333333,0.0666666666666667,-0.266666666666667
179,"Rhinolophus ferrumequinum",43.860897,3.428088,2025-07-15,"gbif","Warm Temperate","Moist","Grassland","Tablelands","Warm Temperate Moist",50,73,167,"Warm Temperate Moist Grassland on Tablelands","#3249A7",708,1830,15.0730769230769,53.0769230769231,6.65000000000003,7.85000000000002,1.19999999999999,9,10,0,0,0.6,0.0666666666666667,-0.533333333333333
179,"Rhinolophus ferrumequinum",46.49279,-0.45613,2022-06-17,"gbif","Warm Temperate","Moist","Grassland","Tablelands","Warm Temperate Moist",50,73,167,"Warm Temperate Moist Grassland on Tablelands","#3249A7",118,1831,16.5269230769231,74.2307692307692,8.05000000000001,8.95000000000005,0.900000000000034,12,12,0,0,0,0,0
179,"Rhinolophus ferrumequinum",43.93257,3.5604,2022-01-22,"gbif","Warm Temperate","Moist","Grassland","Tablelands","Warm Temperate Moist",50,73,167,"Warm Temperate Moist Grassland on Tablelands","#3249A7",645,1832,15.5653846153846,55.5384615384615,6.85000000000002,8.05000000000001,1.19999999999999,9,8,0,0,0.933333333333333,0.533333333333333,-0.4
179,"Barbastella barbastellus",43.93257,3.5604,2022-01-22,"gbif","Warm Temperate","Moist","Grassland","Tablelands","Warm Temperate Moist",50,73,167,"Warm Temperate Moist Grassland on Tablelands","#3249A7",645,1833,15.5653846153846,55.5384615384615,6.85000000000002,8.05000000000001,1.19999999999999,9,8,0,0,0.933333333333333,0.533333333333333,-0.4
179,"Rhinolophus ferrumequinum",45.54118,1.26994,2022-07-12,"gbif","Warm Temperate","Moist","Grassland","Tablelands","Warm Temperate Moist",50,73,167,"Warm Temperate Moist Grassland on Tablelands","#3249A7",407,1834,15.5961538461539,103.846153846154,7.05000000000001,8.05000000000001,1,9,9,0,0,1,1,0
179,"Barbastella barbastellus",48.752347,-1.263768,2024-07-10,"gbif","Warm Temperate","Moist","Grassland","Tablelands","Warm Temperate Moist",50,73,167,"Warm Temperate Moist Grassland on Tablelands","#3249A7",138,1835,14.5269230769231,94.7692307692308,8.15000000000003,8.85000000000002,0.699999999999989,14,14,0,0,0.0625,0.0625,0
179,"Rhinolophus ferrumequinum",49.29839,0.04404,2023-05-15,"gbif","Warm Temperate","Moist","Grassland","Tablelands","Warm Temperate Moist",50,73,167,"Warm Temperate Moist Grassland on Tablelands","#3249A7",97,1836,15.2807692307693,72.1538461538462,8.05000000000001,8.95000000000005,0.900000000000034,9,9,0,0,0.866666666666667,0.4,-0.466666666666667
179,"Rhinolophus ferrumequinum",46.07219,0.73553,2022-02-17,"gbif","Warm Temperate","Moist","Grassland","Tablelands","Warm Temperate Moist",50,73,167,"Warm Temperate Moist Grassland on Tablelands","#3249A7",223,1837,16.4423076923077,81.1538461538462,7.75000000000006,8.75000000000006,1,12,12,0,0,0.4,0.6,0.2
179,"Rhinolophus ferrumequinum",49.29839,0.04404,2022-02-22,"gbif","Warm Temperate","Moist","Grassland","Tablelands","Warm Temperate Moist",50,73,167,"Warm Temperate Moist Grassland on Tablelands","#3249A7",97,1838,15.2807692307693,72.1538461538462,8.05000000000001,8.95000000000005,0.900000000000034,9,9,0,0,0.866666666666667,0.4,-0.466666666666667
179,"Rhinolophus ferrumequinum",46.511776,1.535002,2024-05-08,"gbif","Warm Temperate","Moist","Grassland","Tablelands","Warm Temperate Moist",50,73,167,"Warm Temperate Moist Grassland on Tablelands","#3249A7",209,1839,16.6038461538462,65.0769230769231,7.55000000000001,8.55000000000001,1,9,9,0,0,0.375,0.3125,-0.0625
179,"Rhinolophus ferrumequinum",44.46888,1.93141,2022-02-04,"gbif","Warm Temperate","Moist","Grassland","Tablelands","Warm Temperate Moist",50,73,167,"Warm Temperate Moist Grassland on Tablelands","#3249A7",331,1840,16.8653846153846,70.3076923076923,8.05000000000001,9.15000000000003,1.10000000000002,9,9,0,0,1,1,0
179,"Rhinolophus ferrumequinum",44.46888,1.93141,2022-01-21,"gbif","Warm Temperate","Moist","Grassland","Tablelands","Warm Temperate Moist",50,73,167,"Warm Temperate Moist Grassland on Tablelands","#3249A7",331,1841,16.8653846153846,70.3076923076923,8.05000000000001,9.15000000000003,1.10000000000002,9,9,0,0,1,1,0
179,"Rhinolophus ferrumequinum",49.60033,-1.77297,2022-12-02,"gbif","Warm Temperate","Moist","Grassland","Tablelands","Warm Temperate Moist",50,73,167,"Warm Temperate Moist Grassland on Tablelands","#3249A7",96,1842,13.3423076923077,106,9.85000000000002,10.65,0.800000000000011,9,9,0,0,0.357142857142857,0.357142857142857,0
179,"Rhinolophus ferrumequinum",46.49279,-0.45613,2022-01-22,"gbif","Warm Temperate","Moist","Grassland","Tablelands","Warm Temperate Moist",50,73,167,"Warm Temperate Moist Grassland on Tablelands","#3249A7",118,1843,16.5269230769231,74.2307692307692,8.05000000000001,8.95000000000005,0.900000000000034,12,12,0,0,0,0,0
179,"Rhinolophus ferrumequinum",43.93257,3.5604,2022-02-21,"gbif","Warm Temperate","Moist","Grassland","Tablelands","Warm Temperate Moist",50,73,167,"Warm Temperate Moist Grassland on Tablelands","#3249A7",645,1844,15.5653846153846,55.5384615384615,6.85000000000002,8.05000000000001,1.19999999999999,9,8,0,0,0.933333333333333,0.533333333333333,-0.4
179,"Rhinolophus ferrumequinum",46.46142,1.37703,2022-04-04,"gbif","Warm Temperate","Moist","Grassland","Tablelands","Warm Temperate Moist",50,73,167,"Warm Temperate Moist Grassland on Tablelands","#3249A7",225,1845,16.4807692307693,69.0769230769231,7.55000000000001,8.55000000000001,1,12,14,0,0,0.142857142857143,0.285714285714286,0.142857142857143
179,"Rhinolophus ferrumequinum",46.07219,0.73553,2022-06-14,"gbif","Warm Temperate","Moist","Grassland","Tablelands","Warm Temperate Moist",50,73,167,"Warm Temperate Moist Grassland on Tablelands","#3249A7",223,1846,16.4423076923077,81.1538461538462,7.75000000000006,8.75000000000006,1,12,12,0,0,0.4,0.6,0.2
179,"Rhinolophus ferrumequinum",45.36302,1.40324,2022-06-29,"gbif","Warm Temperate","Moist","Grassland","Tablelands","Warm Temperate Moist",50,73,167,"Warm Temperate Moist Grassland on Tablelands","#3249A7",332,1847,16.2423076923077,99,7.45000000000005,8.45000000000005,1,9,9,0,0,1,1,0
179,"Rhinolophus ferrumequinum",46.46142,1.37703,2022-07-13,"gbif","Warm Temperate","Moist","Grassland","Tablelands","Warm Temperate Moist",50,73,167,"Warm Temperate Moist Grassland on Tablelands","#3249A7",225,1848,16.4807692307693,69.0769230769231,7.55000000000001,8.55000000000001,1,12,14,0,0,0.142857142857143,0.285714285714286,0.142857142857143
180,"Rhinolophus ferrumequinum",44.90684,1.03604,2022-07-06,"gbif","Warm Temperate","Moist","Forest","Tablelands","Warm Temperate Moist",69,72,136,"Warm Temperate Moist Forest on Tablelands","#454888",180,1849,17.6653846153847,77,8.65000000000003,9.65000000000003,1,8,8,0,0,1,1,0
180,"Rhinolophus ferrumequinum",45.17905,1.15382,2023-02-02,"gbif","Warm Temperate","Moist","Forest","Tablelands","Warm Temperate Moist",69,72,136,"Warm Temperate Moist Forest on Tablelands","#454888",231,1850,17.0038461538462,88.4615384615385,8.05000000000001,9.05000000000001,1,9,9,0,0,1,1,0
180,"Rhinolophus ferrumequinum",43.41429,-0.889,2022-07-07,"gbif","Warm Temperate","Moist","Forest","Tablelands","Warm Temperate Moist",69,72,136,"Warm Temperate Moist Forest on Tablelands","#454888",189,1851,18.1807692307693,129.615384615385,9.75000000000006,10.85,1.09999999999997,8,8,0,0,0.6875,0.9375,0.25
180,"Barbastella barbastellus",44.99902,1.15975,2023-03-02,"gbif","Warm Temperate","Moist","Forest","Tablelands","Warm Temperate Moist",69,72,136,"Warm Temperate Moist Forest on Tablelands","#454888",173,1852,17.4576923076924,78.3846153846154,8.35000000000002,9.35000000000002,1,8,8,0,0,1,1,0
180,"Rhinolophus ferrumequinum",44.99902,1.15975,2022-02-02,"gbif","Warm Temperate","Moist","Forest","Tablelands","Warm Temperate Moist",69,72,136,"Warm Temperate Moist Forest on Tablelands","#454888",173,1853,17.4576923076924,78.3846153846154,8.35000000000002,9.35000000000002,1,8,8,0,0,1,1,0
180,"Rhinolophus ferrumequinum",44.07797,0.19029,2023-01-09,"gbif","Warm Temperate","Moist","Forest","Tablelands","Warm Temperate Moist",69,72,136,"Warm Temperate Moist Forest on Tablelands","#454888",155,1854,18.6961538461539,83,9.25000000000006,10.2500000000001,1,8,4,0,0,1,1,0
180,"Rhinolophus ferrumequinum",44.90684,1.03604,2023-01-26,"gbif","Warm Temperate","Moist","Forest","Tablelands","Warm Temperate Moist",69,72,136,"Warm Temperate Moist Forest on Tablelands","#454888",180,1855,17.6653846153847,77,8.65000000000003,9.65000000000003,1,8,8,0,0,1,1,0
180,"Rhinolophus ferrumequinum",44.89673,0.52951,2023-01-31,"gbif","Warm Temperate","Moist","Forest","Tablelands","Warm Temperate Moist",69,72,136,"Warm Temperate Moist Forest on Tablelands","#454888",112,1856,17.9884615384616,82.2307692307692,8.95000000000005,9.95000000000005,1,8,8,0,0,1,1,0
180,"Rhinolophus ferrumequinum",44.115348,1.668704,2026-02-08,"gbif","Warm Temperate","Moist","Forest","Tablelands","Warm Temperate Moist",69,72,136,"Warm Temperate Moist Forest on Tablelands","#454888",269,1857,17.5961538461539,75.6923076923077,8.65000000000003,9.65000000000003,1,9,9,0,0,1,1,0
180,"Rhinolophus ferrumequinum",45.16947,0.64479,2023-01-23,"gbif","Warm Temperate","Moist","Forest","Tablelands","Warm Temperate Moist",69,72,136,"Warm Temperate Moist Forest on Tablelands","#454888",156,1858,17.4423076923077,80.5384615384615,8.45000000000005,9.45000000000005,1,8,8,0,0,0.928571428571429,0.928571428571429,0
180,"Rhinolophus ferrumequinum",44.1153476086,1.6687039138,2026-02-08,"inat","Warm Temperate","Moist","Forest","Tablelands","Warm Temperate Moist",69,72,136,"Warm Temperate Moist Forest on Tablelands","#454888",269,1859,17.5961538461539,75.6923076923077,8.65000000000003,9.65000000000003,1,9,9,0,0,1,1,0
180,"Rhinolophus ferrumequinum",44.90684,1.03604,2022-07-07,"gbif","Warm Temperate","Moist","Forest","Tablelands","Warm Temperate Moist",69,72,136,"Warm Temperate Moist Forest on Tablelands","#454888",180,1860,17.6653846153847,77,8.65000000000003,9.65000000000003,1,8,8,0,0,1,1,0
180,"Rhinolophus ferrumequinum",43.41429,-0.889,2022-07-07,"gbif","Warm Temperate","Moist","Forest","Tablelands","Warm Temperate Moist",69,72,136,"Warm Temperate Moist Forest on Tablelands","#454888",189,1861,18.1807692307693,129.615384615385,9.75000000000006,10.85,1.09999999999997,8,8,0,0,0.6875,0.9375,0.25
180,"Rhinolophus ferrumequinum",44.89673,0.52951,2023-01-31,"gbif","Warm Temperate","Moist","Forest","Tablelands","Warm Temperate Moist",69,72,136,"Warm Temperate Moist Forest on Tablelands","#454888",112,1862,17.9884615384616,82.2307692307692,8.95000000000005,9.95000000000005,1,8,8,0,0,1,1,0
180,"Rhinolophus ferrumequinum",44.19615,4.31371,2022-01-18,"gbif","Warm Temperate","Moist","Forest","Tablelands","Warm Temperate Moist",69,72,136,"Warm Temperate Moist Forest on Tablelands","#454888",342,1863,18.0192307692308,65.0769230769231,8.65000000000003,9.95000000000005,1.30000000000001,8,1,0,0,1,1,0
180,"Rhinolophus ferrumequinum",44.80948,0.65988,2023-01-31,"gbif","Warm Temperate","Moist","Forest","Tablelands","Warm Temperate Moist",69,72,136,"Warm Temperate Moist Forest on Tablelands","#454888",119,1864,18.0730769230769,76.0769230769231,8.95000000000005,9.95000000000005,1,5,5,0,0,1,1,0
180,"Rhinolophus ferrumequinum",45.16947,0.64479,2023-01-23,"gbif","Warm Temperate","Moist","Forest","Tablelands","Warm Temperate Moist",69,72,136,"Warm Temperate Moist Forest on Tablelands","#454888",156,1865,17.4423076923077,80.5384615384615,8.45000000000005,9.45000000000005,1,8,8,0,0,0.928571428571429,0.928571428571429,0
180,"Rhinolophus ferrumequinum",44.10616,1.68837,2021-01-20,"gbif","Warm Temperate","Moist","Forest","Tablelands","Warm Temperate Moist",69,72,136,"Warm Temperate Moist Forest on Tablelands","#454888",287,1866,17.5423076923078,75.4615384615385,8.65000000000003,9.65000000000003,1,9,9,0,0,1,1,0
180,"Rhinolophus ferrumequinum",44.99902,1.15975,2023-03-02,"gbif","Warm Temperate","Moist","Forest","Tablelands","Warm Temperate Moist",69,72,136,"Warm Temperate Moist Forest on Tablelands","#454888",173,1867,17.4576923076924,78.3846153846154,8.35000000000002,9.35000000000002,1,8,8,0,0,1,1,0
180,"Barbastella barbastellus",46.6774597626,0.5992806352,2025-01-18,"inat","Warm Temperate","Moist","Forest","Tablelands","Warm Temperate Moist",69,72,136,"Warm Temperate Moist Forest on Tablelands","#454888",127,1868,16.873076923077,55.8461538461538,7.85000000000002,8.85000000000002,1,9,14,0,0,0.266666666666667,0.333333333333333,0.0666666666666667
180,"Rhinolophus ferrumequinum",44.80948,0.65988,2023-02-16,"gbif","Warm Temperate","Moist","Forest","Tablelands","Warm Temperate Moist",69,72,136,"Warm Temperate Moist Forest on Tablelands","#454888",119,1869,18.0730769230769,76.0769230769231,8.95000000000005,9.95000000000005,1,5,5,0,0,1,1,0
180,"Rhinolophus ferrumequinum",44.89673,0.52951,2023-01-31,"gbif","Warm Temperate","Moist","Forest","Tablelands","Warm Temperate Moist",69,72,136,"Warm Temperate Moist Forest on Tablelands","#454888",112,1870,17.9884615384616,82.2307692307692,8.95000000000005,9.95000000000005,1,8,8,0,0,1,1,0
180,"Rhinolophus ferrumequinum",45.16947,0.64479,2023-01-23,"gbif","Warm Temperate","Moist","Forest","Tablelands","Warm Temperate Moist",69,72,136,"Warm Temperate Moist Forest on Tablelands","#454888",156,1871,17.4423076923077,80.5384615384615,8.45000000000005,9.45000000000005,1,8,8,0,0,0.928571428571429,0.928571428571429,0
180,"Rhinolophus ferrumequinum",44.89673,0.52951,2023-01-31,"gbif","Warm Temperate","Moist","Forest","Tablelands","Warm Temperate Moist",69,72,136,"Warm Temperate Moist Forest on Tablelands","#454888",112,1872,17.9884615384616,82.2307692307692,8.95000000000005,9.95000000000005,1,8,8,0,0,1,1,0
180,"Rhinolophus ferrumequinum",44.80948,0.65988,2023-01-13,"gbif","Warm Temperate","Moist","Forest","Tablelands","Warm Temperate Moist",69,72,136,"Warm Temperate Moist Forest on Tablelands","#454888",119,1873,18.0730769230769,76.0769230769231,8.95000000000005,9.95000000000005,1,5,5,0,0,1,1,0
180,"Rhinolophus ferrumequinum",45.1002,2.04649,2022-07-06,"gbif","Warm Temperate","Moist","Forest","Tablelands","Warm Temperate Moist",69,72,136,"Warm Temperate Moist Forest on Tablelands","#454888",515,1874,15.2038461538462,118.461538461538,6.55000000000001,7.55000000000001,1,8,8,0,0,1,1,0
180,"Rhinolophus ferrumequinum",44.54684,1.04857,2022-05-05,"gbif","Warm Temperate","Moist","Forest","Tablelands","Warm Temperate Moist",69,72,136,"Warm Temperate Moist Forest on Tablelands","#454888",230,1875,17.7038461538462,72,8.65000000000003,9.65000000000003,1,8,8,0,0,1,1,0
180,"Rhinolophus ferrumequinum",44.10616,1.68837,2022-01-19,"gbif","Warm Temperate","Moist","Forest","Tablelands","Warm Temperate Moist",69,72,136,"Warm Temperate Moist Forest on Tablelands","#454888",287,1876,17.5423076923078,75.4615384615385,8.65000000000003,9.65000000000003,1,9,9,0,0,1,1,0
180,"Barbastella barbastellus",44.99902,1.15975,2022-02-02,"gbif","Warm Temperate","Moist","Forest","Tablelands","Warm Temperate Moist",69,72,136,"Warm Temperate Moist Forest on Tablelands","#454888",173,1877,17.4576923076924,78.3846153846154,8.35000000000002,9.35000000000002,1,8,8,0,0,1,1,0
180,"Rhinolophus ferrumequinum",44.99454,0.90603,2022-02-03,"gbif","Warm Temperate","Moist","Forest","Tablelands","Warm Temperate Moist",69,72,136,"Warm Temperate Moist Forest on Tablelands","#454888",228,1878,17.2884615384615,84.6923076923077,8.35000000000002,9.35000000000002,1,8,8,0,0,1,1,0
180,"Rhinolophus ferrumequinum",44.90684,1.03604,2022-02-10,"gbif","Warm Temperate","Moist","Forest","Tablelands","Warm Temperate Moist",69,72,136,"Warm Temperate Moist Forest on Tablelands","#454888",180,1879,17.6653846153847,77,8.65000000000003,9.65000000000003,1,8,8,0,0,1,1,0
180,"Rhinolophus ferrumequinum",45.16947,0.64479,2022-11-15,"gbif","Warm Temperate","Moist","Forest","Tablelands","Warm Temperate Moist",69,72,136,"Warm Temperate Moist Forest on Tablelands","#454888",156,1880,17.4423076923077,80.5384615384615,8.45000000000005,9.45000000000005,1,8,8,0,0,0.928571428571429,0.928571428571429,0
180,"Rhinolophus ferrumequinum",44.90684,1.03604,2022-09-22,"gbif","Warm Temperate","Moist","Forest","Tablelands","Warm Temperate Moist",69,72,136,"Warm Temperate Moist Forest on Tablelands","#454888",180,1881,17.6653846153847,77,8.65000000000003,9.65000000000003,1,8,8,0,0,1,1,0
180,"Rhinolophus ferrumequinum",44.54684,1.04857,2023-02-03,"gbif","Warm Temperate","Moist","Forest","Tablelands","Warm Temperate Moist",69,72,136,"Warm Temperate Moist Forest on Tablelands","#454888",230,1882,17.7038461538462,72,8.65000000000003,9.65000000000003,1,8,8,0,0,1,1,0
180,"Rhinolophus ferrumequinum",44.99902,1.15975,2022-02-08,"gbif","Warm Temperate","Moist","Forest","Tablelands","Warm Temperate Moist",69,72,136,"Warm Temperate Moist Forest on Tablelands","#454888",173,1883,17.4576923076924,78.3846153846154,8.35000000000002,9.35000000000002,1,8,8,0,0,1,1,0
180,"Rhinolophus ferrumequinum",44.99454,0.90603,2023-02-04,"gbif","Warm Temperate","Moist","Forest","Tablelands","Warm Temperate Moist",69,72,136,"Warm Temperate Moist Forest on Tablelands","#454888",228,1884,17.2884615384615,84.6923076923077,8.35000000000002,9.35000000000002,1,8,8,0,0,1,1,0
180,"Barbastella barbastellus",47.322013,0.131325,2025-07-02,"gbif","Warm Temperate","Moist","Forest","Tablelands","Warm Temperate Moist",69,72,136,"Warm Temperate Moist Forest on Tablelands","#454888",110,1885,16.5269230769231,63.6153846153846,7.85000000000002,8.75000000000006,0.900000000000034,1,1,0,0,1,1,0
180,"Rhinolophus ferrumequinum",47.13719,0.03071,2022-02-02,"gbif","Warm Temperate","Moist","Forest","Tablelands","Warm Temperate Moist",69,72,136,"Warm Temperate Moist Forest on Tablelands","#454888",110,1886,16.7192307692308,62.0769230769231,7.95000000000005,8.85000000000002,0.899999999999977,8,8,0,0,0.642857142857143,0.642857142857143,0
180,"Rhinolophus ferrumequinum",44.99902,1.15975,2023-01-16,"gbif","Warm Temperate","Moist","Forest","Tablelands","Warm Temperate Moist",69,72,136,"Warm Temperate Moist Forest on Tablelands","#454888",173,1887,17.4576923076924,78.3846153846154,8.35000000000002,9.35000000000002,1,8,8,0,0,1,1,0
180,"Rhinolophus ferrumequinum",44.99454,0.90603,2023-02-04,"gbif","Warm Temperate","Moist","Forest","Tablelands","Warm Temperate Moist",69,72,136,"Warm Temperate Moist Forest on Tablelands","#454888",228,1888,17.2884615384615,84.6923076923077,8.35000000000002,9.35000000000002,1,8,8,0,0,1,1,0
180,"Rhinolophus ferrumequinum",44.90684,1.03604,2023-01-26,"gbif","Warm Temperate","Moist","Forest","Tablelands","Warm Temperate Moist",69,72,136,"Warm Temperate Moist Forest on Tablelands","#454888",180,1889,17.6653846153847,77,8.65000000000003,9.65000000000003,1,8,8,0,0,1,1,0
180,"Barbastella barbastellus",44.99902,1.15975,2023-01-16,"gbif","Warm Temperate","Moist","Forest","Tablelands","Warm Temperate Moist",69,72,136,"Warm Temperate Moist Forest on Tablelands","#454888",173,1890,17.4576923076924,78.3846153846154,8.35000000000002,9.35000000000002,1,8,8,0,0,1,1,0
180,"Rhinolophus ferrumequinum",44.80948,0.65988,2023-01-31,"gbif","Warm Temperate","Moist","Forest","Tablelands","Warm Temperate Moist",69,72,136,"Warm Temperate Moist Forest on Tablelands","#454888",119,1891,18.0730769230769,76.0769230769231,8.95000000000005,9.95000000000005,1,5,5,0,0,1,1,0
180,"Rhinolophus ferrumequinum",45.16947,0.64479,2023-01-23,"gbif","Warm Temperate","Moist","Forest","Tablelands","Warm Temperate Moist",69,72,136,"Warm Temperate Moist Forest on Tablelands","#454888",156,1892,17.4423076923077,80.5384615384615,8.45000000000005,9.45000000000005,1,8,8,0,0,0.928571428571429,0.928571428571429,0
180,"Rhinolophus ferrumequinum",45.17905,1.15382,2023-02-02,"gbif","Warm Temperate","Moist","Forest","Tablelands","Warm Temperate Moist",69,72,136,"Warm Temperate Moist Forest on Tablelands","#454888",231,1893,17.0038461538462,88.4615384615385,8.05000000000001,9.05000000000001,1,9,9,0,0,1,1,0
180,"Rhinolophus ferrumequinum",44.90684,1.03604,2022-07-04,"gbif","Warm Temperate","Moist","Forest","Tablelands","Warm Temperate Moist",69,72,136,"Warm Temperate Moist Forest on Tablelands","#454888",180,1894,17.6653846153847,77,8.65000000000003,9.65000000000003,1,8,8,0,0,1,1,0
180,"Rhinolophus ferrumequinum",43.610092,7.03409,2023-10-28,"gbif","Warm Temperate","Moist","Forest","Tablelands","Warm Temperate Moist",69,72,136,"Warm Temperate Moist Forest on Tablelands","#454888",156,1895,17.9038461538462,77,12.05,13.35,1.30000000000001,2,2,0,0,1,1,0
180,"Barbastella barbastellus",46.67746,0.599281,2025-01-18,"gbif","Warm Temperate","Moist","Forest","Tablelands","Warm Temperate Moist",69,72,136,"Warm Temperate Moist Forest on Tablelands","#454888",127,1896,16.873076923077,55.8461538461538,7.85000000000002,8.85000000000002,1,9,14,0,0,0.266666666666667,0.333333333333333,0.0666666666666667
180,"Rhinolophus ferrumequinum",44.90684,1.03604,2022-07-04,"gbif","Warm Temperate","Moist","Forest","Tablelands","Warm Temperate Moist",69,72,136,"Warm Temperate Moist Forest on Tablelands","#454888",180,1897,17.6653846153847,77,8.65000000000003,9.65000000000003,1,8,8,0,0,1,1,0
180,"Barbastella barbastellus",47.3220127153,0.1313252161,2025-07-02,"inat","Warm Temperate","Moist","Forest","Tablelands","Warm Temperate Moist",69,72,136,"Warm Temperate Moist Forest on Tablelands","#454888",110,1898,16.5269230769231,63.6153846153846,7.85000000000002,8.75000000000006,0.900000000000034,1,1,0,0,1,1,0
180,"Barbastella barbastellus",44.90684,1.03604,2022-02-10,"gbif","Warm Temperate","Moist","Forest","Tablelands","Warm Temperate Moist",69,72,136,"Warm Temperate Moist Forest on Tablelands","#454888",180,1899,17.6653846153847,77,8.65000000000003,9.65000000000003,1,8,8,0,0,1,1,0
180,"Rhinolophus ferrumequinum",44.80948,0.65988,2023-02-16,"gbif","Warm Temperate","Moist","Forest","Tablelands","Warm Temperate Moist",69,72,136,"Warm Temperate Moist Forest on Tablelands","#454888",119,1900,18.0730769230769,76.0769230769231,8.95000000000005,9.95000000000005,1,5,5,0,0,1,1,0
180,"Rhinolophus ferrumequinum",44.63453,0.91941,2022-06-27,"gbif","Warm Temperate","Moist","Forest","Tablelands","Warm Temperate Moist",69,72,136,"Warm Temperate Moist Forest on Tablelands","#454888",244,1901,17.5115384615385,78.3846153846154,8.45000000000005,9.45000000000005,1,8,8,0,0,1,1,0
180,"Rhinolophus ferrumequinum",44.80948,0.65988,2022-12-12,"gbif","Warm Temperate","Moist","Forest","Tablelands","Warm Temperate Moist",69,72,136,"Warm Temperate Moist Forest on Tablelands","#454888",119,1902,18.0730769230769,76.0769230769231,8.95000000000005,9.95000000000005,1,5,5,0,0,1,1,0
180,"Rhinolophus ferrumequinum",44.99902,1.15975,2022-07-26,"gbif","Warm Temperate","Moist","Forest","Tablelands","Warm Temperate Moist",69,72,136,"Warm Temperate Moist Forest on Tablelands","#454888",173,1903,17.4576923076924,78.3846153846154,8.35000000000002,9.35000000000002,1,8,8,0,0,1,1,0
180,"Rhinolophus ferrumequinum",44.10616,1.68837,2022-01-19,"gbif","Warm Temperate","Moist","Forest","Tablelands","Warm Temperate Moist",69,72,136,"Warm Temperate Moist Forest on Tablelands","#454888",287,1904,17.5423076923078,75.4615384615385,8.65000000000003,9.65000000000003,1,9,9,0,0,1,1,0
180,"Rhinolophus ferrumequinum",44.80948,0.65988,2023-02-16,"gbif","Warm Temperate","Moist","Forest","Tablelands","Warm Temperate Moist",69,72,136,"Warm Temperate Moist Forest on Tablelands","#454888",119,1905,18.0730769230769,76.0769230769231,8.95000000000005,9.95000000000005,1,5,5,0,0,1,1,0
180,"Rhinolophus ferrumequinum",44.90684,1.03604,2022-07-06,"gbif","Warm Temperate","Moist","Forest","Tablelands","Warm Temperate Moist",69,72,136,"Warm Temperate Moist Forest on Tablelands","#454888",180,1906,17.6653846153847,77,8.65000000000003,9.65000000000003,1,8,8,0,0,1,1,0
180,"Rhinolophus ferrumequinum",44.99454,0.90603,2022-06-13,"gbif","Warm Temperate","Moist","Forest","Tablelands","Warm Temperate Moist",69,72,136,"Warm Temperate Moist Forest on Tablelands","#454888",228,1907,17.2884615384615,84.6923076923077,8.35000000000002,9.35000000000002,1,8,8,0,0,1,1,0
180,"Barbastella barbastellus",44.90684,1.03604,2022-02-01,"gbif","Warm Temperate","Moist","Forest","Tablelands","Warm Temperate Moist",69,72,136,"Warm Temperate Moist Forest on Tablelands","#454888",180,1908,17.6653846153847,77,8.65000000000003,9.65000000000003,1,8,8,0,0,1,1,0
180,"Rhinolophus ferrumequinum",45.17905,1.15382,2023-02-02,"gbif","Warm Temperate","Moist","Forest","Tablelands","Warm Temperate Moist",69,72,136,"Warm Temperate Moist Forest on Tablelands","#454888",231,1909,17.0038461538462,88.4615384615385,8.05000000000001,9.05000000000001,1,9,9,0,0,1,1,0
180,"Rhinolophus ferrumequinum",45.05078,1.521123,2024-12-24,"gbif","Warm Temperate","Moist","Forest","Tablelands","Warm Temperate Moist",69,72,136,"Warm Temperate Moist Forest on Tablelands","#454888",317,1910,16.7038461538462,86.4615384615385,7.65000000000003,8.65000000000003,1,8,8,0,0,1,1,0
180,"Rhinolophus ferrumequinum",43.75188,3.68277,2022-01-20,"gbif","Warm Temperate","Moist","Forest","Tablelands","Warm Temperate Moist",69,72,136,"Warm Temperate Moist Forest on Tablelands","#454888",373,1911,17.1884615384616,46.3846153846154,8.35000000000002,9.55000000000001,1.19999999999999,8,8,0,0,1,1,0
180,"Rhinolophus ferrumequinum",44.80948,0.65988,2022-01-26,"gbif","Warm Temperate","Moist","Forest","Tablelands","Warm Temperate Moist",69,72,136,"Warm Temperate Moist Forest on Tablelands","#454888",119,1912,18.0730769230769,76.0769230769231,8.95000000000005,9.95000000000005,1,5,5,0,0,1,1,0
180,"Rhinolophus ferrumequinum",44.10616,1.68837,2022-01-19,"gbif","Warm Temperate","Moist","Forest","Tablelands","Warm Temperate Moist",69,72,136,"Warm Temperate Moist Forest on Tablelands","#454888",287,1913,17.5423076923078,75.4615384615385,8.65000000000003,9.65000000000003,1,9,9,0,0,1,1,0
180,"Rhinolophus ferrumequinum",44.63453,0.91941,2022-06-27,"gbif","Warm Temperate","Moist","Forest","Tablelands","Warm Temperate Moist",69,72,136,"Warm Temperate Moist Forest on Tablelands","#454888",244,1914,17.5115384615385,78.3846153846154,8.45000000000005,9.45000000000005,1,8,8,0,0,1,1,0
180,"Rhinolophus ferrumequinum",44.90684,1.03604,2023-01-26,"gbif","Warm Temperate","Moist","Forest","Tablelands","Warm Temperate Moist",69,72,136,"Warm Temperate Moist Forest on Tablelands","#454888",180,1915,17.6653846153847,77,8.65000000000003,9.65000000000003,1,8,8,0,0,1,1,0
180,"Rhinolophus ferrumequinum",44.90684,1.03604,2022-02-01,"gbif","Warm Temperate","Moist","Forest","Tablelands","Warm Temperate Moist",69,72,136,"Warm Temperate Moist Forest on Tablelands","#454888",180,1916,17.6653846153847,77,8.65000000000003,9.65000000000003,1,8,8,0,0,1,1,0
180,"Rhinolophus ferrumequinum",44.90684,1.03604,2022-08-03,"gbif","Warm Temperate","Moist","Forest","Tablelands","Warm Temperate Moist",69,72,136,"Warm Temperate Moist Forest on Tablelands","#454888",180,1917,17.6653846153847,77,8.65000000000003,9.65000000000003,1,8,8,0,0,1,1,0
180,"Rhinolophus ferrumequinum",44.0747,0.06553,2023-07-04,"gbif","Warm Temperate","Moist","Forest","Tablelands","Warm Temperate Moist",69,72,136,"Warm Temperate Moist Forest on Tablelands","#454888",136,1918,18.7346153846154,85.5384615384615,9.25000000000006,10.2500000000001,1,8,5,0,0,1,1,0
180,"Rhinolophus ferrumequinum",45.15075,-0.11836,2022-07-07,"gbif","Warm Temperate","Moist","Forest","Tablelands","Warm Temperate Moist",69,72,136,"Warm Temperate Moist Forest on Tablelands","#454888",76,1919,17.9115384615385,79.7692307692308,9.05000000000001,10.05,1,9,9,0,0,1,1,0
180,"Rhinolophus ferrumequinum",44.63453,0.91941,2022-10-12,"gbif","Warm Temperate","Moist","Forest","Tablelands","Warm Temperate Moist",69,72,136,"Warm Temperate Moist Forest on Tablelands","#454888",244,1920,17.5115384615385,78.3846153846154,8.45000000000005,9.45000000000005,1,8,8,0,0,1,1,0
180,"Rhinolophus ferrumequinum",44.10616,1.68837,2022-01-19,"gbif","Warm Temperate","Moist","Forest","Tablelands","Warm Temperate Moist",69,72,136,"Warm Temperate Moist Forest on Tablelands","#454888",287,1921,17.5423076923078,75.4615384615385,8.65000000000003,9.65000000000003,1,9,9,0,0,1,1,0
180,"Rhinolophus ferrumequinum",44.07797,0.19029,2023-01-09,"gbif","Warm Temperate","Moist","Forest","Tablelands","Warm Temperate Moist",69,72,136,"Warm Temperate Moist Forest on Tablelands","#454888",155,1922,18.6961538461539,83,9.25000000000006,10.2500000000001,1,8,4,0,0,1,1,0
180,"Barbastella barbastellus",44.89673,0.52951,2023-01-31,"gbif","Warm Temperate","Moist","Forest","Tablelands","Warm Temperate Moist",69,72,136,"Warm Temperate Moist Forest on Tablelands","#454888",112,1923,17.9884615384616,82.2307692307692,8.95000000000005,9.95000000000005,1,8,8,0,0,1,1,0
180,"Rhinolophus ferrumequinum",45.17905,1.15382,2022-02-02,"gbif","Warm Temperate","Moist","Forest","Tablelands","Warm Temperate Moist",69,72,136,"Warm Temperate Moist Forest on Tablelands","#454888",231,1924,17.0038461538462,88.4615384615385,8.05000000000001,9.05000000000001,1,9,9,0,0,1,1,0
180,"Rhinolophus ferrumequinum",44.90684,1.03604,2022-07-28,"gbif","Warm Temperate","Moist","Forest","Tablelands","Warm Temperate Moist",69,72,136,"Warm Temperate Moist Forest on Tablelands","#454888",180,1925,17.6653846153847,77,8.65000000000003,9.65000000000003,1,8,8,0,0,1,1,0
180,"Rhinolophus ferrumequinum",43.846546,3.873098,2024-04-02,"gbif","Warm Temperate","Moist","Forest","Tablelands","Warm Temperate Moist",69,72,136,"Warm Temperate Moist Forest on Tablelands","#454888",282,1926,18.173076923077,47,8.65000000000003,9.85000000000002,1.19999999999999,8,8,0,0,1,1,0
180,"Rhinolophus ferrumequinum",44.80948,0.65988,2022-12-12,"gbif","Warm Temperate","Moist","Forest","Tablelands","Warm Temperate Moist",69,72,136,"Warm Temperate Moist Forest on Tablelands","#454888",119,1927,18.0730769230769,76.0769230769231,8.95000000000005,9.95000000000005,1,5,5,0,0,1,1,0
180,"Rhinolophus ferrumequinum",44.80948,0.65988,2023-01-13,"gbif","Warm Temperate","Moist","Forest","Tablelands","Warm Temperate Moist",69,72,136,"Warm Temperate Moist Forest on Tablelands","#454888",119,1928,18.0730769230769,76.0769230769231,8.95000000000005,9.95000000000005,1,5,5,0,0,1,1,0
180,"Rhinolophus ferrumequinum",44.90684,1.03604,2023-02-04,"gbif","Warm Temperate","Moist","Forest","Tablelands","Warm Temperate Moist",69,72,136,"Warm Temperate Moist Forest on Tablelands","#454888",180,1929,17.6653846153847,77,8.65000000000003,9.65000000000003,1,8,8,0,0,1,1,0
180,"Rhinolophus ferrumequinum",44.54684,1.04857,2022-02-18,"gbif","Warm Temperate","Moist","Forest","Tablelands","Warm Temperate Moist",69,72,136,"Warm Temperate Moist Forest on Tablelands","#454888",230,1930,17.7038461538462,72,8.65000000000003,9.65000000000003,1,8,8,0,0,1,1,0
180,"Rhinolophus ferrumequinum",44.80948,0.65988,2022-12-12,"gbif","Warm Temperate","Moist","Forest","Tablelands","Warm Temperate Moist",69,72,136,"Warm Temperate Moist Forest on Tablelands","#454888",119,1931,18.0730769230769,76.0769230769231,8.95000000000005,9.95000000000005,1,5,5,0,0,1,1,0
180,"Rhinolophus ferrumequinum",44.99902,1.15975,2022-12-14,"gbif","Warm Temperate","Moist","Forest","Tablelands","Warm Temperate Moist",69,72,136,"Warm Temperate Moist Forest on Tablelands","#454888",173,1932,17.4576923076924,78.3846153846154,8.35000000000002,9.35000000000002,1,8,8,0,0,1,1,0
180,"Rhinolophus ferrumequinum",46.08326,1.38231,2022-06-02,"gbif","Warm Temperate","Moist","Forest","Tablelands","Warm Temperate Moist",69,72,136,"Warm Temperate Moist Forest on Tablelands","#454888",496,1933,15.0653846153846,90.0769230769231,6.55000000000001,7.55000000000001,1,9,9,0,0,1,1,0
180,"Rhinolophus ferrumequinum",44.90684,1.03604,2022-02-10,"gbif","Warm Temperate","Moist","Forest","Tablelands","Warm Temperate Moist",69,72,136,"Warm Temperate Moist Forest on Tablelands","#454888",180,1934,17.6653846153847,77,8.65000000000003,9.65000000000003,1,8,8,0,0,1,1,0
180,"Rhinolophus ferrumequinum",44.213432,4.424238,2024-04-18,"gbif","Warm Temperate","Moist","Forest","Tablelands","Warm Temperate Moist",69,72,136,"Warm Temperate Moist Forest on Tablelands","#454888",315,1935,18.1346153846154,60.1538461538462,8.75000000000006,10.05,1.29999999999995,2,2,0,0,1,1,0
180,"Rhinolophus ferrumequinum",44.07797,0.19029,2022-07-06,"gbif","Warm Temperate","Moist","Forest","Tablelands","Warm Temperate Moist",69,72,136,"Warm Temperate Moist Forest on Tablelands","#454888",155,1936,18.6961538461539,83,9.25000000000006,10.2500000000001,1,8,4,0,0,1,1,0
180,"Rhinolophus ferrumequinum",44.0747,0.06553,2022-07-04,"gbif","Warm Temperate","Moist","Forest","Tablelands","Warm Temperate Moist",69,72,136,"Warm Temperate Moist Forest on Tablelands","#454888",136,1937,18.7346153846154,85.5384615384615,9.25000000000006,10.2500000000001,1,8,5,0,0,1,1,0
180,"Rhinolophus ferrumequinum",45.25947,0.64099,2022-10-07,"gbif","Warm Temperate","Moist","Forest","Tablelands","Warm Temperate Moist",69,72,136,"Warm Temperate Moist Forest on Tablelands","#454888",219,1938,17.0961538461539,88.8461538461538,8.15000000000003,9.15000000000003,1,4,4,0,0,1,1,0
180,"Rhinolophus ferrumequinum",44.90684,1.03604,2022-08-13,"gbif","Warm Temperate","Moist","Forest","Tablelands","Warm Temperate Moist",69,72,136,"Warm Temperate Moist Forest on Tablelands","#454888",180,1939,17.6653846153847,77,8.65000000000003,9.65000000000003,1,8,8,0,0,1,1,0
180,"Rhinolophus ferrumequinum",44.54684,1.04857,2022-01-20,"gbif","Warm Temperate","Moist","Forest","Tablelands","Warm Temperate Moist",69,72,136,"Warm Temperate Moist Forest on Tablelands","#454888",230,1940,17.7038461538462,72,8.65000000000003,9.65000000000003,1,8,8,0,0,1,1,0
180,"Rhinolophus ferrumequinum",44.80948,0.65988,2022-01-26,"gbif","Warm Temperate","Moist","Forest","Tablelands","Warm Temperate Moist",69,72,136,"Warm Temperate Moist Forest on Tablelands","#454888",119,1941,18.0730769230769,76.0769230769231,8.95000000000005,9.95000000000005,1,5,5,0,0,1,1,0
180,"Rhinolophus ferrumequinum",44.63453,0.91941,2022-04-06,"gbif","Warm Temperate","Moist","Forest","Tablelands","Warm Temperate Moist",69,72,136,"Warm Temperate Moist Forest on Tablelands","#454888",244,1942,17.5115384615385,78.3846153846154,8.45000000000005,9.45000000000005,1,8,8,0,0,1,1,0
180,"Barbastella barbastellus",44.90684,1.03604,2022-02-03,"gbif","Warm Temperate","Moist","Forest","Tablelands","Warm Temperate Moist",69,72,136,"Warm Temperate Moist Forest on Tablelands","#454888",180,1943,17.6653846153847,77,8.65000000000003,9.65000000000003,1,8,8,0,0,1,1,0
180,"Rhinolophus ferrumequinum",44.63453,0.91941,2022-10-12,"gbif","Warm Temperate","Moist","Forest","Tablelands","Warm Temperate Moist",69,72,136,"Warm Temperate Moist Forest on Tablelands","#454888",244,1944,17.5115384615385,78.3846153846154,8.45000000000005,9.45000000000005,1,8,8,0,0,1,1,0
180,"Rhinolophus ferrumequinum",44.99902,1.15975,2022-02-08,"gbif","Warm Temperate","Moist","Forest","Tablelands","Warm Temperate Moist",69,72,136,"Warm Temperate Moist Forest on Tablelands","#454888",173,1945,17.4576923076924,78.3846153846154,8.35000000000002,9.35000000000002,1,8,8,0,0,1,1,0
180,"Rhinolophus ferrumequinum",44.80948,0.65988,2023-01-13,"gbif","Warm Temperate","Moist","Forest","Tablelands","Warm Temperate Moist",69,72,136,"Warm Temperate Moist Forest on Tablelands","#454888",119,1946,18.0730769230769,76.0769230769231,8.95000000000005,9.95000000000005,1,5,5,0,0,1,1,0
180,"Rhinolophus ferrumequinum",44.07797,0.19029,2022-10-17,"gbif","Warm Temperate","Moist","Forest","Tablelands","Warm Temperate Moist",69,72,136,"Warm Temperate Moist Forest on Tablelands","#454888",155,1947,18.6961538461539,83,9.25000000000006,10.2500000000001,1,8,4,0,0,1,1,0
180,"Rhinolophus ferrumequinum",44.99454,0.90603,2022-02-03,"gbif","Warm Temperate","Moist","Forest","Tablelands","Warm Temperate Moist",69,72,136,"Warm Temperate Moist Forest on Tablelands","#454888",228,1948,17.2884615384615,84.6923076923077,8.35000000000002,9.35000000000002,1,8,8,0,0,1,1,0
180,"Rhinolophus ferrumequinum",44.90684,1.03604,2022-02-03,"gbif","Warm Temperate","Moist","Forest","Tablelands","Warm Temperate Moist",69,72,136,"Warm Temperate Moist Forest on Tablelands","#454888",180,1949,17.6653846153847,77,8.65000000000003,9.65000000000003,1,8,8,0,0,1,1,0
180,"Rhinolophus ferrumequinum",43.75188,3.68277,2022-02-05,"gbif","Warm Temperate","Moist","Forest","Tablelands","Warm Temperate Moist",69,72,136,"Warm Temperate Moist Forest on Tablelands","#454888",373,1950,17.1884615384616,46.3846153846154,8.35000000000002,9.55000000000001,1.19999999999999,8,8,0,0,1,1,0
180,"Barbastella barbastellus",45.16947,0.64479,2023-01-23,"gbif","Warm Temperate","Moist","Forest","Tablelands","Warm Temperate Moist",69,72,136,"Warm Temperate Moist Forest on Tablelands","#454888",156,1951,17.4423076923077,80.5384615384615,8.45000000000005,9.45000000000005,1,8,8,0,0,0.928571428571429,0.928571428571429,0
180,"Rhinolophus ferrumequinum",44.90684,1.03604,2022-02-03,"gbif","Warm Temperate","Moist","Forest","Tablelands","Warm Temperate Moist",69,72,136,"Warm Temperate Moist Forest on Tablelands","#454888",180,1952,17.6653846153847,77,8.65000000000003,9.65000000000003,1,8,8,0,0,1,1,0
180,"Rhinolophus ferrumequinum",44.89673,0.52951,2023-06-29,"gbif","Warm Temperate","Moist","Forest","Tablelands","Warm Temperate Moist",69,72,136,"Warm Temperate Moist Forest on Tablelands","#454888",112,1953,17.9884615384616,82.2307692307692,8.95000000000005,9.95000000000005,1,8,8,0,0,1,1,0
180,"Rhinolophus ferrumequinum",44.90684,1.03604,2022-02-01,"gbif","Warm Temperate","Moist","Forest","Tablelands","Warm Temperate Moist",69,72,136,"Warm Temperate Moist Forest on Tablelands","#454888",180,1954,17.6653846153847,77,8.65000000000003,9.65000000000003,1,8,8,0,0,1,1,0
180,"Rhinolophus ferrumequinum",44.90684,1.03604,2022-02-01,"gbif","Warm Temperate","Moist","Forest","Tablelands","Warm Temperate Moist",69,72,136,"Warm Temperate Moist Forest on Tablelands","#454888",180,1955,17.6653846153847,77,8.65000000000003,9.65000000000003,1,8,8,0,0,1,1,0
180,"Rhinolophus ferrumequinum",44.07797,0.19029,2022-05-18,"gbif","Warm Temperate","Moist","Forest","Tablelands","Warm Temperate Moist",69,72,136,"Warm Temperate Moist Forest on Tablelands","#454888",155,1956,18.6961538461539,83,9.25000000000006,10.2500000000001,1,8,4,0,0,1,1,0
180,"Rhinolophus ferrumequinum",44.54684,1.04857,2022-08-18,"gbif","Warm Temperate","Moist","Forest","Tablelands","Warm Temperate Moist",69,72,136,"Warm Temperate Moist Forest on Tablelands","#454888",230,1957,17.7038461538462,72,8.65000000000003,9.65000000000003,1,8,8,0,0,1,1,0
180,"Rhinolophus ferrumequinum",44.07797,0.19029,2022-07-06,"gbif","Warm Temperate","Moist","Forest","Tablelands","Warm Temperate Moist",69,72,136,"Warm Temperate Moist Forest on Tablelands","#454888",155,1958,18.6961538461539,83,9.25000000000006,10.2500000000001,1,8,4,0,0,1,1,0
180,"Rhinolophus ferrumequinum",44.64618,1.6758,2022-01-04,"gbif","Warm Temperate","Moist","Forest","Tablelands","Warm Temperate Moist",69,72,136,"Warm Temperate Moist Forest on Tablelands","#454888",390,1959,16.4038461538462,74.6153846153846,7.65000000000003,8.75000000000006,1.10000000000002,9,9,0,0,1,1,0
184,"Rhinolophus ferrumequinum",43.12411,2.81581,2022-10-03,"gbif","Warm Temperate","Dry","Cropland","Mountains","Warm Temperate Dry",141,179,80,"Warm Temperate Dry Cropland on Mountains","#8DB350",67,1960,19.1807692307693,47.3076923076923,10.7500000000001,11.85,1.09999999999997,9,9,0,0,0.928571428571429,1,0.0714285714285714
187,"Rhinolophus ferrumequinum",43.21405,2.81553,2022-05-18,"gbif","Warm Temperate","Dry","Cropland","Plains","Warm Temperate Dry",155,228,99,"Warm Temperate Dry Cropland on Plains","#9BE463",36,1961,19.1423076923077,47.3076923076923,10.65,11.7500000000001,1.10000000000002,10,10,0,0,0.266666666666667,0.2,-0.0666666666666667
187,"Rhinolophus ferrumequinum",43.21405,2.81553,2022-06-21,"gbif","Warm Temperate","Dry","Cropland","Plains","Warm Temperate Dry",155,228,99,"Warm Temperate Dry Cropland on Plains","#9BE463",36,1962,19.1423076923077,47.3076923076923,10.65,11.7500000000001,1.10000000000002,10,10,0,0,0.266666666666667,0.2,-0.0666666666666667
187,"Rhinolophus ferrumequinum",43.21405,2.81553,2022-05-17,"gbif","Warm Temperate","Dry","Cropland","Plains","Warm Temperate Dry",155,228,99,"Warm Temperate Dry Cropland on Plains","#9BE463",36,1963,19.1423076923077,47.3076923076923,10.65,11.7500000000001,1.10000000000002,10,10,0,0,0.266666666666667,0.2,-0.0666666666666667
187,"Rhinolophus ferrumequinum",43.21405,2.81553,2022-06-22,"gbif","Warm Temperate","Dry","Cropland","Plains","Warm Temperate Dry",155,228,99,"Warm Temperate Dry Cropland on Plains","#9BE463",36,1964,19.1423076923077,47.3076923076923,10.65,11.7500000000001,1.10000000000002,10,10,0,0,0.266666666666667,0.2,-0.0666666666666667
187,"Rhinolophus ferrumequinum",43.21405,2.81553,2022-05-17,"gbif","Warm Temperate","Dry","Cropland","Plains","Warm Temperate Dry",155,228,99,"Warm Temperate Dry Cropland on Plains","#9BE463",36,1965,19.1423076923077,47.3076923076923,10.65,11.7500000000001,1.10000000000002,10,10,0,0,0.266666666666667,0.2,-0.0666666666666667
187,"Rhinolophus ferrumequinum",43.21405,2.81553,2022-09-06,"gbif","Warm Temperate","Dry","Cropland","Plains","Warm Temperate Dry",155,228,99,"Warm Temperate Dry Cropland on Plains","#9BE463",36,1966,19.1423076923077,47.3076923076923,10.65,11.7500000000001,1.10000000000002,10,10,0,0,0.266666666666667,0.2,-0.0666666666666667
187,"Rhinolophus ferrumequinum",43.21405,2.81553,2022-05-18,"gbif","Warm Temperate","Dry","Cropland","Plains","Warm Temperate Dry",155,228,99,"Warm Temperate Dry Cropland on Plains","#9BE463",36,1967,19.1423076923077,47.3076923076923,10.65,11.7500000000001,1.10000000000002,10,10,0,0,0.266666666666667,0.2,-0.0666666666666667
187,"Rhinolophus ferrumequinum",43.21405,2.81553,2022-05-18,"gbif","Warm Temperate","Dry","Cropland","Plains","Warm Temperate Dry",155,228,99,"Warm Temperate Dry Cropland on Plains","#9BE463",36,1968,19.1423076923077,47.3076923076923,10.65,11.7500000000001,1.10000000000002,10,10,0,0,0.266666666666667,0.2,-0.0666666666666667
187,"Rhinolophus ferrumequinum",43.258125,3.274028,2022-08-20,"gbif","Warm Temperate","Dry","Cropland","Plains","Warm Temperate Dry",155,228,99,"Warm Temperate Dry Cropland on Plains","#9BE463",18,1969,17.7961538461539,38.6153846153846,12.05,13.2500000000001,1.20000000000005,10,10,0,0,0.142857142857143,0.0714285714285714,-0.0714285714285714
187,"Rhinolophus ferrumequinum",43.21405,2.81553,2022-05-17,"gbif","Warm Temperate","Dry","Cropland","Plains","Warm Temperate Dry",155,228,99,"Warm Temperate Dry Cropland on Plains","#9BE463",36,1970,19.1423076923077,47.3076923076923,10.65,11.7500000000001,1.10000000000002,10,10,0,0,0.266666666666667,0.2,-0.0666666666666667
187,"Rhinolophus ferrumequinum",43.21405,2.81553,2022-05-20,"gbif","Warm Temperate","Dry","Cropland","Plains","Warm Temperate Dry",155,228,99,"Warm Temperate Dry Cropland on Plains","#9BE463",36,1971,19.1423076923077,47.3076923076923,10.65,11.7500000000001,1.10000000000002,10,10,0,0,0.266666666666667,0.2,-0.0666666666666667
187,"Rhinolophus ferrumequinum",43.21405,2.81553,2022-05-20,"gbif","Warm Temperate","Dry","Cropland","Plains","Warm Temperate Dry",155,228,99,"Warm Temperate Dry Cropland on Plains","#9BE463",36,1972,19.1423076923077,47.3076923076923,10.65,11.7500000000001,1.10000000000002,10,10,0,0,0.266666666666667,0.2,-0.0666666666666667
188,"Rhinolophus ferrumequinum",43.617647,5.008627,2022-08-20,"gbif","Warm Temperate","Dry","Settlement","Plains","Warm Temperate Dry",189,190,72,"Warm Temperate Dry Settlement on Plains","#BDBE48",60,1973,20.2269230769231,36.2307692307692,10.45,11.85,1.39999999999998,14,9,0,0,0.428571428571429,0.5,0.0714285714285715
190,"Rhinolophus ferrumequinum",43.401791,3.126626,2024-02-03,"gbif","Warm Temperate","Dry","Cropland","Hills","Warm Temperate Dry",153,217,128,"Warm Temperate Dry Cropland on Hills","#99D980",35,1974,18.7884615384616,41,10.85,12.05,1.19999999999999,13,13,0,0,0.266666666666667,0.533333333333333,0.266666666666667
190,"Rhinolophus ferrumequinum",43.55487,5.04148,2022-01-21,"gbif","Warm Temperate","Dry","Cropland","Hills","Warm Temperate Dry",153,217,128,"Warm Temperate Dry Cropland on Hills","#99D980",66,1975,20.3269230769231,35.5384615384615,10.7500000000001,12.15,1.39999999999998,9,9,0,0,0.571428571428571,0.571428571428571,0
190,"Rhinolophus ferrumequinum",43.55487,5.04148,2022-01-21,"gbif","Warm Temperate","Dry","Cropland","Hills","Warm Temperate Dry",153,217,128,"Warm Temperate Dry Cropland on Hills","#99D980",66,1976,20.3269230769231,35.5384615384615,10.7500000000001,12.15,1.39999999999998,9,9,0,0,0.571428571428571,0.571428571428571,0
190,"Rhinolophus ferrumequinum",43.244902,2.820594,2024-02-22,"gbif","Warm Temperate","Dry","Cropland","Hills","Warm Temperate Dry",153,217,128,"Warm Temperate Dry Cropland on Hills","#99D980",24,1977,19.1192307692308,47.6153846153846,10.65,11.7500000000001,1.10000000000002,9,9,0,0,0.642857142857143,1,0.357142857142857
190,"Rhinolophus ferrumequinum",43.275068,2.872747,2025-01-03,"gbif","Warm Temperate","Dry","Cropland","Hills","Warm Temperate Dry",153,217,128,"Warm Temperate Dry Cropland on Hills","#99D980",51,1978,18.9884615384616,47.6153846153846,10.55,11.65,1.10000000000002,8,9,0,0,0.875,0.75,-0.125
190,"Rhinolophus ferrumequinum",43.55487,5.04148,2022-05-31,"gbif","Warm Temperate","Dry","Cropland","Hills","Warm Temperate Dry",153,217,128,"Warm Temperate Dry Cropland on Hills","#99D980",66,1979,20.3269230769231,35.5384615384615,10.7500000000001,12.15,1.39999999999998,9,9,0,0,0.571428571428571,0.571428571428571,0
190,"Rhinolophus ferrumequinum",43.37323,3.273822,2025-07-06,"gbif","Warm Temperate","Dry","Cropland","Hills","Warm Temperate Dry",153,217,128,"Warm Temperate Dry Cropland on Hills","#99D980",43,1980,18.2038461538462,38.9230769230769,11.35,12.55,1.19999999999999,9,12,0,0,0.4,0.0666666666666667,-0.333333333333333
190,"Rhinolophus ferrumequinum",43.353389,3.356837,2024-08-08,"gbif","Warm Temperate","Dry","Cropland","Hills","Warm Temperate Dry",153,217,128,"Warm Temperate Dry Cropland on Hills","#99D980",23,1981,18.0269230769231,36.0769230769231,11.7500000000001,12.95,1.19999999999999,12,12,0,0,0.466666666666667,0.266666666666667,-0.2
190,"Rhinolophus ferrumequinum",43.55487,5.04148,2022-01-21,"gbif","Warm Temperate","Dry","Cropland","Hills","Warm Temperate Dry",153,217,128,"Warm Temperate Dry Cropland on Hills","#99D980",66,1982,20.3269230769231,35.5384615384615,10.7500000000001,12.15,1.39999999999998,9,9,0,0,0.571428571428571,0.571428571428571,0
190,"Rhinolophus ferrumequinum",43.55487,5.04148,2022-04-12,"gbif","Warm Temperate","Dry","Cropland","Hills","Warm Temperate Dry",153,217,128,"Warm Temperate Dry Cropland on Hills","#99D980",66,1983,20.3269230769231,35.5384615384615,10.7500000000001,12.15,1.39999999999998,9,9,0,0,0.571428571428571,0.571428571428571,0
